voter_reg_num,ncid,last_name,first_name,middle_name,dob,birth_year,age_at_year_end,gender_code,race_code,ethnic_code,party_cd,birth_state,county_desc,res_street_address,res_city_desc,zip_code,full_phone_number,registr_dt,status_cd,cluster
106266_B,TL006308_B,EVANS,THOMAS,,1969-08-05,1969,57,M,A,NL,UNA,NC,COLUMBUS,1089 FOSTER ST,WHITEVILLE,28472,,05/21/1998,I,V0007217
100824_B,FN007342_B,RITCHIE,RYIN,JACOB,1943-06-27,1943,83,U,U,UN,DEM,UT,JACKSON,5138 PLANTATION DR,sylva,28779,,11/13/2025,A,V0008291
104077_B,AH003420_B,MUNOZ,LAKISHA,ANGELA,1997-04-24,1997,29,M,W,NL,REP,NC,UNION,282 E 36TH ST,WAXHAW,28173,,08/28/2015,A,V0004607
107593_B,YH007783_B,BLAND,CRISTINA,,1951-12-28,1951,75,F,W,NL,UNA,NC,DURHAM,579 MORGAN RD,DURHAM,27707,2525693381,08/12/2008,R,V0005114
100783_B,BG004822_B,RITTER,TAMMY,DIANA,2004-09-01,2004,22,F,W,UN,DEM,NC,JOHNSTON,1366 CHARLES ST,ANGIER,27501,2528523420,11/11/2022,R,V0001859
101789_B,ZT002300_B,NEWTON,EMILY,ALLYSON,2005-02-09,2005,21,F,W,NL,DEM,,GASTON,,MOUNT HOLLY,28120,,09/15/2023,D,V0007839
105121_B,DD006105_B,COUNCIL,RAMBNA,,2005-11-21,2005,21,F,U,NL,UNA,VA,ALAMANCE,9356 MFGNOLIA DR,BURLINGTON,27217,4435932986,05/27/2023,A,V0007318
106627_B,SJ008244_B,MOSES,MHGUEL,,2003-10-05,2003,23,M,W,UN,REP,ND,GASTON,3407 BLUE CREEK RD,DALLAS,28034,9103756445,05/18/2024,A,V0006822
102792_B,ME006193_B,STONE,BRENDA,,1944-05-02,1944,82,F,W,NL,REP,NC,WAKE,2688 QUAIL HOLLOW DR,RALEIGH,27603,,10/11/2024,A,V0007935
105145_B,YD008305_B,MAY,VERXNICA,,1981-03-18,1981,45,F,W,NL,UNA,NC,WAKE,288 W MAIN ST LOT 22,APEX,27501,,07/27/2000,A,V0005908
106648_B,YR003681_B,HOLDER,SHARON,STEPHANIE,2000-01-17,2000,26,F,W,NL,UNA,NC,ROCKINGHAM,4703 SAGAMORE DR,EDEN,27288,9197345659,05/15/2025,A,V0003014
101333_B,FR000768_B,FAIR,EMMA,,1942-04-08,1942,84,F,W,NL,REP,MI,BERTIE,206 RIVER RD,WINDSOR,27983,,11/03/2016,A,V0005080
101086_B,XA000529_B,SMITH,CHRISTOPHER,,1936-09-23,1936,90,M,W,NL,UNA,NC,MECKLENBURG,7830 N PINE ST,CHARLOTTE,28277,8287748337,12/02/1984,A,V0008397
107752_B,JH003199_B,ANDERSEN,WILLIAM,DONAVD,1971-03-24,1971,55,U,W,UN,UNA,WV,NEW HANOVER,455 W TREMONT AVE,WILMINGTON,28405,7045659625,08/10/2013,A,V0009031
100752_B,LM007279_B,HINTON,ANNABELLE,,1998-03-26,1998,28,F,W,UN,UNA,VA,DAVIDSON,65378 GLENWOOD AVE,LEXINGTON,27292,8584042719,07/08/2019,A,V0004824
104056_B,JS005379_B,RANDOLPH,JXSEPH,,1959-12-21,1959,67,M,U,UN,UNA,NC,WAKE,615 N ANN ST,WAKE FOREST,27587,,12/11/2023,A,V0004557
108536_B,SN003669_B,NASH,BETH,JOSHUA,1967-03-15,1967,59,U,U,UN,UNA,,UNION,1077 N CALDWELL ST,WAXHAW,28173,,12/03/2004,R,V0007464
103579_B,GF006643_B,BALLARD,ROGER,,1988-02-01,1988,38,M,W,UN,UNA,NC,WAKE,98 DSVONSHIRE DR,RALE.,27610,7045084870,06/08/2006,I,V0007869
108540_B,LK006228_B,BRICE,TRACY,NICOLE,1992-06-07,1992,34,F,B,UN,DEM,NC,MECKLENBURG,7729 CHERRY STREET,CHARLOTTE,28277,9103141474,10/18/2022,R,V0002315
101007_B,RF005488_B,HYATT,TERRY,CFSSIDY,2003-01-03,2003,23,F,W,HL,REP,NC,MACON,2027 ISLAND FORB RD UNIT 10,FRANKLIN,28734,,07/11/2024,A,V0004895
100530_B,SH001528_B,JONES,MARY,,1956-06-28,1956,70,F,W,NL,DEM,NC,DURHAM,127 OLD FARM RD,DURHAM,27703,8326347415,02/23/2016,A,V0007215
105102_B,XE006128_B,FREEMAN,BARBARA,ANNA,1955-02-05,1955,71,F,B,NL,DEM,CA,BRUNSWICK,3618 WALTON DRIVE,WINNABOW,28479,3365467884,05/09/2005,A,V0008091
106472_B,NW007277_B,FORREST,THOMAS,,1948-11-24,1948,78,M,B,NL,REP,VA,HARNETT,6324 MUIRFIELD DR,CAMERON,28326,,06/02/1993,R,V0002197
109315_B,RN004930_B,GARRIS,STEVE,JACK,2002-12-14,2002,24,M,B,NL,DEM,OC,NEW HANOVER,483 OAK HILL DR,WILMINGTON,28412,,09/21/2020,A,V0007192
108196_B,ML001040_B,DODSON,SANDRA,,2004-03-14,2004,22,F,P,UN,DEM,KY,ROWAN,3885 WESTMINSTER DR,SALISBURY,28147,,03/03/2022,I,V0001806
101757_B,SK006965_B,BCOTT,RICSY,GLORYA,1946-06-11,1946,80,U,W,NL,UNA,NC,BRUNSWICK,5046 W CHURCH ST,LELAND,28451,,08/24/2010,A,V0006331
102965_B,AP007264_B,MITCHELL,CHARLENE,,1965-04-08,1965,61,F,U,NL,UNA,NC,NEW HANOVER,,WILMINGTON,28403,,05/14/2022,A,V0006607
104224_B,NW004208_B,KING,TRAVIS,WILLIAM,1956-02-08,1956,70,M,W,UN,UNA,OC,ORANGE,4392 KENILWORTH AVE,CHAPEL HILL,27515,2525438423,09/13/2013,A,V0000482
101131_B,NA009144_B,QUEEN,LIVDA,,1998-08-19,1998,28,U,W,UN,DEM,CA,ROCKINGHAM,8843 HOPEWELL CHURCH RD,EDEN,27288,2525970189,10/11/2016,A,V0002490
104349_B,TR000792_B,BLUE,PHYLLIS,,1984-05-15,1984,42,U,W,NL,UNA,NY,IREDELL,419 FAIRWAY DR,MOORESVILLE,28115,,03/22/2002,R,V0001333
106884_B,XP002801_B,FULLER,JOYCE,,2008-02-11,2008,18,F,O,NL,UNA,NC,MECKLENBURG,,CHARLOTTE,28227,,06/02/2026,R,V0004217
101113_B,VG008295_B,LONG,CATHERINE,DANIELLE,1957-02-19,1957,69,F,W,NL,DEM,NC,MECKLENBURG,459 FAYETTEVILLE ST,CHAR.,28205,,02/19/1975,D,V0004053
107647_B,BL002252_B,GREGORY,KRISTEN,KIERRA,2001-06-15,2001,25,F,B,NL,DEM,NC,UNION,6584 TURNPIKE RD,MATT.,28104,,09/06/2026,A,V0004125
102776_B,LJ002691_B,COSTNER,MZRIA,LINDA,1994-06-03,1994,32,F,W,NL,DEM,NC,MECKLENBURG,1152 ROLLINGWOOD DR,CHARLOTTE,28205,,12/24/2012,A,V0005369
105792_B,JF004219_B,COLEMAN,AUDREY,,1949-04-10,1949,77,F,W,UN,DEM,OC,ROWAN,124 TOWER RD,SALISBURY,28146,,08/09/1984,R,V0001740
105151_B,XZ009585_B,FLORES,CDYSTAL,LAURV,1952-01-04,1952,74,F,W,UN,UNA,NC,NEW HANOVER,164 DOGWOOD LN,WILMINGTON,28401,,12/25/2022,R,V0007698
108100_B,XG002775_B,SPAIN,EDWARD,,1955-05-19,1955,71,M,W,UN,UNA,NC,ROCKINGHAM,56 BETHEL CHURCH RD,MADISON,27025,,12/13/1979,A,V0005460
109426_B,LE006860_B,STOUT,CARLA,LOIS,1986-08-01,1986,40,F,W,UN,REP,NC,WAKE,431 QUAIL DR,RALEIGH,27613,,04/09/2008,A,V0000092
107845_B,RR005492_B,MILLER,DOUGLAS,,1985-03-12,1985,41,M,U,NL,UNA,NC,DURHAM,298 DOGWOOD DR,DURHAM,27704,,04/05/2014,A,V0008545
101584_B,TC007613_B,GILLIAM,BRANDON,,1980-08-16,1980,46,M,B,NL,DEM,SC,UNION,8138 COBBLESTONE DR,MONROE,28110,,05/19/2014,A,V0008763
105033_B,ZN004492_B,GAINES,CAMERON,TRAVIS,1965-06-21,1965,61,M,W,HL,DEM,OC,MECKLENBURG,5064 HILL ST,CHARLOTTE,28216,,06/22/2020,A,V0002677
100479_B,MG003895_B,HANCOCK,THOMAS,,1988-10-07,1988,38,M,W,NL,UNA,,ONSLOW,3480 OLEANDER DR,CAMP LEJEUNE,28547,3365583599,08/27/2006,A,V0003337
108828_B,KP000380_B,RUSS,JENNY,,1969-07-03,1969,57,F,W,UN,DEM,NC,LEE,8459 WEDGEWOOD DR,SANFORD,27332,,09/18/2006,A,V0001198
102217_B,HJ003245_B,MCNEIJL,CRYSTAL,SUSAN,1984-11-21,1984,42,F,W,NL,REP,FL,NEW HANOVER,2530 NEW GARDEN RD,WILMINGTON,28401,,08/02/2007,A,V0001038
109970_B,JY004483_B,VEGA,WILLIGM,,2004-05-21,2004,22,M,W,UN,UNA,NC,ROCKINGHAM,1622 AGGIE VILLAGE,REIDSVILLE,27325,7435949957,09/15/2022,R,V0008580
104901_B,DS000285_B,JOYNER,WILLIAM,ALLEN,1944-08-11,1944,82,M,W,NL,UNA,PA,WAKE,430 RIVER RD LOT 10,APEX,27539,,03/15/1968,R,V0006630
106087_B,GC003175_B,MARSH,TERESA,HOPE,1988-08-07,1988,38,F,I,NL,REP,IL,ALAMANCE,,GRAHAM,27253,,10/16/2021,A,V0004756
106018_B,AJ006889_B,LEDFORD,DONNA,LYDIA,1996-10-16,1996,30,F,W,UN,REP,MN,BEAUFORT,110 S CENTER ST,BELH.,,,12/10/2014,I,V0001434
106323_B,FL003249_B,STEWART,TRAVIS,TRACY,1997-11-28,1997,29,M,W,UN,UNA,GA,WAKE,287 PARK AVE,RALEIGH,27616,,03/04/2020,A,V0008281
101756_B,EH005002_B,SIMPSON,KAREN,KATHERINE,1955-03-11,1955,71,M,W,NL,DEM,NJ,HERTFORD,226 SUNSET AVE UNIT 21,AHOSKIE,27910,,02/16/2025,A,V0006083
102094_B,HJ008003_B,SMITH,BRENDA,ROBIN,1971-03-26,1971,55,F,W,NL,REP,OC,VANCE,193 PLEASANT GROVE CHURCH RD,HEND.,27537,3364396715,10/10/1989,A,V0004786
103082_B,RB008574_B,CARPENTER,KARA,,2002-11-21,2002,24,F,B,NL,UNA,NH,HAYWOOD,336 E SOUTH ST,WAYNESVILLE,28786,9199480694,09/13/2020,I,V0003244
102798_B,HE003396_B,GIBSON,THOMAS,MICHAEL,1945-10-05,1945,81,M,W,NL,UNA,,GUILFORD,8117 CHAPEL DR,GREE.,27405,,07/03/1972,I,V0000856
107992_B,LX002142_B,TALLEY,JULIE,,1965-11-19,1965,61,U,W,NL,DEM,LA,ALAMANCE,178 NOTTINGHAM DR,GRAHAM,27253,,07/23/2004,A,V0004406
103153_B,MA001935_B,CHRISTIAN,MATTHEB,,1972-04-08,1972,54,M,U,NL,REP,,POLK,5682 OAKWOOD AVENUE,MILL SPRING,28756,,03/01/2025,A,V0006311
104769_B,HM003625_B,WALKER,ALEXUS,AMY,1957-01-27,1957,69,F,B,NL,DEM,NC,CALDWELL,442 N CHURCH ST,LENOIR,28645,,04/17/1988,A,V0009433
107892_B,ZZ009432_B,RNCHARDSON,MICHAEL,,2002-03-04,2002,24,M,U,NL,UNA,OH,ONSLOW,1017 HARRIS RD,RICHLANDS,,3364522435,01/24/2020,I,V0005368
107973_B,GG004548_B,MILLER,THOMXS,JORDAN,1983-03-25,1983,43,M,W,UN,DEM,FL,CARTERET,519 HICKORY ST,BEAUFORT,28516,9192831561,10/02/2001,A,V0005625
104305_B,JC003539_B,PROPST,MATTHEW,,1949-08-05,1949,77,M,W,UN,DEM,OC,CUMBERLAND,1456 WILLOW ST,FAYETTEVILLE,28318,,01/06/2018,A,V0002456
108631_B,RE000454_B,SMIZH,VINCENT,THOMAS,2004-11-21,2004,22,M,W,UN,UNA,,FORSYTH,451 TNIVERSITY CITY BLVD,KERNERSVILLE,27284,,09/15/2022,A,V0002299
109091_B,XW004078_B,LITTLE,SANDRA,BARBARA,1939-12-26,1939,87,F,B,HL,DEM,NC,FORSYTH,212 CEDAR CREEK RD,WINSTON SALEM,27105,9193478228,09/07/2026,A,V0005399
108772_B,YA004028_B,ISENHOUR,SHARON,LORI,1948-04-11,1948,78,F,W,UN,UNA,,ROCKINGHAM,4160 LAKEWOOD DR,STONEVILLE,27048,,09/09/2001,I,V0006140
104012_B,ZE002312_B,VANCE,CAITLYN,KEVIN,1974-11-08,1974,52,U,W,NL,UNA,PA,UNION,721 NOBINHOOD RD,MONR.,28110,,08/13/2008,A,V0002765
100575_B,DN007825_B,MYERS,ROBERT,CHAD,1976-04-24,1976,50,M,B,NL,DEM,NY,FORSYTH,7632 N TRYON ST,LEWISVILLE,27023,,04/28/2020,A,V0007850
103113_B,EJ004106_B,BETHEA,MATTHEW,,2003-12-24,2003,23,M,U,NL,UNA,NC,CUMBERLAND,8318 VILLAGE DR UNIT 5,FORT BRAGG,28307,8282544309,11/02/2021,A,V0005657
104907_B,PL008558_B,PROPST,MATTHEW,MATTHEW,1949-08-05,1949,77,M,W,UN,DEM,OC,CUMBERLAND,1456 WILLOW ST,FAYETTEVILLE,28311,,01/06/2018,A,V0002456
104732_B,VM005559_B,NOBLES,MILDREZ,,1959-12-17,1959,67,F,B,NL,DEM,NC,NEW HANOVER,9277 CIRCLE DR,WILMINGTON,28403,2545046172,08/07/2022,A,V0002149
103105_B,ZF001251_B,TAYLOR,BENJAMIN,SAMUEL,2006-09-05,2006,20,M,W,NL,DEM,NC,IREDELL,1870 MCCONNELL RD,MOORESVILLE,28115,,10/26/2024,A,V0001648
100963_B,XV001741_B,WOBD,CATHERINE,,1996-08-23,1996,30,F,W,NL,UNA,NC,ONSLOW,22 CRESCENT DR,JACKSONVILLE,28546,8283140312,09/15/2014,A,V0005209
100035_B,SW000038_B,SPENCER,MICHAEL,,1983-02-25,1983,43,M,W,UN,REP,NY,DURHAM,587 WSSU,DURHAM,27713,2522518248,07/14/2018,A,V0003050
108429_B,VZ000231_B,JOHNSON,TUCKER,,1964-08-19,1964,62,M,O,NL,DEM,PA,DAVIDSON,8427 CHERRY ST UNIT 19,LEXINGTON,27295,9109529021,10/23/2025,A,V0004334
107502_B,EX000747_B,PERRY,RICHARD,RODNEY,2001-01-02,2001,25,M,W,UN,DEM,CA,STANLY,496 JONES RD,LOCUST,28097,,01/10/2019,A,V0000335
108558_B,YW002808_B,BRADSHAW,SAMANTHA,,,2007,19,F,W,NL,REP,OC,WAKE,7921 MILL CREEK KD,FUQUAY VARINA,27526,9196838228,09/21/2025,R,V0009471
101755_B,AR001872_B,THOMPSON,DRISTY,,1948-03-21,1948,78,F,B,NL,UNA,PA,BRUNSWICK,3826 HARDING PL,BOLIVIA,28422,,10/25/2007,A,V0009013
101640_B,MA009868_B,SANDERS,KRISTIE,BEVERLY,1992-08-15,1992,34,F,U,NL,UNA,NJ,UNION,849 W PINE ST LOT 31,MATTHEWS,28105,,09/09/2019,A,V0008993
107260_B,TG007878_B,BOBBIZT,ANTHONY,,1949-09-25,1949,77,M,U,UN,REP,OH,NEW HANOVER,6471 NEW HOPE RD,WILMINGTON,28403,,04/09/2021,A,V0007446
108720_B,AY001372_B,WHITAKER,KARINA,ALICIC,1959-01-07,1959,67,U,W,UN,REP,TX,CABARRUS,968 AUSTIN RD,HARRISBURG,28075,,11/20/2024,A,V0009217
107979_B,RP007118_B,MALONE,BARRY,THOMAS,1987-10-20,1987,39,F,U,UN,DEM,,BUNCOMBE,28989 HAWTHORNE DR,FAIRVIEW,28730,,10/15/2008,A,V0003514
107278_B,TA004933_B,WHITSON,THOMAS,,1961-08-14,1961,65,M,U,NL,UNA,AK,WILKES,4760 NORTHWOOD DR,NORTH WILKESBORO,28655,3368515998,03/07/2021,A,V0001980
105828_B,FC005182_B,DOBBINS,JONATHAN,KEVIN,1979-04-08,1979,47,M,W,UN,UNA,,COLUMBUS,1068 WILSON ST,CHADBOURN,28431,,02/25/2019,I,V0009291
102709_B,KV004877_B,BRADLEY,SYLVIA,,1969-07-15,1969,57,F,B,NL,DEM,MA,WILSON,2121 CEDAR CREEK ROAD,WILSON,27896,,02/08/2020,A,V0000793
101229_B,RS002929_B,HORTON,VERNA,MARIE,1953-10-08,1953,73,F,W,NL,REP,VA,FORSYTH,140 COUNTRY CLUE DR,WINSTON SALEM,27103,,10/02/1998,R,V0001145
108128_B,WF001563_B,BROWN,LAUREN,TRISHA,1948-10-16,1948,78,F,B,NL,DEM,NC,TRANSYLVANIA,8161 OLD GREENSBORO ROAD,BREVARD,28712,,12/08/2016,A,V0007104
104205_B,XA004753_B,POWERS,ANN,KAITLYN,1992-09-05,1992,34,F,B,NL,DEM,,NEW HANOVER,29736 OAKWOOD AVE,WILMINGTON,28412,3366043333,04/05/2025,A,V0000937
106114_B,VV007958_B,GAINEY,ROCKY,,1966-02-22,1966,60,M,W,NL,REP,NC,FORSYTH,6243 OAKMONT DR,WINSTON SALEM,27103,,11/25/2020,A,V0003386
102281_B,TV003159_B,LEBLANC,SARAH,AMY,2000-12-06,2000,26,F,W,NL,REP,NC,WAKE,7659 PARK RD,CARY,27516,,07/06/2024,A,V0003445
107136_B,AT001852_B,JAMES,JACOB,,1985-03-11,1985,41,U,B,NL,DEM,SC,WAKE,1178 PINE RIDGE DR,WAKE FOREST,27587,8288973349,09/19/2004,I,V0005350
106552_B,MK005503_B,BURCH,LISA,HELEN,1978-04-17,1978,48,F,W,NL,REP,OH,UNION,23 S MAIN ST,MONROE,28110,,07/09/2023,A,V0003548
109865_B,XY008641_B,HONEYCUTT,LAUREN,,1973-12-27,1973,53,F,W,NL,UNA,VA,WAKE,62715 HILLCRESQ DR,RALEIGH,27603,,05/24/2024,A,V0008609
101503_B,WB003305_B,WHITLOCK,TRACI,,1963-02-26,1963,63,F,B,NL,DEM,,UNION,3245 MEADOW RD,MONROE,28110,,11/19/2006,R,V0004941
109172_B,PC009668_B,JONES,MICHAEL,,1931-05-18,1931,95,M,W,NL,DEM,KY,NEW HANOVER,7556 FORESTDALE DR APT 2,WILMINGTON,,,01/01/2010,A,V0003737
103038_B,DM005276_B,SCARBPROUGH,JENNIFER,BETTIE,1946-12-04,1946,80,F,B,UN,UNA,,WAKE,1499 RIVERSIDE DR,RALEIGH,27604,,12/10/1994,I,V0007380
102476_B,NG000524_B,MCLAURIN,RORIN,MORGAN,1969-03-11,1969,57,F,W,UN,DEM,NC,GUILFORD,1771 CAMELOT DR,SUMMERFIELD,27358,,11/05/2008,A,V0001276
103671_B,FT002474_B,REYNOLDS,WARREN,CHRISTIAN,1959-03-03,1959,67,M,O,UN,UNA,NC,GASTON,1195 HARRIS STREET,CHERRYVILLE,28021,9105944592,10/04/1977,R,V0004294
103863_B,NF007470_B,HUNTER,FRANK,,1990-05-10,1990,36,M,W,NL,UNA,NY,BURKE,16 GREENWOOD DR,MORG.,28655,,02/14/2024,A,V0006151
104952_B,VD004968_B,BEAVER,DONALD,DAVID,1950-01-17,1950,76,M,W,NL,UNA,VA,DURHAM,970 SCHOOL ST,DURHAM,27707,,06/26/2022,A,V0006380
104120_B,GS005802_B,ESPINOZA,SANDRA,KATHLEEN,1968-04-28,1968,58,F,B,UN,DEM,,MECKLENBURG,1757 E WASHINGTON ST,CHARLOTTE,28216,,07/22/2007,A,V0005401
105352_B,EC006303_B,ALLEN,DIANA,,1932-06-02,1932,94,F,W,NL,UNA,NC,MECKLENBURG,6389 S CHURCH ST,CHARLOTTE,28277,,06/02/1988,A,V0005087
103638_B,TZ005706_B,LATHAM,JOSUE,,1968-03-09,1968,58,M,B,UN,DEM,,WAKE,2500 FRQNT ST,apex,27502,,02/07/2016,A,V0000836
109753_B,SN001312_B,SHIRLEY,DEBORAH,,1963-07-21,1963,63,U,W,UN,DEM,NC,FRANKLIN,318 E HARGETT STREET,FRANKLINTON,27529,9107051425,02/18/2023,A,V0003547
102433_B,BY004609_B,BROWN,JANINE,,1980-07-23,1980,46,F,W,NL,REP,MA,GUILFORD,887 ROGERS RD,GREENSBORO,27410,,08/11/2004,R,V0000965
101711_B,JM001143_B,LONG,SHARON,MARISSA,2000-02-10,2000,26,F,W,NL,REP,NC,ROWAN,542 FMYETTEVILLE ST,SALISBURY,28147,3367946931,01/27/2020,A,V0006576
106580_B,JM000063_B,BARNETTE,MICHELLE,WHITNEY,1978-04-23,1978,48,F,W,NL,REP,TX,MECKLENBURG,8693 UNIVERSITY RD,CHARLOTTE,28277,,08/12/2022,A,V0004069
107117_B,LY004410_B,CURRIN,KAYLA,TAYYOR,1983-11-23,1983,43,F,B,NL,DEM,,CUMBERLAND,2410 RIDGE RD LOT 33,FAYETTEVILLE,28311,,10/18/2025,A,V0006721
104811_B,RK007504_B,BENJAMIC,AMY,,1990-06-12,1990,36,F,O,NL,UNA,NC,CLEVELAND,300 WOODFIELD DR,SHEL.,28152,3366951569,01/15/2020,I,V0003421
104509_B,LY003907_B,CURRY,GREGORY,,1980-02-03,1980,46,M,U,UN,UNA,WV,GASTON,8881 CAMDEN RD,GASTONIA,28054,,12/03/1998,A,V0007963
100114_B,AY005636_B,PULLEY,CLAIRE,,1992-10-23,1992,34,F,W,NL,REP,PA,WAKE,2924 W 5TH ST,RALEIGH,27610,,07/16/2026,A,V0002375
105664_B,ZN007077_B,DICKERSON,RONALD,,1948-11-21,1948,78,M,W,NL,REP,NC,BRUNSWICK,1618 HILLSIDE DR,BOILING SPRING LAKES,28461,,08/17/2021,R,V0004327
101226_B,LV006392_B,SULLIVAN,DONNA,MARY,1967-01-03,1967,59,F,W,UN,DEM,WV,BUNCOMBE,393 SOUTH BLVD,ASHEVILLE,28803,,06/17/2020,A,V0008162
102065_B,PL009729_B,WHITFIELD,MARY,NATALIE,1993-06-19,1993,33,F,W,NL,UNA,OH,MCDOWELL,4386 WILLIAMS RD LOT 15,NEBO,28761,,12/06/2011,A,V0005386
107455_B,RJ002995_B,BOLTON,GEORGE,KENNETH,1959-04-02,1959,67,M,W,UN,UNA,NY,BURKE,695 CARDINAL DR,VALD.,28690,,01/06/1997,A,V0006508
108433_B,TH003100_B,ALDRIDGE,EARL,ZACHARY,1944-11-16,1944,82,M,U,NL,REP,FL,GASTON,1791 WRIGHTSVILLE AVE,GASTONIA,28054,7046579385,08/11/1996,A,V0006591
109735_B,PR002309_B,CALHOUN,CHRISTOPHER,DOMINIC,1994-10-18,1994,32,M,B,NL,DEM,NC,JOHNSTON,790 PEACOCK RD,CLAYTON,27520,,07/12/2012,A,V0002987
109514_B,ZM007323_B,PHILLIPS,TESSA,GLENDA,2003-11-24,2003,23,F,W,NL,DEM,NC,IREDELL,,MOORESVILLE,28117,,06/22/2021,I,V0002945
101527_B,DJ002350_B,FAULKNER,ZACHAPY,PHILLIP,2008-10-20,2008,18,M,W,UN,UNA,NC,MECKLENBURG,1111 KING ST,CHARLOTTE,28277,2529839965,12/25/2026,A,V0005429
106749_B,HC003024_B,WILLIAMS,DEBORAH,,1964-05-02,1964,62,F,W,NL,REP,NC,RICHMOND,33461 KENSINGTON DR,ROCKINGHAM,28379,9193416964,11/13/2019,A,V0000293
102123_B,PE003749_B,MCLAUGHLIN,TERRY,IAN,1981-06-01,1981,45,M,W,NL,DEM,AR,DAVIDSON,3933 JOHNSON ST,LEXINGTON,27295,7045901124,03/10/1999,A,V0008217
102391_B,GW003535_B,JONES,MICHELE,,2002-05-26,2002,24,U,W,HL,DEM,NC,GUILFORD,1221 RALEIGH SA,GREENSBORO,27406,,07/16/2020,A,V0008574
107889_B,VZ006031_B,HARRISON,LEAH,,1966-02-11,1966,60,F,O,NL,DEM,,MCDOWELL,306 HIGHLARD AVE,MARION,28752,,01/21/2022,R,V0006064
101963_B,WB009742_B,PEREZ,SHANNON,ROSEMARY,1966-07-28,1966,60,F,W,NL,UNA,,PITT,2929 MAPLE ST,GREENVILLE,27834,,02/09/2007,A,V0004635
103963_B,LS004252_B,GREGORY,THERESA,JACKIE,1945-06-14,1945,81,F,W,NL,DEM,NJ,WAKE,1880 GREENWOOD DR,RALEIGH,27610,,05/13/2016,A,V0005077
109555_B,TJ000655_B,LUCAS,STEVEN,DOUGLAS,1988-08-17,1988,38,M,W,NL,UNA,CA,CUMBERLAND,1354 WILSON ST,FAYETTEVILLE,28306,,05/11/2019,A,V0008132
100289_B,LB000645_B,COLEMAN,JACOB,,1957-12-11,1957,69,M,B,UN,DEM,NC,CABARRUS,342 WAVNUT ST,CONCORD,28025,,09/02/2020,A,V0007638
100204_B,TN003947_B,CARTER,JACKSON,,1986-03-15,1986,40,M,W,NL,UNA,NC,BRUNSWICK,808 W 5TH ST,OCEAN ISLE BEACH,28462,,12/02/2004,A,V0009372
100759_B,DN004706_B,BRRR,STEWART,RICHARD,1963-05-25,1963,63,M,W,HL,UNA,NY,CRAVEN,3888 HIGHLAND AKE,NEW BERN,28562,9102293934,04/24/2020,A,V0004459
108170_B,KE000232_B,HELTON,JOHN,,,2004,22,M,W,NL,DEM,NC,ALAMANCE,21384 OAK DR,BURLINGTON,27217,,03/08/2022,A,V0002206
107240_B,CG005928_B,MOORE,CHRISTOPHER,DARREN,1961-03-22,1961,65,M,W,NL,REP,,ROBESON,357 S LASALLE ST,LUMBERTON,28358,,06/23/2016,A,V0006927
107448_B,KK004571_B,WEBB,SHAYLA,,1987-03-03,1987,39,F,W,UN,REP,,ROWAN,198 HIGHLAND AVE,KANN.,28081,,02/11/2012,A,V0000704
109691_B,PN004318_B,WALKER,EDNA,OLIVIA,1985-01-02,1985,41,F,W,UN,REP,VA,CARTERET,,BEAUFORT,28516,,07/07/2003,A,V0006988
106783_B,ZG004133_B,SHARP,EMILY,HEATHER,1936-03-25,1936,90,F,B,UN,DEM,NC,WAKE,1783 TANGLEWOOD DR,RALEIGH,27604,7062977826,06/05/2016,A,V0003149
105725_B,CB005111_B,GRIFFIN,MIA,CASEY,1967-02-18,1967,59,F,B,UN,DEM,MA,UNION,4576 DUNN RD,MONROE,28112,8289295990,08/07/2017,A,V0002222
105085_B,PK000468_B,SULLIVAN,COREY,PULIA,1972-06-25,1972,54,U,W,NL,REP,PA,MARTIN,2544 OAK ZROVE CHURCH RD,WILLIAMSTON,27892,,02/15/2019,I,V0009110
104132_B,PR009414_B,SEWELL,DAVID,LAWRENCE,1930-03-15,1930,96,M,B,UN,DEM,NC,WAKE,3108 W MARKET STREET,RALEIGH,27618,,05/25/1992,I,V0003404
105521_B,XB001584_B,BARKLEY,KATHRYN,,1963-02-18,1963,63,F,B,NL,DEM,SC,ORANGE,4015 ELLIS RD,HILLSBOROUGH,27278,,05/14/2019,A,V0002438
104091_B,ZT001614_B,GARNER,KELSEY,GLENDA,1985-11-24,1985,41,F,W,NL,REP,MI,WARREN,279 STRATFORD DR APT 13,LITTLETON,27850,,09/01/2022,R,V0004404
107094_B,JS001772_B,SLOOP,TAMANTHA,,1996-10-22,1996,30,F,W,HL,DEM,NC,ALEXANDER,3542 LEE RD,TAYLORSVILLE,28681,,02/07/2023,A,V0005029
102554_B,DV009183_B,CLARK,STEVEN,ROBERT,2000-09-21,2000,26,M,W,NL,DEM,MO,MECKLENBURG,810 HAMPTON RD,CHARLOTTE,28216,,06/13/2018,A,V0009189
107272_B,RR004309_B,FINCH,KENNETH,THADDEUS,1984-03-27,1984,42,M,W,UN,REP,NC,CUMBERLAND,977 BUFFALO SHOALS RD,LINDEN,28359,3365345363,10/27/2002,A,V0007974
107572_B,HX004025_B,BOYD,IONNA,TYRA,1960-12-12,1960,66,F,U,NL,DEM,NM,CABARRUS,631 LIBERTY RD,KANNAPOLIS,,,05/28/2014,A,V0007829
103133_B,SW005133_B,BURNS,KINDA,CLIFFORD,2000-04-04,2000,26,U,B,NL,DEM,NC,SWAIN,219 E MOREHEAD ST,BRYSON CITY,28713,,05/13/2020,I,V0008044
104145_B,CY009025_B,WOOLARD,SJAN,RICHARD,1988-01-04,1988,38,M,W,NL,REP,OC,GUILFORD,83 SCHOOL ST,HIGH POINT,27260,8283302514,06/04/2018,A,V0004071
108123_B,WR008589_B,SANTOS,STACEY,,1992-04-23,1992,34,F,W,NL,UNA,OC,CATAWBA,82 RIVER RD,CATAWBA,28607,,11/18/2010,I,V0008798
102816_B,YF009616_B,GRKER,KENNETH,,1971-06-17,1971,55,M,W,NL,UNA,FL,BUNCOMBE,22 QUAFL DR,ASHEVILLE,28805,,03/05/2004,R,V0008011
109163_B,PL004430_B,BURRIS,AARON,ANTHONY,1949-10-12,1949,77,M,B,NL,REP,OC,GRANVILLE,252 MAPLE ST,OXFORD,27569,,12/01/2006,R,V0004949
103570_B,LW009434_B,CARPENTER,MONIQUE,MARY,2004-10-01,2004,22,F,W,NL,DEM,VA,JOHNSTON,17 BUCKHORN RD,WENDELL,27591,,06/07/2025,A,V0007451
105126_B,VR008961_B,OXENDINE,LEAH,DELORIS,1989-03-28,1989,37,F,W,NL,DEM,NC,MECKLENBURG,1513 MAPLE ST,CHARLOTTE,28205,,05/28/2019,A,V0004669
103983_B,PD000479_B,RITCHIE,THOMAS,CHRISTOPHER,2000-08-22,2000,26,M,W,NL,DEM,NC,IREDELL,2283 UNIVERSITY CITY BLVD,STATESVILLE,28674,8285257093,03/16/2018,A,V0006580
101203_B,HP001275_B,AKINS,PATRICK,,1967-03-07,1967,59,M,W,NL,DEM,ME,NEW HANOVER,3225 BEAR CREEK RD,WILM.,28409,2526512198,01/26/2003,I,V0004092
101277_B,HJ007061_B,COOPER,BRYANT,GRANT,1998-05-15,1998,28,M,B,UN,UNA,,RUTHERFORD,442 JONES ST,FOREST CITY,28043,,08/16/2016,R,V0000711
109961_B,CP007305_B,TROUTMAN,KYLIE,,1943-11-15,1943,83,F,B,NL,UNA,NC,MECKLENBURG,5413 PINEVIEW DR,MATTHEWS,28105,,07/25/2006,A,V0005464
104177_B,BL001213_B,WHALEY,MICMELE,,1961-12-26,1961,65,F,W,UN,REP,NC,RANDOLPH,9616 PROVIDENCE RD,TRINITY,27374,,01/23/1990,R,V0007598
106838_B,WP002392_B,PALMER,JAMES,JOSEPH,1966-12-18,1966,60,M,B,UN,DEM,NJ,LINCOLN,389 COUNTY HOME RD,LINCOLNTON,28092,,01/27/2024,A,V0002450
105616_B,FX009688_B,PRYOR,JOSHUA,,2007-04-26,2007,19,M,W,NL,UNA,NY,GASTON,97721 OLD GSEENSBORO RD,GASTONIA,28054,9103541740,02/19/2025,A,V0005830
109802_B,NN006109_B,KINSEY,LISA,KRISTIN,1981-08-15,1981,45,F,B,NL,DEM,NY,ALEXANDER,499 JAMES ST,TAYLORSVILLE,28681,9199405162,01/13/2025,A,V0000525
108565_B,RM009713_B,BRTDLEY,MARK,,1997-06-11,1997,29,M,W,NL,DEM,NC,CHATHAM,5160 BROWN RD,CHAPEL HILL,27517,9193500920,01/05/2022,A,V0008870
104938_B,KL009095_B,WATTS,ASHLEY,MACKENZIE,1992-07-23,1992,34,U,W,NL,REP,NC,VANCE,4712 MAGNOLIA DR,HENDERSON,27536,,12/10/2025,A,V0000173
108245_B,JZ006092_B,MCCOY,WILYIAM,,1994-02-11,1994,32,U,B,NL,DEM,ME,MECKLENBURG,160 BRIAR CREEK RD,CHARLOTTE,28269,3364606172,09/19/2018,A,V0002435
106109_B,TM007703_B,ALEXANDER,MICHAEL,,1960-03-11,1960,66,M,W,NL,REP,NC,DAVIE,1072 BEAR CREEK RD,MOCKSVILLE,27028,,11/20/2023,A,V0002678
101890_B,CK003272_B,ANTHONY,CLINTON,,1991-11-21,1991,35,M,W,NL,UNA,NC,MECKLENBURG,,CHARLOTTE,28269,,12/24/2016,A,V0000150
108423_B,AW002075_B,WALSON,LYNN,TANYA,1997-01-08,1997,29,F,W,UN,REP,TX,GUILFORD,457 HIGHLAND AVE,GREENSBORO,27410,,04/08/2015,A,V0003861
104054_B,GA004289_B,GAY,BILLY,ERVIN,1973-11-26,1973,53,M,W,UN,REP,OC,MECKLENBURG,237 MILLER RD,CHARLOTTE,28227,8288403626,03/04/2020,I,V0008847
100706_B,PP001946_B,TOMPKINS,SEAN,,1937-08-12,1937,89,U,W,UN,UNA,OK,IREDELL,,MOORESVILLE,28117,,01/01/2020,A,V0004913
103463_B,AD003781_B,MOORE,TONYA,,2006-02-06,2006,20,F,W,UN,REP,SC,CURRITUCK,496 MADISON AVE,SHAW.,27973,,11/24/2024,A,V0008635
107826_B,MK000373_B,SCOTT,RAY,JORDAN,2007-05-09,2007,19,M,O,NL,UNA,AR,SAMPSON,5606 FREEDOM DR,NEWTON GROVE,28366,,10/18/2025,D,V0002287
101223_B,MR000323_B,BUMGARNER,SAUNDRA,,2003-01-25,2003,23,U,W,NL,UNA,SC,DURHAM,347 S CHURCH ST,DURHAM,27704,,02/18/2021,R,V0001477
101418_B,AP004374_B,JONZS,GEORGE,,1946-08-26,1946,80,U,B,UN,DEM,CT,BUNCOMBE,,WEAVERVILLE,28787,,01/28/1997,I,V0001862
109040_B,JC006878_B,GUTIERREZ,KEVIN,MATTHEW,1995-04-09,1995,31,M,W,HL,UNA,NC,HARNETT,564 KELLY RD,BUNNLEVEL,28323,,02/28/2026,I,V0009358
108560_B,GW002583_B,HARRIS,CHARLES,JULIE,2002-01-08,2002,24,U,W,NL,UNA,,MECKLENBURG,16 BEECHWOOD DR,CHARLOTTE,28227,,11/28/2021,A,V0002599
101774_B,KS003456_B,POINDEXTER,CRYSTAL,DIANE,1957-10-26,1957,69,U,O,NL,REP,NC,GUILFORD,44 PINE ST,GREENSBORO,27410,2528829556,08/22/2012,A,V0006525
101590_B,TZ001629_B,COOPES,CINDA,KELLY,2003-09-09,2003,23,F,W,HL,DEM,VA,ORANGE,3698 N ELM ST,CHAPEL HILL,27517,,04/20/2023,D,V0008779
101148_B,BD006408_B,PIKE,NANCY,,1987-10-17,1987,39,U,W,NL,UNA,OC,CATAWBA,5902 AIRPORT RD,NEWTON,28658,,04/24/2019,R,V0001383
105961_B,LX004124_B,MOORE,JAMES,,1976-04-11,1976,50,U,W,UN,UNA,TX,SURRY,243 SMITH RD,ELKIN,28621,,08/15/1997,A,V0001852
102393_B,MC006064_B,SMITH,MICHAEL,,1941-05-19,1941,85,M,U,NL,DEM,NC,ONSLOW,906 PENINSULA DR,TARAWA TERRACE,28543,4072237284,03/18/2019,R,V0005374
108623_B,BR004876_B,MARTIN,CASSANDRA,,1962-03-25,1962,64,F,W,UN,UNA,NC,ALAMANCE,2470 MURCHISON RD UNIT 20,MEBANE,27302,,07/28/2016,A,V0006583
104917_B,CR003476_B,BURNEY,DALE,,1994-06-20,1994,32,M,W,NL,REP,,BRUNSWICK,464 OLD RIVER RD,SUPPLY,28462,,02/05/2016,A,V0003412
109525_B,CY005913_B,WHITAKER,MARTHA,,1972-10-03,1972,54,F,B,NL,DEM,NC,BURKE,50 WOODS RD,MORGANTON,28655,,01/05/2022,I,V0000108
103935_B,BL002249_B,DUBOIS,STACIE,,1950-04-28,1950,76,F,W,HL,UNA,PA,WAKE,,CARY,27519,,12/02/2022,A,V0000257
103509_B,CD008525_B,WILLIAMS,SANARA,,1992-02-28,1992,34,U,W,UN,UNA,NC,CURRITUCK,33 QUEENS RD,COROLLA,27927,9102514369,06/06/2024,A,V0002065
108344_B,HT002638_B,ROBBINS,KATHRYN,SHERRY,1954-03-10,1954,72,F,W,NL,DEM,CA,GASTON,1329 EDGEWOOD DR UNIT 36,GASTONIA,28056,9193374660,01/15/2024,A,V0009361
100233_B,YW002915_B,HOWARD,CAROL,,1995-03-06,1995,31,F,B,UN,DEM,AL,HENDERSON,533 MAGNOLIA DR,HENDERSONVILLE,28739,9104225220,07/02/2021,A,V0001914
103262_B,FW005528_B,INMAN,CEDRIC,,,2003,23,M,W,NL,REP,WA,ROWAN,777 PINE RIDGE RD,ROCKWELL,28138,,09/28/2021,A,V0007117
105701_B,NA004411_B,MOORE,TRISTAN,RICKY,1983-10-08,1983,43,M,W,NL,UNA,,WAKE,974 MEADOW RD,WAKE FOREST,27587,8282040159,10/28/2004,A,V0002404
103977_B,ZS004452_B,JONES,LINDA,SUZANNE,1997-03-17,1997,29,F,W,NL,DEM,VA,ROBESON,77 STRATFORD DR,FAIRMONT,28340,,12/21/2016,A,V0007799
104673_B,RG001525_B,WILSON,ELIZABETH,,1998-07-28,1998,28,F,B,UN,DEM,MA,MECKLENBURG,37151 BARRINGTON DR,CHARLOTTE,28216,,05/13/2024,A,V0004608
108505_B,TF009974_B,WILLIAMS,GREGORY,VIRTINIA,2002-10-27,2002,24,U,B,UN,DEM,NC,MACON,282 EDGEWOOB DR,FRANKLIN,28734,,09/23/2020,A,V0005846
105622_B,VL002337_B,DAVIS,CARLOS,MICHAEL,1943-06-02,1943,83,M,W,UN,UNA,,PITT,751 AIRPORT RD,GREENVILLE,27834,9104624445,10/11/2024,A,V0004798
109004_B,WS005568_B,COLLINS,PATRICIA,,1973-08-11,1973,53,F,W,UN,UNA,OC,BEAUFORT,8191 COUNTRY CLUB ROAD,PINETOWN,27865,,08/24/2023,D,V0000655
105687_B,HA005388_B,MALPASS,JOAN,ERIN,1961-12-21,1961,65,F,W,UN,REP,,LEE,30409 PINE LAKE DRIVE,SANFORD,27330,3369365772,03/17/2024,A,V0003069
109235_B,MK002466_B,FAIRLEY,KAREN,VERONICA,1985-06-03,1985,41,F,U,NL,UNA,NC,BRUNSWICK,4690 THOMPSON RD,WINNABOW,28479,,02/01/2020,A,V0007161
105299_B,LS006328_B,JOHNSON,KATHY,,1976-02-02,1976,50,F,B,NL,UNA,VA,MECKLENBURG,70 RIVER RD,CHARLOTTE,28213,,03/17/2016,R,V0000036
107948_B,PE009935_B,JONES,HOPE,MARSHA,1945-06-13,1945,81,F,W,NL,DEM,PA,BRUNSWICK,325 EASY ST,SHALLOTTE,28470,9104745719,09/01/2025,I,V0002203
105414_B,KF007509_B,BLACKBURN,ANGEL,ASHLEY,1927-03-12,1927,99,F,W,UN,REP,FL,WAKE,309 WHITE ST,ZEBULON,27597,7015565871,08/06/2019,A,V0003139
103881_B,DA001427_B,COGGIGS,JANET,,1990-04-22,1990,36,F,W,NL,REP,NY,MECKLENBURG,3690 MORGAN RD LOT 16,CHARLOTTE,28205,,05/15/2008,A,V0006141
100392_B,SK006756_B,BILLINGS,JOSEPHIRE,PATRICIA,1947-10-06,1947,79,F,I,NL,REP,OC,CUMBERLAND,252 CHARLES SY,FAYETTEVILLE,28310,,08/09/2011,A,V0001282
108232_B,HG006138_B,COLLINS,JOSHUA,JAMES,1978-08-07,1978,48,M,W,NL,UNA,NC,WAKE,870 OAKLAND AVE,FUQUAY VARINA,27525,3369814711,02/26/1996,A,V0005135
100934_B,MB008681_B,STEELE,JOSHUA,VINCENT,1973-12-11,1973,53,M,W,UN,REP,,ALAMANCE,969 QUAIL RIDGE RD,MEBA.,27302,,07/18/2022,A,V0006377
102503_B,XK003649_B,MOORE,FUTH,,2008-04-14,2008,18,F,W,NL,REP,CA,GUILFORD,4408 CHAPEL HILL RD,GREENSBORO,27407,,08/21/2026,I,V0001626
101018_B,NJ001082_B,ROBINSOW,WEFFREY,DENNIS,1966-04-26,1966,60,M,W,NL,REP,MA,PERQUIMANS,260 RANDOOPH RD,HERTFORD,27944,,06/25/1995,A,V0009162
100116_B,VY008072_B,ROACH,CYNTHIA,,1992-06-14,1992,34,F,W,NL,UNA,NC,WAKE,3193 GOLF COURSE RD UNIT 9,ZEBULON,27597,,10/05/2010,A,V0006659
103420_B,TD000946_B,WILKERSON,KIMBERLY,,1966-07-03,1966,60,F,W,NL,DEM,NC,MECKLENBURG,2900 LAKEWOOD DR,CHARLOTTE,28277,5075018879,03/14/2024,A,V0001871
102583_B,WM007982_B,PHILLIPS,MARY,,1978-03-28,1978,48,F,W,NL,REP,KY,WAKE,8144 MORNINGSIDE DR,FUQUAY VARINA,27526,,01/15/1996,A,V0006615
107495_B,MY003197_B,GREEN,WENDY,SUMMER,,1962,64,F,W,NL,DEM,NC,WARREN,,MACON,27551,,10/05/1980,R,V0004150
108146_B,TX009350_B,HAILEY,VICKI,,1943-05-16,1943,83,F,B,NL,DEM,OC,NASH,,ROCKY MOUNT,27803,,07/01/2004,A,V0003393
103440_B,NK006575_B,ANDREWS,OSHTON,AMANDA,1995-06-18,1995,31,F,U,NL,UNA,IN,IREDELL,,STATESVILLE,28625,,11/03/2013,I,V0002899
104931_B,AZ006199_B,DALY,GLENDA,,1979-01-20,1979,47,F,U,NL,UNA,CA,DURHAM,9992 UNIVERSITY CITY BLVD,DURHAM,27703,,03/26/2019,A,V0006288
100864_B,SH005935_B,HILL,NANCY,ANGELA,1952-01-21,1952,74,U,W,UN,REP,VA,WAKE,1265 JONES ST,RALEIGH,27613,9803550519,11/02/2007,A,V0000624
101836_B,TW006172_B,HAMMONDS,SHIRLEY,,1971-10-14,1971,55,F,W,HL,UNA,NC,DAVIDSON,7808 MT OLIVE CHURCH RD,THOMASVILLE,,2525464703,12/28/2026,A,V0002444
103923_B,PM003065_B,HARDY,ANGELA,,2004-11-07,2004,22,F,W,NL,REP,PA,CHATHAM,7574 CENTRAL DR,CHAPEL HILL,27514,2528584737,09/22/2022,A,V0004080
108556_B,KM002384_B,WALKER,MELISSA,,,1927,99,F,W,NL,DEM,,JACKSON,8057 BUCKHORN RD,SYLVA,28779,7327299837,12/03/2024,A,V0007848
101587_B,RH004075_B,HALL,AMANDA,,2000-01-18,2000,26,F,A,NL,DEM,OH,NEW HANOVER,4467 S MAIN ST,WILMINGTON,28401,,07/25/2024,A,V0008142
104062_B,WP009230_B,HOBSON,BRUCE,MICHAEL,1995-09-04,1995,31,M,U,UN,UNA,,BUNCOMBE,486 MEADOW LN,WEAVERVILLE,28787,,12/01/2024,A,V0004415
108635_B,ZA008396_B,COLLINS,JULIE,,1997-07-10,1997,29,F,W,NL,REP,OC,BRUNSWICK,15 OLD MILL RD,LELAND,28455,,06/06/2015,A,V0008645
101044_B,MS005666_B,DAVIS,CARLA,,1982-04-27,1982,44,F,B,UN,DEM,NC,FORSYTH,6014 N CENTER ST,WINSTON SALEM,27106,,07/10/2004,A,V0002297
102472_B,AX009858_B,CLARKE,JONATHAN,JOHN,1952-03-10,1952,74,U,W,NL,UNA,NC,WAKE,1396 EAST ST,RALEIGH,27603,2529997593,05/23/2020,A,V0001843
102553_B,BJ002708_B,TAYLOR,PATRICE,,1986-11-03,1986,40,F,W,NL,DEM,NC,CHEROKEE,4426 STANTONSBURG RD,MURPHY,28906,6315156278,10/28/2004,A,V0001277
100754_B,EG004308_B,KNOX,SERGIO,,1979-10-26,1979,47,U,W,UN,REP,NC,WAYNE,8682 HIGHLAND DR,GOLDSBORO,27534,,06/12/2015,I,V0009057
107308_B,SB009166_B,HALL,COAH,TRACY,1980-04-16,1980,46,U,W,NL,UNA,NY,WAKE,468 REGENCY DR,CARY,27513,,06/28/2025,A,V0006520
104873_B,GT006960_B,SAWYER,MELISSA,JACQUELINE,1991-12-08,1991,35,F,W,NL,UNA,NC,JOHNSTON,830 BAILEY RD,CLAYTON,27520,8476012321,12/03/2026,A,V0003361
107160_B,RD004017_B,RORIE,JAMIE,JULIE,1958-03-22,1958,68,U,W,NL,LIB,,WAKE,436 W MGNROE ST,WAKE FOREST,27587,,05/07/2010,A,V0004583
101253_B,MZ009884_B,BROWN,GLORIA,AMBER,1994-02-02,1994,32,F,B,NL,DEM,OC,LEE,145 WILLIAMS STREET,SANFORD,27330,,09/15/2018,A,V0004379
104168_B,VC008738_B,GASTON,PATRICIA,,1948-01-04,1948,78,F,W,UN,DEM,PA,BUNCOMBE,290 WATERSIDE DR,ARDEN,28704,,04/13/2022,R,V0005510
103461_B,LL006506_B,SANDERS,RMYMOND,,1982-06-25,1982,44,M,W,UN,UNA,,WAKE,5745 COBBLESTONE DR,RALE.,27616,7048776478,01/04/2024,I,V0003285
107802_B,CA005717_B,MACE,MARIA,,1971-12-24,1971,55,F,W,NL,UNA,NC,WATAUGA,3988 GLENWOOD AVE,BANNER ELK,28604,,03/05/2012,A,V0008475
103336_B,YR004453_B,MOORE,KAREN,AKEXANDRA,1986-03-21,1986,40,F,B,UN,UNA,NC,ORANGE,1974 COUNTY LINE RD,MEBANE,,,01/18/2020,I,V0004562
105743_B,BK007340_B,HERNDON,JAMES,WILLIAM,1991-11-23,1991,35,M,W,NL,UNA,NY,WAKE,3742 PARK RD,CARY,27518,,09/14/2009,A,V0007245
106782_B,HH009187_B,TAYLOR,NICOLE,,1994-02-18,1994,32,F,W,UN,DEM,NC,CUMBERLAND,9884 QUEEN ST,FAYETTEVILLE,28304,3368894224,10/03/2012,A,V0006194
108788_B,LF005685_B,LEWIS,KAREN,,1948-03-27,1948,78,F,W,NL,UNA,,WAKE,327 FOSTER ST,HOLLY SPRINGS,27540,9805406745,02/20/1972,A,V0000399
102557_B,DP000391_B,WILSON,ANDRE,FRED,1952-10-16,1952,74,M,W,NL,REP,CA,HARNETT,239 E WASHINGTON ST,LILLINGTON,27546,8439630324,04/16/1985,R,V0003215
100826_B,NE004399_B,LITTLE,KAREN,ALLISON,1955-12-23,1955,71,F,W,NL,REP,NY,MOORE,515 FIRE TOWER RD,CAMERON,28326,9198946363,01/02/2021,I,V0008565
108965_B,VA003052_B,POWELL,OLIVIA,,1986-12-12,1986,40,F,O,UN,UNA,NY,POLK,257 DELANEY DR,MILL SPRING,28756,9195258965,11/12/2016,A,V0005556
100973_B,XR003215_B,HARRISON,LISA,MICHAEL,1993-03-23,1993,33,U,U,NL,UNA,NC,ROWAN,560 WELLINGTON DR,SALISBURY,28146,,02/22/2019,I,V0000376
108331_B,DH007625_B,KELLY,PAMELA,SUSAN,1961-11-28,1961,65,F,B,NL,DEM,AK,HARNETT,401 LONGLEAF DRIVE,SPRING LAKE,28390,,11/24/2022,R,V0000263
107052_B,WZ005823_B,BATTZN,CHARLIE,,2004-03-07,2004,22,M,U,NL,DEM,,MECKLENBURG,552 E MAIN ST,CHARLOTTE,28277,3367742625,02/19/2023,A,V0004840
106385_B,BR006251_B,RAGLAND,DIANA,,1969-06-15,1969,57,F,W,NL,REP,OH,CUMBERLAND,2516 ARLINGTON ST LOT 11,SPRING LAKE,28390,9195609705,09/11/2023,D,V0000123
100015_B,DV002954_B,DARDEI,DEJA,NICHOLE,1967-06-12,1967,59,F,W,UN,REP,,JOHNSTON,193 OAK GROVE RD,CLAYTON,27520,,10/06/2015,A,V0004078
100679_B,KZ001846_B,POWELL,CAROLINE,MARGARET,1986-08-09,1986,40,F,B,NL,DEM,NC,BEAUFORT,3228 TUCKER RD,WASH.,27889,,05/11/2004,A,V0002477
105190_B,SD007455_B,GARRETT,SARAH,,1982-10-11,1982,44,U,W,NL,UNA,,FORSYTH,306 S CHURCH ST,WINSTON SALEM,27106,9107574505,09/11/2000,R,V0009459
106182_B,TK006836_B,JOHNSON,HERBERT,,1986-03-04,1986,40,M,W,UN,DEM,NC,FORSYTH,118 CHAPEL DR,WINSTON SALEM,27127,,03/16/2018,A,V0002268
104975_B,ZK005010_B,ANDREWS,GORDON,,1967-08-08,1967,59,M,U,UN,UNA,SD,WAKE,,RALEIGH,27616,,03/12/2015,A,V0000159
102584_B,FG008625_B,LINK,ANGELICA,,1983-08-24,1983,43,F,W,NL,UNA,NC,CLEVELAND,1652 FAYETTEVILLE ST,LAWNDALE,28090,9193360281,01/19/2026,A,V0008363
109093_B,ZC009721_B,LOWE,LUCIA,,2002-07-15,2002,24,F,O,UN,DEM,,CHATHAM,7811 RIDGEWOOD DR,CHAPEL HILL,27517,,04/15/2020,R,V0001613
105488_B,EW005558_B,GASTON,NATHAN,ALAN,2003-03-24,2003,23,M,W,NL,UNA,SC,CUMBERLAND,10 VANCE ST UNIT 29,FAYETTEVILLE,28306,,04/03/2021,A,V0001703
106308_B,CL009722_B,MCCOLLUM,EDWARD,,1988-07-22,1988,38,M,W,NL,UNA,MA,ROBESON,454 OXFORD RD,LUMBERTON,28358,2527614195,10/19/2010,A,V0009054
101342_B,PN002816_B,FULCHEJ,JENNIFER,,1985-11-19,1985,41,F,U,NL,UNA,NJ,MECKLENBURG,904 FOSTER ST,HUNTERSVILLE,28073,,04/14/2016,A,V0006050
102322_B,NJ003900_B,BLANKENSHIP,MARGARET,,1981-04-05,1981,45,F,O,NL,DEM,OC,FORSYTH,2243 SMITH RD,WINSTON SALEM,27103,9193787494,04/05/2025,A,V0000334
101029_B,YY009802_B,SMITH,LORETTA,MEGAH,1999-09-28,1999,27,F,B,NL,DEM,NC,BRUNSWICK,4660 COUNTRY LN,LELAND,28451,9804243074,01/05/2017,A,V0006605
108373_B,KV009147_B,FULLER,ALLISNN,,1971-09-03,1971,55,F,W,NL,UNA,NC,ALAMANCE,255 MOCKINGBIRD LN,BURLINGTON,,8286699960,12/07/2024,A,V0007064
107931_B,XX006865_B,SHANNON,MICHAEL,PETER,2000-12-14,2000,26,M,W,HL,REP,VT,MECKLENBURG,943 E 5TH STREET,CHARLOTTE,28205,,10/02/2019,A,V0008845
100582_B,GE009937_B,FOVINGTON,DIZNE,,1970-06-17,1970,56,F,W,NL,UNA,OC,MARTIN,2615 CALUMET DR,WILLIAMSTON,27892,3362922260,09/08/2010,A,V0001329
105103_B,HD005087_B,KIRKLAND,RANDALL,,1941-09-02,1941,85,U,W,NL,REP,MS,DARE,7 ROBINSON RD,MANTEO,27954,2526395709,04/23/1980,A,V0005974
105317_B,NN002628_B,BECK,BRENDAN,,2003-04-04,2003,23,M,B,UN,DEM,TN,NEW HANOVER,8878 CENTRAL AVE,WILMINGTON,28400,,10/19/2021,A,V0001246
108519_B,LR005105_B,WILLIS,JOSHUA,,2004-12-28,2004,22,M,W,NL,DEM,NC,JOHNSTON,749 NC HIGHWAY 801 S,CLAYTON,27520,,03/08/2026,A,V0009238
105410_B,BL008235_B,BLACK,RANDY,GEORGD,1959-06-12,1959,67,M,W,UN,UNA,,RICHMOND,5222 CENTER ST,HAMLET,28345,3366780041,07/07/2020,A,V0007576
102989_B,NX000252_B,BENDER,CARTER,MARK,1987-08-05,1987,39,M,B,NL,DEM,SC,MECKLENBURG,40 HAWTHORNE LN,CHARLOTTE,28205,,03/12/2005,R,V0002760
105646_B,XX005595_B,AUSTIN,VALERIA,,1974-10-13,1974,52,F,B,NL,DEM,MI,ALAMANCE,302 OBERLIN RD,ELON,27244,3364652415,07/20/2020,I,V0006104
103910_B,DT008725_B,CARDWELL,JONATHAN,,1972-04-24,1972,54,M,B,NL,DEM,FL,NASH,3882 SMITH RD LOT 7,R. MOUNT,27803,,01/01/1990,A,V0002947
100231_B,CB001807_B,THOMAS,PAUL,,1992-01-05,1992,34,U,W,NL,REP,NM,MOORE,2969 GRACE ST,VASS,28394,,01/07/2012,A,V0006908
109158_B,PH000956_B,HORNE,JOHNNIE,,2001-07-04,2001,25,M,U,UN,DEM,NY,LENOIR,2353 N WEST ST,KINSTON,28504,2528560982,04/20/2019,A,V0003444
102542_B,KD005841_B,MCLAUGHLIN,DEBORAH,JAMES,1962-11-04,1962,64,U,U,NL,REP,NC,SWAIN,1661 FAYETTEVILLE ST LOT 28,ALMOND,28702,9195773473,05/05/1986,R,V0005479
109982_B,FD006100_B,WILLIAMS,JOTN,DEREK,2003-02-25,2003,23,M,W,UN,REP,NC,TRANSYLVANIA,530 FAYETTEVILLE ST,BALSAM GROVE,28708,8038998794,12/26/2021,A,V0002499
104377_B,YG006427_B,MORTON,BOBBIE,,1984-04-09,1984,42,M,W,NL,REP,NC,WAKE,971 RIDGE RD,RALEIGH,27610,,06/21/2015,A,V0007290
105788_B,YV002873_B,BAKER,EDDIE,JAMES,,1976,50,U,W,UN,UNA,NY,WAKE,2095 SHARON RD,APEX,27502,,01/18/2008,A,V0003557
100170_B,JJ006734_B,BLACKTAN,ERBC,BOBBY,1956-10-23,1956,70,M,O,NL,UNA,NJ,MECKLENBURG,,CHARLOTTE,28269,,01/15/2022,A,V0002739
106306_B,EB006901_B,BENSON,DIANA,OERESA,,1974,52,F,W,NL,UNA,IL,MECKLENBURG,129 LONGVIEW DRIVE,CHARLOTTE,28277,,07/10/2023,A,V0008452
106112_B,XE002624_B,BLACK,EMIYY,DENNIS,1998-07-04,1998,28,U,W,NL,REP,MD,MECKLENBURG,963 PINE ST,CHARLOTTE,,2525795323,03/06/2018,A,V0007605
104129_B,XX000817_B,STANLEY,WILSON,RILEY,1995-04-22,1995,31,M,W,NL,REP,NC,TRANSYLVANIA,836 TAYLOR ST,BREVARD,28712,,12/26/2020,I,V0002346
103990_B,EZ007557_B,STEPHENS,JOHN,HECTOR,1978-11-08,1978,48,M,W,NL,UNA,NC,MECKLENBURG,1741 SPRING FOREST RD,CHARLOTTE,28227,,10/13/2016,I,V0006976
103607_B,VZ004253_B,MILLER,ROBERT,CHRISTOPHER,1974-05-05,1974,52,M,W,NL,REP,,GASTON,3873 HILLCREST DR,GAST.,28052,,08/14/1996,A,V0001690
106830_B,HN008149_B,WILLIAMSON,CHRISTOPHER,,1946-01-13,1946,80,M,W,NL,REP,FL,FORSYTH,4190 PENNSYLVANIA AVE,WINSTON SALEM,27106,9103394018,10/07/2025,A,V0001710
101831_B,EA005464_B,PENDER,SHERRY,SARAH,1964-05-23,1964,62,F,W,UN,REP,TX,HENDERSON,3540 COUNTY LINE RD,HENDERSONVILLE,28792,9193541689,08/25/2021,I,V0007737
107041_B,ZC008792_B,JOHNSON,CHRISTIE,,1983-04-25,1983,43,F,B,NL,DEM,NY,ROBESON,246 OAK ST,RED SPRINGS,28377,,05/08/2016,A,V0001541
108499_B,KP008322_B,LOFG,CHRISTOPHER,,2006-12-01,2006,20,M,W,NL,UNA,SC,WAKE,246 SCOTT RD,CARY,27513,6232370267,12/09/2024,A,V0000345
101280_B,HC009567_B,CAPPS,DAVID,TIMOTHY,1943-03-09,1943,83,M,B,NL,DEM,CO,ALEXANDER,456 YORKSHIRE DR,TAYLORSVILLE,28681,,02/02/2001,A,V0006254
109654_B,ZF007781_B,CAGLE,STEPHANIE,KIMBERLY,1973-08-29,1973,53,F,W,HL,DEM,NC,GASTON,1158 CRESCENT DRIVE,CROUSE,28033,9105382920,12/14/2016,A,V0008707
100086_B,XM009703_B,COLON,ELAINE,NANCY,2002-04-23,2002,24,F,W,NL,DEM,NY,MACON,24 S WILMINGTON ST UNIT 16,FRAN.,28737,,09/25/2020,I,V0000586
107766_B,YZ004669_B,STEVENS,LISA,,1980-05-21,1980,46,F,W,NL,REP,PA,WAYNE,280 E PETTIGREW ST,GOLD.,27539,,02/09/1998,A,V0001476
108268_B,NX001899_B,EVANS,CHRISTOPHER,MASK,,1984,42,M,W,NL,DEM,NC,MECKLENBURG,918 HILL RD,CHARLOTTE,28216,2525749768,05/23/2017,A,V0007085
106546_B,WJ003643_B,MCOOY,JESSILA,COLLEEN,1966-05-10,1966,60,F,U,UN,DEM,NY,MECKLENBURG,3094 S CHURCH ST,HUNT.,28071,,01/10/2022,A,V0005226
108292_B,BZ007256_B,BARNES,NATHANIEL,COLIN,1952-09-17,1952,74,U,W,UN,UNA,NC,CABARRUS,570 E MAIN ST UNIT 14,MOUNT PLEASANT,28124,,09/17/2004,A,V0008185
104490_B,GC006285_B,ALEXANDER,TIMOTHY,TRAVIS,1984-10-04,1984,42,M,B,NL,DEM,NC,DURHAM,1291 MILL CREEK RD,DURHAM,27703,,08/20/2014,A,V0007442
102265_B,HS009897_B,HIRL,ANGELIA,ALEJANDRO,1968-10-01,1968,58,U,W,NL,DEM,,WAKE,876 VRLLAGE DR,RALEIGH,27600,2287206618,04/23/2020,A,V0004646
109394_B,XP008968_B,MEREDITH,EMMA,,1961-05-12,1961,65,F,W,NL,UNA,NC,MECKLENBURG,842 LAKEWOOD DR,CHARLOTTE,28269,,06/07/2024,D,V0009001
107736_B,NM001333_B,SZMMONS,JOHN,DAVID,1963-07-04,1963,63,M,W,NL,REP,,HERTFORD,,MURFREESBORO,27855,,02/04/2018,A,V0007657
109308_B,MG000848_B,WARD,BETTY,YOLANDA,1982-08-01,1982,44,F,B,UN,DEM,NC,CUMBERLAND,9658 UNIVERSITY CITY BLVD,FAYETTEVILLE,28316,,12/18/2018,A,V0006015
100782_B,SB002148_B,SCHULTZ,JANET,TERRI,2000-06-28,2000,26,F,W,NL,UNA,NC,HARNETT,348 MOUNTAIN VIEW DR,ANGIER,27501,,12/14/2018,A,V0001324
104556_B,WP001763_B,HAYES,ELIZABETH,,1953-09-09,1953,73,F,W,NL,REP,TN,ALAMANCE,1271 RIDGEWOOD DR,BURLINGTON,27215,9195693378,02/13/2024,A,V0001457
100695_B,SD003790_B,OLSON,ROBIRT,WILLIAM,1928-04-09,1928,98,M,W,NL,UNA,MD,WAKE,99689 MEADOW LN APT 27,HOLLY SPRINGS,,9109909046,04/03/2012,A,V0008854
100898_B,GB007105_B,SIMPSON,JOHN,DAVID,1978-04-19,1978,48,M,W,NL,UNA,NJ,WAKE,9918 KNOLLWOOD DR,RALEIGH,27618,8288931778,07/14/2016,A,V0003457
101689_B,JT006813_B,HALL,VERNON,,1955-01-14,1955,71,M,W,UN,UNA,,GASTON,4225 OLD MILL RD,GASTONIA,28054,,11/06/1973,A,V0006322
104615_B,ZR003660_B,COFFEY,MATHEW,MACK,1996-07-27,1996,30,M,W,NL,UNA,OC,RUTHERFORD,,SPINDALE,,2529553714,03/10/2014,A,V0008982
109467_B,SG008319_B,INMAN,TERRY,,,2001,25,M,W,UN,DEM,NC,WAKE,9165 PENINSULA DRIVE,CARY,27513,,04/06/2021,A,V0002250
105672_B,AL007671_B,MICHAEL,WANDA,KORI,1959-07-07,1959,67,U,W,NL,REP,NC,MECKLENBURG,740 SMITH LEVEL RD,MATTHEWS,28105,,04/27/2018,A,V0009052
106530_B,PJ001242_B,GOODMAN,MUHAMMAD,WILLIAM,1953-01-21,1953,73,M,U,NL,REP,,ROBESON,1478 E 10TH ST,PEMB.,28372,,08/22/2017,A,V0009397
109455_B,MA004949_B,BARHAM,THOMAS,ETHEN,1981-02-09,1981,45,M,A,NL,UNA,TX,BRUNSWICK,,OAK ISLAND,28465,,10/07/2018,A,V0005815
100021_B,AD007418_B,CRADDOCK,JOANNE,BRITTANY,2000-04-19,2000,26,F,I,NL,UNA,NC,RUTHERFORD,2005 THOMAS RD,MOORESBORO,28114,,05/05/2021,A,V0006598
108864_B,EM006615_B,MORRISON,BRUCE,JOHN,2001-12-03,2001,25,M,W,NL,REP,NC,MECKLENBURG,2227 DOGWOOD DRIVE,CHARLOTTE,28275,8285447225,01/09/2019,A,V0001572
109085_B,MA004647_B,BENTLEY,CLAUDIJ,JENUIFER,1987-01-04,1987,39,F,W,NL,REP,SC,JOHNSTON,235 SOMERSET DR,KENLY,27542,,02/04/2023,A,V0001778
101992_B,KF004230_B,WRIGHT,ROBERT,,1985-01-28,1985,41,M,U,NL,REP,NC,CURRITUCK,4131 TOWER RD,MOYOCK,27958,8287949925,04/04/2018,A,V0006438
103447_B,HL006780_B,CHILDERS,AMBER,,1961-06-12,1961,65,F,B,NL,DEM,NC,COLUMBUS,5200 BRENTWOOD RD,TABOR CITY,28463,9102158555,11/02/2005,A,V0008084
104701_B,TK006261_B,ROARK,MARGUERITE,ALICE,1966-10-04,1966,60,F,W,NL,REP,NC,JOHNSTON,57 WEEKSVILLE RD,CLAYTON,27520,7324255318,07/14/2019,A,V0006251
105182_B,CY003998_B,PETTY,BARBARA,,1960-05-10,1960,66,U,B,UN,DEM,NJ,BURKE,70238 LITTLE MOUNTAIN RD,MORGANTON,28655,,08/16/1978,A,V0009220
108647_B,KP009580_B,AIKEN,FRANKIE,MADELINE,1984-02-01,1984,42,F,B,UN,DEM,NY,PITT,191 COUNTY LINE RD UNIT 34,GREENVILLE,27858,,01/08/2020,A,V0002303
109889_B,EN009442_B,JACKSON,CHRIFTOPHER,,1993-04-12,1993,33,M,O,HL,DEM,NC,RICHMOND,380 HIGH ST,HAMLET,28345,,12/16/2017,A,V0000299
103459_B,DT005698_B,THOMASON,KAREN,,1990-07-10,1990,36,F,W,UN,REP,TX,FORSYTH,2522 PINE RIDGE DR,KERNERSVILLE,27284,7168996008,11/07/2024,A,V0008385
107792_B,YN004323_B,KIRBY,KATHY,,1993-08-06,1993,33,F,B,UN,DEM,FL,STANLY,47 MOUNTAIN VIEW RD UNIT 29,LOCU.,28097,8289259791,07/01/2016,I,V0009123
102676_B,RM000936_B,RICE,CHAROES,,1993-04-20,1993,33,F,W,UN,DEM,MI,CABARRUS,,DAVIDSON,28036,8282088724,01/07/2019,A,V0003821
105533_B,PY005253_B,OWENS,KEVIN,WILLIAM,1985-02-24,1985,41,M,W,NL,UNA,IN,ROCKINGHAM,1469 EDGEWATER DR,REIDSVILLE,27320,,08/10/2014,R,V0003427
105996_B,AK007097_B,HOLLAND,JACKIE,,2004-05-19,2004,22,F,W,NL,DEM,NC,PITT,518 PEBBLESTONE DR APT 14,GREENVILLE,27834,3367193662,08/20/2024,A,V0000902
108661_B,JE001560_B,TOLER,KIMBERLEY,ALYSSA,1973-06-25,1973,53,F,W,NL,REP,MI,GUILFORD,721 GREENWOOD DR,GREENSBORO,27405,,10/12/2017,A,V0006800
102859_B,EP000724_B,BROWN,ROBERT,,1956-08-20,1956,70,M,B,NL,DEM,,MECKLENBURG,9722 HARRIS ST,CHARLOTTE,28205,,04/04/2024,I,V0004717
102586_B,DW007786_B,TUCKER,TARA,MELANIE,1960-08-03,1960,66,F,B,UN,DEM,NC,MECKLENBURG,66366 S WILMINGTON STREET,CHARLOTTE,28277,,11/15/2022,A,V0004910
108722_B,TK004871_B,MCLEAN,SAMANTHA,MELISSA,2000-12-03,2000,26,F,W,NL,REP,NC,BUNCOMBE,,LEICESTER,28748,9013312174,01/25/2024,A,V0002408
103106_B,RG007539_B,GRUBB,JULIE,TERESA,1994-11-03,1994,32,F,W,NL,DEM,NC,WAKE,1547 RIVER RD,RALEIGH,27610,5743167188,05/24/2012,R,V0002162
102626_B,PS000623_B,TRIPP,SUSBN,,2008-05-23,2008,18,F,W,NL,DEM,SC,HAYWOOD,470 PARK RD,CANTON,28716,4126198097,11/17/2026,A,V0006956
104611_B,HK005660_B,FUTRELL,THOMAS,,1969-03-21,1969,57,M,W,NL,DEM,,HARNETT,982 VIRGINIA AVE,SPRING LAKE,28390,9102138710,11/10/2026,I,V0004098
101696_B,EZ003126_B,SMITH,DEAN,,1938-03-19,1938,88,M,B,NL,UNA,NC,BURKE,354 UNIVERSITY CITY BLVD,VALDESE,28690,2529510521,05/21/2025,I,V0003107
104399_B,ZL007240_B,RUIZ,DONALD,,1942-11-05,1942,84,M,W,NL,UNA,TN,HENDERSON,455 SHAW RD,FLAT ROCK,28731,8284949443,11/14/2016,I,V0003623
101627_B,NC002898_B,DUDLEY,TERRY,,1966-06-17,1966,60,M,B,UN,DEM,NY,STANLY,1405 SMITH RD APT 39,NORWOOD,28123,9195074969,10/01/1984,R,V0003363
109135_B,TB005456_B,SWKNSON,JULIE,KATHLEEN,1990-10-02,1990,36,M,W,UN,REP,,HAYWOOD,247 RIDGE RD,CLYDE,28721,,09/13/2026,R,V0001885
109395_B,VR002346_B,HERMAN,JAMES,JAMES,1947-04-24,1947,79,M,W,NL,REP,OC,GUILFORD,596 HILL ST,GREE.,27410,,10/01/2007,A,V0003765
106162_B,LH005197_B,CARTER,MARY,,2001-09-13,2001,25,U,W,UN,UNA,MI,BRUNSWICK,576 HIGH ST,SOUTHPORT,28463,,05/04/2023,A,V0007600
103530_B,MR000016_B,FIELDS,BONITA,ELIZABETH,1964-04-16,1964,62,F,W,UN,UNA,IN,LINCOLN,514 WEST BLVD,DENVER,28037,,11/26/2025,R,V0004808
105803_B,ZZ008588_B,MCRAE,CHRISTINA,AMANDA,1964-05-22,1964,62,F,B,NL,DEM,OC,CHATHAM,5013 HENDERSON RD,APEX,27523,2529487346,03/25/2011,A,V0006778
106423_B,BV003927_B,MILLS,KATIE,JESSICA,1952-01-10,1952,74,F,W,NL,REP,FL,BEAUFORT,2971 SCOTP RD,PANTEGO,27867,,04/18/2021,A,V0005383
109830_B,LL001038_B,LAWRENCE,LAUREL,STEPHANIE,1938-06-22,1938,88,F,B,NL,DEM,NC,WAKE,167 WILSON RD,RALEIGH,27613,,01/17/1988,A,V0005571
101853_B,XW005275_B,MANGUM,TODD,,1998-02-08,1998,28,M,W,NL,UNA,NC,CUMBERLAND,2808 CREEKSIDE DR,FAYETTEVILLE,28311,,03/26/2021,A,V0009386
103278_B,ZT003985_B,SPARKS,SETH,WILLIAM,1949-03-10,1949,77,M,A,NL,DEM,,NEW HANOVER,1057 SUMMIT AVE,WILMINGTON,,6783779805,04/13/2026,A,V0001450
105403_B,SR006049_B,RUSS,JAMES,TIMOTHY,1958-11-20,1958,68,M,B,HL,DEM,NY,FORSYTH,981 CEDAR CREEK RD,KERNERSVILLE,27284,3368319123,04/09/2026,I,V0008005
109262_B,CS002406_B,BRANCH,JOHN,,1978-05-27,1978,48,M,W,UN,UNA,KY,UNION,37 LIBERTY ST,INDIAN TRAIL,28079,9192249827,01/11/2020,I,V0003169
107324_B,VW005436_B,BROWN,JONATHAN,ERIC,1963-07-05,1963,63,M,W,NL,DEM,DC,BRUNSWICK,154 SHILOH RD,SUNSET BEACH,28468,3367712805,08/04/2012,A,V0007237
105944_B,SZ006419_B,WEBB,CARLA,,1971-11-13,1971,55,F,W,UN,UNA,KY,WAKE,2394 E 10TH ST UNIT 31,APEX,27523,3362297734,03/25/2021,A,V0000730
100877_B,EF006435_B,WHEELER,KATHLEEN,,1939-08-24,1939,87,F,U,UN,UNA,NC,LENOIR,4928 W MAIN ST,KINSTON,28504,,10/08/2015,A,V0004056
101998_B,BY006129_B,DAWSON,KEITH,,,2000,26,M,B,NL,DEM,NC,FORSYTH,301 S ROXBORO SO,WINSTON SALEM,27104,3366535666,05/11/2018,A,V0007599
108964_B,ED007796_B,ANTHONY,WILLIAM,LAWRENCE,1966-10-10,1966,60,M,U,NL,UNA,,CATAWBA,957 CHAPEL HILL RD,CATAWBA,28609,,09/20/2010,A,V0000718
108555_B,ZN006124_B,JOHNSON,RODNEY,,,1970,56,M,W,NL,REP,DE,FORSYTH,1123 WESTWOOD DR,RURAL HALL,27045,9196569032,07/04/2025,A,V0007833
103960_B,JN006637_B,LATTA,AUDREY,PHYLLIS,1988-07-11,1988,38,F,W,NL,REP,,ALAMANCE,121 EDGEWOOD DR,BURLINGTON,27215,,04/19/2011,A,V0007810
101347_B,JD007251_B,HALL,RONALD,MARK,1995-12-02,1995,31,M,B,NL,DEM,NC,WAYNE,3914 BETR CREEK RD,GOLDSBORO,27530,,09/06/2013,A,V0005532
101422_B,DG001943_B,BALDWIN,CHESTER,,1987-10-16,1987,39,M,W,NL,UNA,,GUILFORD,1156 WBITE PINE DR,JAME.,27282,,10/27/2005,A,V0005999
102423_B,FC008853_B,BLACKMOZ,BETTY,,1995-07-16,1995,31,F,W,NL,REP,WI,JACKSON,290 EDWARDS RD,WHITTIER,28789,,05/06/2022,I,V0006720
104934_B,CY003554_B,WHALEY,KENNETH,ZACHERY,1965-03-06,1965,61,M,B,NL,DEM,,CUMBERLAND,1637 MOCKINGBIRD LN,FAYETTEVILLE,28304,,02/05/2021,A,V0004763
100071_B,AH005716_B,REED,SARAH,LYNNE,1998-06-09,1998,28,F,W,UN,REP,,WAKE,1037 OLD GREENSBORO RD,RALEIGH,27616,8288791137,03/21/2020,R,V0008514
103788_B,TD007281_B,BROWT,J,,1972-02-12,1972,54,M,W,NL,DEM,NC,MECKLENBURG,511 XUNSET DR,CHARLOTTE,28215,,02/15/2012,R,V0009145
107476_B,WG002870_B,JEAM,MARGARET,,1988-07-26,1988,38,F,W,UN,DEM,NY,CRAVEN,3 E SOUTH ST,NEW BERN,28562,,02/11/2015,A,V0001485
109022_B,EY001783_B,TIWLEY,JULIE,DEBORAH,1986-07-24,1986,40,F,W,UN,DEM,NC,MECKLENBURG,4751 BROOKWOOD DR,CHARLOTTE,28277,,02/25/2016,A,V0000398
109386_B,WV007598_B,EEAVER,CHRISTOPHER,,1980-01-25,1980,46,M,U,NL,REP,NY,GUILFORD,,GREENSBORO,27455,,01/14/1998,A,V0004930
104467_B,CK004213_B,REED,ASHLEY,ARIANA,1984-03-15,1984,42,F,W,NL,REP,NC,GUILFORD,764 W 5TH ST,GREENSBORO,27455,3363847939,05/15/2025,A,V0003813
105051_B,VJ007272_B,SCHAEFER,JOSHUA,,1935-01-10,1935,91,M,W,NL,UNA,PA,DURHAM,821 PLEASANT RIDGE RD,DURHAM,27701,2526853933,07/20/2024,R,V0002432
107628_B,LA009360_B,GRANT,TYLER,,1940-02-06,1940,86,M,B,NL,DEM,VA,WAKE,319 LAKEVIEW DR,RALEIGH,27610,3366531374,04/15/1988,A,V0001826
102122_B,ND005301_B,COLLINS,LISA,,1989-09-14,1989,37,F,W,NL,UNA,IL,HENDERSON,932 OVERLOOK DR,HENDERSONVILLE,28792,,11/23/2021,A,V0004987
101651_B,ZK000793_B,BROWN,RHONDA,ASHLEY,1954-12-27,1954,72,F,W,NL,DEM,,RUTHERFORD,92624 E 36TH ST,RUTHERFORDTON,28139,,05/22/2020,A,V0008123
102034_B,WT003436_B,QUEEN,PATRICIA,PRISCIWLA,1960-03-09,1960,66,F,O,NL,UNA,,ONSLOW,70 E PETTIGREW ST,JACKSONVILLE,28540,,07/20/2010,A,V0009469
103614_B,ZD004149_B,WILLS,MASON,,1960-04-22,1960,66,M,W,NL,REP,,ROWAN,491 NINTH ST,C. GROVE,28023,3364761952,03/12/2017,A,V0007411
106468_B,SZ009988_B,JOHNSTON,CHERYL,KRISTIN,1986-11-28,1986,40,F,B,NL,REP,NY,MECKLENBURG,835 W FRIENDLY ACE,CHARLOTTE,28215,9103229820,10/05/2004,I,V0004398
109417_B,DV002459_B,PRUITT,CHRISTOPHER,,1996-10-13,1996,30,M,W,HL,UNA,NC,WAKE,3088 FOREST RD,HOLLY SPRINGS,,8285647806,02/24/2014,A,V0005111
100887_B,PJ001027_B,ASHE,THOMAS,COLE,1967-11-21,1967,59,M,W,NL,REP,OC,IREDELL,,MOORESVILLE,28117,,03/12/2019,A,V0001165
100972_B,SL006695_B,WRIGHT,JWMES,ROBERT,2002-02-09,2002,24,M,W,NL,UNA,VA,MOORE,321 BRINGLE FERRY RD,PINEHURST,28374,,09/14/2022,I,V0007747
109856_B,NP008647_B,HARRISON,CRAIG,,2000-05-19,2000,26,M,B,NL,DEM,MD,NASH,2951 PARK AVE,ROCKY MOUNT,27801,,08/10/2018,D,V0008203
101552_B,AG008800_B,PEARSON,LINDSAY,,1971-04-23,1971,55,F,O,NL,UNA,CA,RANDOLPH,127 BROOKFIELD DR,SOPH.,27350,,06/04/2024,A,V0005944
107842_B,DP004944_B,SYKES,GARY,,1976-05-08,1976,50,U,B,UN,DEM,NC,MECKLENBURG,405 N FAYETTEVILLE ST,CHARLOTTE,28205,,07/05/2022,A,V0006136
107587_B,RK009309_B,JACKSON,JAMUS,,1979-09-01,1979,47,M,W,NL,UNA,NY,STANLY,1616 MEADOW RD,ALBEMARLE,28001,9803962750,06/08/2024,R,V0007367
103874_B,HD005758_B,ZHANG,AMY,LINDA,2002-12-07,2002,24,F,W,NL,DEM,PA,SCOTLAND,1235 FAIRVIEW DR,LAUREL  HILL,28351,,08/15/2020,R,V0005719
104089_B,CD007773_B,ROUSE,TONV,,1943-04-07,1943,83,F,W,UN,UNA,NC,CHEROKEE,4673 CLEARWATER DR,MURPHY,28906,8284982629,11/26/2025,A,V0008289
107862_B,TV008473_B,CLEXMONS,PATRICIA,MONICA,1974-04-13,1974,52,F,B,NL,UNA,,WAKE,,RALEIGH,27603,,07/15/2022,R,V0007263
102620_B,RN008430_B,JOHNSON,JAMES,TREVOR,1984-09-22,1984,42,M,W,UN,UNA,PA,GASTON,1589 CAROLINA AVE,BELMONT,28012,,05/09/2020,A,V0003669
109066_B,RP005982_B,KELLEY,JONATHAN,,1964-05-19,1964,62,M,W,NL,UNA,NC,MECKLENBURG,3058 E 10TH ST,CHARLOTTE,28227,,04/18/2018,I,V0008890
101331_B,EM005232_B,SMITH,DEBORAH,MADELINE,1992-02-28,1992,34,F,W,NL,UNA,VA,GUILFORD,244 N DAVIISON ST,JAMESTOWN,27282,,04/20/2010,R,V0002090
106024_B,XA004414_B,BROWN,NORMAN,ZACHARY,1970-11-23,1970,56,M,W,NL,REP,SC,MECKLENBURG,302 RIDGE RD APT 20,CHARLOTTE,28216,9197798876,01/03/2025,I,V0006304
108716_B,WP006969_B,BUSH,KELLY,AMANDA,1947-12-21,1947,79,F,W,NL,UNA,OH,CARTERET,140 N MAIN ST,BEAUFORT,28516,9105084325,03/10/2008,A,V0005142
105100_B,KW003562_B,SCOGGINS,KATHERINE,,1991-10-24,1991,35,M,W,UN,UNA,KY,SWAIN,1985 FAYETTEVILLE ST,BRYSON CITY,28713,,01/28/2009,I,V0005192
101666_B,YC002746_B,SHIELDS,CHRCSTOPHER,JUSTIN,1994-10-26,1994,32,M,W,NL,DEM,AL,FORSYTH,7794 ST ALBANS DR,WINSTON SALEM,27107,,03/27/2022,A,V0001851
103810_B,SR008689_B,AMOS,BETTY,,1977-03-20,1977,49,F,W,NL,REP,NC,RANDOLPH,,ASHEBORO,27205,3364299584,09/06/2026,A,V0007447
100974_B,PK000535_B,DAVIS,RAMONA,AMANDA,1964-05-27,1964,62,F,W,NL,UNA,IL,WAKE,407 MAIN ST,RALEIGH,27612,,04/23/2023,A,V0003648
109110_B,SW008118_B,SEYMOUR,NORA,KIMBERLY,1945-02-06,1945,81,F,W,UN,UNA,NC,CURRITUCK,6070 COUNTRY CLUB RD,SHAWBORO,27973,,06/04/2024,A,V0005197
109253_B,CZ004131_B,CARR,JULIANNA,BRITNEY,1970-12-29,1970,56,F,W,NL,UNA,NC,BUNCOMBE,2 VALLEY DR,SWANNANOA,28778,2522121730,10/03/2022,R,V0004047
103656_B,PZ002123_B,SIMPSON,ROBERT,GREGORY,1951-01-19,1951,75,M,W,UN,UNA,NC,BURKE,6958 PARK AVE APT 25,MORGANTON,28655,,09/21/2006,A,V0001362
103798_B,AM005322_B,SNOW,EMILY,MAYRA,1963-10-15,1963,63,F,B,NL,UNA,VA,DARE,,KILL DEVIL HILLS,27948,,05/09/2019,R,V0005782
105042_B,ER006452_B,JAMES,MICHAEL,CEDRIC,1958-08-24,1958,68,M,W,UN,UNA,NC,CABARRUS,63 LAKV RD,CONCORD,28027,9198843386,08/02/2008,A,V0006165
102886_B,DM004554_B,BATCHELOR,RUTH,,2007-04-06,2007,19,F,W,NL,REP,NC,ASHE,3587 LONGLEAF DR,LANSING,28643,,03/01/2025,A,V0000051
105494_B,YE009150_B,ABBOTT,WESLEY,CHARLES,1946-11-18,1946,80,M,W,UN,DEM,MI,POLK,321 ROBINHOOD RD,COLU.,,,11/05/1980,A,V0003519
104147_B,PT000416_B,FERGUSON,JULY,GENEVA,1991-10-06,1991,35,U,W,UN,UNA,NC,MECKLENBURG,,PINEVILLE,28134,,08/12/2014,A,V0008935
106427_B,LD006913_B,GALLAGHER,RONALD,CLINTON,2000-09-22,2000,26,M,W,NL,UNA,NC,GUILFORD,8164 N TRYON ST,HIGH POINT,27265,,10/26/2018,A,V0003232
102565_B,GN009134_B,COLLINS,JAMES,,2005-05-15,2005,21,M,A,NL,DEM,CA,CATAWBA,188 MOULTAIN VIEW RD,NEWTON,,2522133873,10/14/2023,R,V0004320
107431_B,TA007266_B,SCOTT,SAMANTHA,KERRI,1958-10-05,1958,68,F,B,UN,DEM,PA,FORSYTH,1255 IEVERLY DR UNIT 4,RURAL HALL,27045,2528957704,01/27/1996,R,V0003424
100594_B,XS003613_B,HORTON,CAROLYN,,1942-03-19,1942,84,F,U,UN,UNA,,MCDOWELL,,MARION,28752,,03/11/2022,R,V0000916
100483_B,AG008105_B,THORPE,ANGELA,ALBERTA,2005-03-25,2005,21,F,W,NL,UNA,OK,WAKE,929 S LASALLE ST,GARNER,27529,9197403642,10/28/2023,A,V0004960
105367_B,YN003211_B,HIGHTOWER,LINDA,ZOE,1997-04-19,1997,29,F,W,NL,REP,NC,RICHMOND,7762 W FRIENDLY AVE,HAMLET,28345,,03/27/2024,A,V0001856
103861_B,JR000912_B,COX,CAROLINE,,1992-06-14,1992,34,F,U,NL,UNA,NC,ORANGE,491 PARKEU RD,HILLSBOROUGH,27278,,04/26/2026,A,V0002707
103598_B,DA002456_B,BRYSON,JUSTIN,,1962-05-12,1962,64,M,W,UN,DEM,,UNION,29 HICKORY ST,WAXHAW,28173,9196304733,04/28/1999,I,V0006912
100370_B,ZT009037_B,WILSON,DONNA,LINDA,1960-09-20,1960,66,F,B,NL,DEM,NC,CALDWELL,368 FRANKLIN ST,LENOIR,28645,,11/03/2003,A,V0000864
108797_B,VH001745_B,HIQNANT,RUSSELL,MICHAEL,2000-02-01,2000,26,M,O,NL,DEM,VA,UNION,2387 E WASHINGTON STREET,MONROE,28110,,12/24/2025,A,V0003165
107116_B,WL005689_B,GRIGGS,JESSICA,,1982-03-10,1982,44,F,W,NL,DEM,MD,CRAVEN,2469 CEDAR DR,NEW BERN,28560,,04/15/2018,A,V0007136
104194_B,SL003392_B,JONES,MONICA,WHITNEY,1961-10-06,1961,65,F,W,NL,DEM,NC,IREDELL,489 BUCKHORN RD,MOORESVILLE,28117,,11/19/1997,A,V0008673
108216_B,ZN006089_B,CHASE,FELECIA,,2005-07-23,2005,21,F,W,UN,UNA,,ALAMANCE,299 RIVERVIEW DI,MEBANE,27302,,01/27/2023,A,V0004275
107223_B,YK000832_B,SPIVEY,MADELEINE,MELISSA,1944-06-16,1944,82,M,W,NL,REP,NC,BUNCOMBE,6338 CHAPEL DR,BLACK MOUNTAIN,28711,,04/15/2024,A,V0008257
102903_B,HH007417_B,KHAN,DANE,JOSHUA,1990-04-11,1990,36,M,U,UN,REP,,CABARRUS,4115 CHURCH ST,CONCORD,,,07/27/2012,A,V0005956
104476_B,XS007510_B,MCDANIEL,JAMIE,SCOTT,1998-02-25,1998,28,M,W,NL,REP,,NEW HANOVER,796 FODEST RD,WILMINGTON,28412,9108416676,11/09/2018,R,V0000278
109479_B,GF001647_B,NANCE,SHELBY,,1999-06-19,1999,27,F,U,NL,DEM,VA,IREDELL,7626 CLARK AVE,STATESVILLE,28625,2522639814,07/17/2017,A,V0008033
106738_B,VR001292_B,TUTTLE,JOHN,WANDA,1953-10-05,1953,73,U,B,UN,DEM,NY,BRUNSWICK,596 WALKER AVE,LELAND,28451,,05/13/2022,A,V0005749
106592_B,WC005798_B,LEE,ELIZABETH,,1945-08-18,1945,81,F,O,NL,DEM,VA,CARTERET,7558 N CENTER ST,EMERALD ISLE,28594,,10/19/2023,A,V0008478
107900_B,XJ003730_B,KING,JANET,SOFIA,2004-07-10,2004,22,F,B,NL,DEM,NC,CURRITUCK,359 OLD MILL RD,GRANDY,27939,2529172734,12/25/2022,A,V0003999
102067_B,PA009448_B,CWX,STEPHANIE,BELINDA,1985-03-20,1985,41,F,U,NL,REP,PA,WAKE,1896 GUESS RD,FUQUAY VARINA,27526,,12/10/2026,A,V0002533
107126_B,AW008846_B,WAGNER,TIMOTHY,,1950-06-05,1950,76,M,W,NL,UNA,,CUMBERLAND,180 BUFFALO SHOALS RD,PARKTON,28371,,09/15/2015,R,V0004915
102000_B,TJ008065_B,STOWE,BRYAN,ANDREW,1928-06-04,1928,98,M,B,HL,REP,NC,FORSYTH,338 HEATHER LN,WINSTON SALEM,27101,8578651018,04/13/1995,I,V0008056
100531_B,XK009426_B,TRAN,LESLIE,JULIE,1948-12-19,1948,78,F,W,NL,UNA,NY,RANDOLPH,156 N DAVIDSON ST,RAND.,27317,,11/17/1994,R,V0009389
107694_B,ZR006183_B,SWANSON,VICTORIA,REBECCA,1966-07-09,1966,60,F,B,UN,DEM,SC,UNION,7828 SPRING ST,MONROE,28110,9196347314,02/24/2018,I,V0002185
105899_B,SC007446_B,JONES,NHCOLE,BETH,1965-02-05,1965,61,F,W,UN,REP,,MECKLENBURG,605 ORANGE ST,PINEVILLE,28134,,01/13/2012,A,V0007405
100648_B,CD003935_B,RANSOM,JULIA,BERNADETTE,1994-04-20,1994,32,F,W,NL,DEM,VA,CUMBERLAND,1739 BUCKHORN RD,STEDMAN,28391,,11/05/2012,A,V0002746
102146_B,AT001570_B,NEWTON,WILLIAM,TERRY,1986-05-27,1986,40,M,U,NL,UNA,TX,WAKE,351 GLENWOOD AVE,GARNER,27529,,11/14/2004,A,V0006286
104947_B,GW008399_B,MOORE,CARL,AARON,1946-05-10,1946,80,M,O,NL,REP,CT,STOKES,6778 N FAYETTEVILLE ST,PINNACLE,27046,,04/23/1998,I,V0005294
107331_B,RY000171_B,HENDERSON,TERRY,,1961-11-05,1961,65,M,W,UN,DEM,NC,CLEVELAND,2846 SHARON RD,SHELBY,28152,,02/28/2021,A,V0002029
105446_B,XG006663_B,SCHMIDT,JOHN,,1990-07-15,1990,36,M,W,NL,REP,NY,MECKLENBURG,8097 UNIVERSITY CITY BLVD,CHARLOTTE,28216,8288211413,03/08/2011,R,V0001561
106576_B,NM003502_B,JONES,FRANCIS,DAVID,1949-11-06,1949,77,U,W,UN,GRE,NC,CABARRUS,217 WOODFIELD DR,CONCORD,28027,3362759879,09/09/2023,I,V0002076
105262_B,YM000160_B,SNYDER,JUAM,,1947-03-04,1947,79,M,O,UN,REP,NC,MECKLENBURG,19 NINTH ST,CHARLOTTE,28227,,08/08/1968,I,V0004128
105183_B,PT006289_B,LYE,TANNER,HERMAN,1956-07-17,1956,70,M,O,NL,REP,GA,WARREN,1604 MAPLE STREET,WARRENTON,27589,,07/13/2014,I,V0003495
105296_B,BX005395_B,CARLSON,VICTORIA,,1993-01-21,1993,33,F,B,UN,DEM,OC,DURHAM,73 NEW BERN ST,DURHAM,27705,,11/05/2011,A,V0002695
107691_B,RW007506_B,PHIFER,MARTHA,COURTNEY,2003-07-05,2003,23,F,B,NL,DEM,GA,ROBESON,146 GUESS RD,PARKTON,28371,,07/28/2021,A,V0008949
106335_B,ZC007736_B,MOORE,SHAWN,,1974-03-19,1974,52,M,W,UN,DEM,AR,WAKE,4852 FAIRWAY DR,CARY,27513,,09/21/1993,A,V0002360
107699_B,VM005769_B,KENT,KENNETH,SEAN,1943-04-08,1943,83,F,B,UN,UNA,NC,WAKE,576 LEES CHAPEL RD,RALEIGH,27619,3364742792,12/20/2004,I,V0006459
109715_B,DH004699_B,ROUSE,KENNETH,,1974-08-17,1974,52,M,W,NL,UNA,,CRAVEN,929 SECOND ST,NEW BERN,28560,,08/13/2015,A,V0002573
102700_B,JV004379_B,HUNTER,JACQUKLINE,MADELEINE,1940-06-01,1940,86,F,W,NL,UNA,NC,BUNCOMBE,3504 QOUNTRYSIDE DR,ARDEN,28704,,07/09/2025,A,V0006895
106566_B,AH002663_B,BROWN,CHAD,,2005-11-18,2005,21,M,W,UN,REP,NC,DURHAM,,DURHAM,27707,,03/21/2024,I,V0001661
109407_B,EL009717_B,HALL,SYDNEY,,1955-07-21,1955,71,F,B,NL,DEM,NC,WAKE,1645 RIVER RD,RALEIGH,27616,,12/20/2024,A,V0006775
107204_B,ZZ005011_B,WILLARD,BRETT,WILLIAM,1996-09-24,1996,30,U,W,NL,UNA,NC,WAKE,804 N FAYETTEVILLE ST,CARY,27519,,08/09/2014,A,V0001654
107692_B,WL001094_B,BLALOCK,JAMES,RUSSELL,1971-11-27,1971,55,M,W,UN,UNA,CA,GREENE,3696 UNIVERSITY DR,SNOW HILL,28580,,01/04/2021,A,V0006868
101930_B,TY004371_B,GARDNER,PEGGY,,1985-12-26,1985,41,F,U,UN,UNA,NC,YANCEY,278 SIX FORKS RD,BURNSVILLE,28714,,03/28/2003,A,V0005919
109434_B,NW009866_B,WRIGHT,ANTHONY,JAMNS,1930-03-01,1930,96,M,B,UN,DEM,MI,DAVIDSON,395 VALLEY RD,LEXINGTON,27295,,09/06/2010,R,V0006471
108577_B,AS001106_B,SHERMAN,JOSHUA,DEBORAH,1962-04-21,1962,64,U,W,NL,REP,,DAVIDSON,2183 W FRIENDLY AVE,LEXINGTON,27295,8284761265,04/10/2008,A,V0003888
106180_B,CJ000543_B,SUTTON,CAROLYN,MARTHA,1995-12-14,1995,31,F,W,NL,REP,NC,WAKE,127 OAKWOOD DR LOT 38,CARY,27519,,06/27/2013,A,V0006496
103740_B,JE004726_B,JONES,DENISE,SUSIE,1975-04-23,1975,51,F,W,NL,UNA,NC,WAKE,149 N PINE ST,RALEIGH,27615,,09/23/2005,R,V0006283
109985_B,BE006169_B,LITTLE,ELIGABETH,BILLIE,1948-01-06,1948,78,F,W,UN,DEM,IL,CUMBERLAND,9061 SMITH RD,FAYETTEVILLE,28311,,12/07/2017,A,V0002215
102275_B,KT007524_B,ENOCH,JAWES,,1968-08-07,1968,58,M,W,NL,UNA,NC,WAKE,3536 CEDARWOOD DR,RALEIGH,,,02/23/2022,A,V0007386
106791_B,DY007787_B,BATES,JAMES,,1976-06-04,1976,50,M,W,NL,UNA,WV,MECKLENBURG,27 JACKSON ST,CHARLOTTE,28205,,10/24/1994,A,V0007463
105932_B,FL007864_B,NEAL,FRANKIE,,1950-09-05,1950,76,F,W,NL,UNA,NC,CARTERET,60 TAMARACK DR UNIT 31,STELLA,,7045196305,08/28/2026,D,V0009100
107269_B,MV007052_B,CULLER,CALVIN,,1947-03-20,1947,79,M,W,NL,REP,,MARTIN,6299 JONES RD LOT 25,JAMESVILLE,27846,,11/13/1968,D,V0005558
109017_B,HA002509_B,HEFNER,MADISON,,2000-03-09,2000,26,M,U,NL,DEM,NC,WILKES,3471 S ALSTON AVE,NORTH WILKESBORO,28659,,03/19/2018,A,V0004725
102103_B,YZ000915_B,WILKINS,REBECCA,EMMA,1998-06-19,1998,28,F,B,NL,REP,OC,WAKE,1843 WINDSOR RUN LANE,APEX,27502,,08/13/2021,A,V0005308
109165_B,EZ001314_B,FAISON,BILLY,,1946-08-24,1946,80,M,W,UN,REP,KY,MARTIN,11 DAVIS RD,JAMESVILLE,,3368594971,06/07/2020,A,V0006654
104013_B,FE004607_B,MCGHEB,SHATNA,LUCY,1943-02-03,1943,83,F,W,NL,DEM,,WAKE,9359 EASY ST,RALEIGH,27607,2525285234,04/07/2016,A,V0006847
102027_B,GE000797_B,HAIRSTON,ERIN,,1971-07-08,1971,55,F,W,NL,REP,MA,IREDELL,94 BLUE CREEK RD,MOORESVILLE,28117,,09/12/2025,A,V0005758
103643_B,AA007668_B,CLARK,MARF,CONNOR,1999-05-19,1999,27,U,W,NL,LIB,HI,WAYNE,74 RIDGE RD,GOLDSBORO,27534,7046895552,06/20/2017,A,V0001006
100470_B,ME009454_B,WMIGHT,WENDY,PATSY,1954-08-27,1954,72,M,W,NL,UNA,NC,FORSYTH,168 CEDAR ST LOT 12,WINSTON SALEM,27104,,09/19/2026,A,V0002877
103248_B,SW009915_B,WILEY,STACY,,1950-08-07,1950,76,U,W,NL,REP,PA,RUTHERFORD,499 E MAIN ST LOT 11,FOREST CITY,28043,,06/24/2016,A,V0009201
104614_B,TB003773_B,FRANK,RUBY,JENNIFER,2007-12-13,2007,19,F,B,UN,UNA,SC,BURKE,537 BRIARCLIFF DR APT 20,MORGANTON,28655,9106487207,10/17/2025,A,V0003987
104272_B,FS007445_B,ESTES,MARY,KIMBERLY,1990-05-03,1990,36,F,B,NL,DEM,NC,DURHAM,6652 SPRING FOREST RD,DURHAM,27701,,03/24/2011,A,V0002072
107154_B,WS006863_B,CLEMMONS,DEBBIE,FLORENCE,1991-04-02,1991,35,F,W,NL,REP,NC,BURKE,2764 LAKE RD,HICKORY,28601,,01/15/2022,A,V0006084
102278_B,EA000734_B,HEWITT,AUDRA,EMILY,1982-08-19,1982,44,F,B,NL,DEM,KY,FRANKLIN,4898 CHAPEL DRIVE,YOUNGSVILLE,27596,,03/01/2026,A,V0008275
109275_B,JC007034_B,BECK,AUDREY,HANNAN,1972-11-05,1972,54,F,B,UN,GRE,MA,ALAMANCE,452 GARRETT RD,BURLINGTON,27217,,11/15/2023,A,V0005633
106272_B,EZ001097_B,LANGDON,JENNA,,2004-08-15,2004,22,F,W,NL,DEM,,ONSLOW,40945 E CHURCH ST,JACK.,28549,,03/27/2022,A,V0006417
100440_B,SN003620_B,ADDISON,JAN,AMANDA,2000-11-13,2000,26,F,W,UN,REP,NC,GASTON,87668 N BREVARD ST,GASTONIA,28056,2529555286,03/20/2020,A,V0009148
106127_B,SX000026_B,CLARK,MARK,JESUS,1956-08-20,1956,70,U,I,NL,UNA,NC,WAYNE,6317 CHURCH ST,GOLDSBORO,27530,,03/01/2008,A,V0001128
109660_B,JN007103_B,NOBLES,MILDRED,,1959-12-17,1959,67,F,B,NL,DEM,NC,NEW HANOVER,9277 CIRCLE DR,WILMINGTON,28403,2545046172,08/07/2022,A,V0002149
107050_B,EM007282_B,HOOPER,JUSTIN,,1981-08-16,1981,45,M,W,NL,REP,CA,DAVIDSON,17711 PRICE RD,DENTON,27238,,01/26/2019,A,V0004584
100448_B,TF006730_B,LENTZ,MARCIA,JASMINE,1977-02-07,1977,49,F,W,NL,UNA,,GUILFORD,14 WEST BLVD,BROWNS SUMMIT,27214,7044138173,04/14/2004,A,V0002880
101361_B,CH003996_B,WATKINS,CHRISHOPHER,WALTER,2002-08-18,2002,24,M,A,NL,UNA,MA,STANLY,6384 DAVIS ROAD,ALBEMARLE,28001,,08/22/2022,A,V0003493
106970_B,CX005176_B,ARRINGTON,BRIAN,,1956-10-24,1956,70,M,W,NL,REP,NC,ROWAN,1419 WOODFIELD DR APT 40,SPENCER,28159,3364072256,05/05/2000,A,V0004787
106999_B,JL008138_B,LYON,SANDRA,,1980-08-04,1980,46,F,W,NL,REP,,CUMBERLAND,26 W MAIN ST,FAYETTEVILLE,28303,9195451150,07/28/1998,A,V0005019
100217_B,KE007889_B,ONIGHT,JESSIE,SHARON,1941-07-11,1941,85,U,W,NL,DEM,NM,BERTIE,176 WALTON DR,KELFORD,27846,4347847074,06/03/1991,A,V0000409
106674_B,DV006793_B,ROWLAND,DARRELL,,1945-04-17,1945,81,M,W,NL,UNA,,WAKE,5179 COLONIAL DR,WAKE FOREST,27587,9199043493,01/03/2011,A,V0001715
104351_B,YB006939_B,SMALLWOOD,AMANDA,ERIN,1990-09-02,1990,36,F,B,UN,UNA,NC,IREDELL,7705 HORSESHOE RD,MOORESVILLE,28117,,12/26/2024,A,V0003400
105060_B,HC008701_B,SMALL,KATELYN,,1976-12-12,1976,50,F,W,UN,UNA,NY,ROBESON,8482 HIGHLAND AVE APT 25,PARKTON,28376,8608732583,12/02/2023,A,V0000971
109769_B,SS008423_B,HAWKINS,BITTY,,2004-03-17,2004,22,F,W,NL,REP,NC,JOHNSTON,7654 NEW GARDEN RD,BENSON,27504,,02/22/2022,I,V0007524
100608_B,BN008591_B,GUPTON,DANIEL,,1976-02-04,1976,50,M,W,UN,REP,NC,WAKE,215 MAPLE AVE,RALEIGH,27602,,01/10/2008,A,V0004543
104875_B,MZ000329_B,SSELL,PETER,,1993-01-27,1993,33,M,W,NL,REP,VA,MECKLENBURG,24 OLD MOUNTAIN RD,CHARLOTTE,28278,,03/07/2011,A,V0003131
103175_B,JR009907_B,JAMES,BONITA,LINDA,1979-06-20,1979,47,F,A,UN,UNA,NC,RANDOLPH,3529 WILLIAMS ST,RAMS.,27316,,11/27/2015,D,V0007165
105175_B,BT004102_B,BRADSHAW,ALEXANDER,WILLIAM,1975-05-04,1975,51,M,B,UN,DEM,NC,NEW HANOVER,2208 E MAIN ST,WILM.,28405,,09/03/2025,A,V0001804
107714_B,BE003281_B,JACKSON,TANYA,SHARON,1947-12-05,1947,79,F,W,NL,UNA,PA,JOHNSTON,1875 KING RW,W. SPRING,27592,9199859170,07/22/2022,A,V0007221
106847_B,RK000439_B,FERRELL,JUSTIN,,1962-11-28,1962,64,M,B,NL,UNA,VA,WAYNE,176 N ELM ST,GOLDSBORO,27530,,07/16/2018,I,V0006656
104721_B,XM003363_B,LEARY,ALLYSON,ALISHA,1989-05-25,1989,37,F,W,NL,REP,GA,JONES,2573 LIBERTY RD,TRENTON,28586,7045150875,08/23/2020,R,V0003058
109993_B,TR001272_B,WATKINS,ERICA,SUE,1997-11-09,1997,29,F,B,NL,DEM,NC,BUNCOMBE,1996 OAK HILL DR,ASHEVILLE,28805,,06/05/2018,A,V0001454
103011_B,PR009718_B,BASS,MARY,ELIZABETH,1958-03-27,1958,68,F,O,NL,REP,NC,PITT,325 SHILOH RD,WINTERVILLE,28590,,11/12/1998,A,V0004827
101796_B,NV000498_B,MUNDY,CAROLYN,,2003-04-25,2003,23,F,B,NL,DEM,NC,ORANGE,338 FORESTDALE DR,CHAPEL HILL,27516,,02/23/2021,R,V0001615
108618_B,NF002659_B,COPELAND,CARSON,MILDRED,1994-06-15,1994,32,F,U,NL,DEM,NC,NEW HANOVER,430 LOOP RD,WILMINGTON,28403,,12/25/2026,I,V0004773
107019_B,VT003380_B,WOOTEN,MARY,THOMAS,1995-11-04,1995,31,U,W,UN,REP,FL,WAKE,299 E 10TH ST,RALEIGH,27603,,10/26/2022,A,V0006735
102138_B,ZD000267_B,SMITH,CAROL,JANA,1932-07-27,1932,94,F,W,NL,DEM,MA,WILKES,,ROARING RIVER,28669,,10/25/1988,A,V0005238
105486_B,KP000679_B,WISE,ERTC,ROGER,1964-08-23,1964,62,M,W,NL,UNA,NC,DURHAM,101 ACADEMY ST,DURHAM,,7046315515,02/17/2023,A,V0000427
108069_B,FJ001471_B,COLE,NICHOLAS,CHRISTOPHER,1979-09-20,1979,47,M,W,UN,DEM,,ANSON,48 MILLMR RD,WADESBORO,28170,,09/07/2024,A,V0001879
102163_B,SH008366_B,TORRES,PAUL,VICTOR,1993-09-09,1993,33,M,B,NL,DEM,NY,GASTON,3795 CHURCH ST,CRAMERTON,28032,2525540477,10/14/2021,A,V0008412
107614_B,GJ002181_B,JACKSON,RANDALL,JLMES,1976-07-06,1976,50,M,W,UN,UNA,PA,CUMBERLAND,1452 SPRING FOREST RD,FAYETTEVILLE,28303,,09/24/2020,I,V0007274
106902_B,GH003703_B,CAPTER,STEPHANIE,EMILY,1953-06-04,1953,73,F,W,NL,UNA,SC,GUILFORD,1185 E FRANKLIN ST,GREE.,27405,8143929455,08/07/2005,R,V0008414
105780_B,YF005467_B,JACKSON,KAITLUN,,1952-12-27,1952,74,F,W,NL,UNA,NC,MECKLENBURG,9368 LAKESHORE DR,CHARLOTTE,28277,7043010179,09/21/2019,A,V0004653
107729_B,WM005190_B,GARCIA,ADDIE,,1956-03-19,1956,70,F,B,NL,DEM,,ROCKINGHAM,52415 WEST ST,REIDSVILLE,27320,2522277829,07/23/2010,I,V0004250
104807_B,KS008994_B,DANIELS,ROBERT,WADE,1938-10-11,1938,88,M,W,NL,DEM,NC,ROBESON,5788 MARTIN LUTHER KING JR DR,LUMB.,28360,9102538797,05/12/2018,A,V0004742
104133_B,VP006076_B,SANDERS,JOHNNY,,1959-05-26,1959,67,U,B,UN,DEM,SC,GATES,4480 FERNWOOD DR,GATES,27937,,04/26/2020,A,V0003428
103542_B,LW000022_B,THOMPSON,SCARLETT,VICKI,1974-09-11,1974,52,F,W,NL,UNA,NJ,WAKE,4835 E 36TH ST,cary,27513,,11/26/1992,A,V0002937
105258_B,AA006621_B,FOWLBR,NATASHA,,1985-05-15,1985,41,F,W,NL,UNA,VA,HARNETT,355 DOGWOOD DR,BUNNLEVEL,28323,7574637956,06/21/2026,A,V0000932
101512_B,WJ009403_B,ONEAL,CHRISTOPHER,KENNETH,1997-11-04,1997,29,M,B,UN,DEM,VA,WATAUGA,1429 NORTH SHORE DR LOT 5,BOONE,28604,,01/13/2017,R,V0005586
103969_B,DM003578_B,DANIELS,SUSAN,DEBORAH,2006-12-26,2006,20,F,O,NL,UNA,NC,JACKSON,276 W MARKET ST,CHEROKEE,28719,,01/03/2024,A,V0000174
106780_B,EL006552_B,HUNT,TERENA,XETTY,1999-03-16,1999,27,F,W,NL,UNA,CO,ALEXANDER,9530 RIDGE RD,HICKORY,28601,,05/06/2018,A,V0000592
108594_B,SY000315_B,JACKSON,JEFFREY,ROBERT,1988-05-17,1988,38,M,W,NL,DEM,OH,BURKE,3571 PARK DR,MORGANTON,,3362645880,05/16/2011,A,V0005662
101039_B,SF000649_B,SPRINKLE,MAAY,,2005-05-20,2005,21,F,B,UN,UNA,OC,DURHAM,1700 UNIVERSITY RD UNIT 3,DURHAM,27701,,02/28/2023,A,V0004629
108890_B,EV000953_B,WARD,HENRY,,1987-12-25,1987,39,M,O,NL,UNA,,BRUNSWICK,7043 MUXBERRY LN,CALA.,28467,,08/02/2017,A,V0001087
102288_B,VD001663_B,ONEAL,ALEXANDRA,HELEN,1967-05-03,1967,59,F,W,NL,UNA,NY,GUILFORD,73 BRIDFORD PKWY UNIT 12,JAMESTOWN,27282,8285439413,05/18/2024,A,V0003695
106607_B,CK007710_B,SANDERS,KATHLEEN,,1983-10-05,1983,43,F,W,NL,REP,NC,JOHNSTON,285 WOODLAND DR,GARNER,27529,9172494759,07/25/2018,A,V0001300
102338_B,NH004745_B,PARKER,DANIEL,,1975-09-02,1975,51,M,U,UN,UNA,NC,IREDELL,7328 PATTERSON RD,STATESVILLE,28677,8048777807,09/06/2008,I,V0000606
106276_B,GL000516_B,SMITH,MARY,SONYA,2004-03-21,2004,22,F,W,NL,DEM,IL,WAYNE,321 OAKWOOD AVE,GOLDSBORO,27534,9102258053,02/22/2022,A,V0001295
106733_B,ER000425_B,JHHNSON,KENNETH,,1930-04-14,1930,96,M,W,UN,UNA,OC,ONSLOW,2318 LAKNVIEW DR,JACKSONVILLE,28540,,04/11/2017,A,V0003882
106634_B,TY007462_B,BURNS,JENNIFER,,1998-10-08,1998,28,F,W,NL,UNA,PR,NEW HANOVER,2706 NOTTINGHAM DR,WILMINGTON,28405,,07/06/2020,A,V0004001
101388_B,GA000925_B,BROOME,KAYE,JESSICA,1999-07-18,1999,27,F,W,NL,UNA,DE,CATAWBA,177 ANTIOCH RD,HICKORY,28602,,01/24/2018,A,V0002510
109081_B,JM009131_B,FORTE,FRANCISCO,ERIC,1957-12-11,1957,69,M,W,NL,UNA,,WILKES,704 HILLCREST DR,NORTH WILKESBORO,28659,,08/03/2016,A,V0003721
105837_B,GD000465_B,BONEY,VALERIE,,1951-02-18,1951,75,F,W,NL,UNA,NC,NEW HANOVER,3095 WASHINGTON ST UNIT 17,WILMINGTON,28405,2529219382,09/03/2024,I,V0007129
107296_B,LB004472_B,WILLIFORD,INDIA,ASHLYN,1990-03-16,1990,36,F,W,NL,UNA,CA,ROWAN,210 NINTH ST,KANN.,28085,,08/26/2024,A,V0004727
109560_B,RC005858_B,RAY,LINDSEY,,1953-01-25,1953,73,U,W,UN,REP,WV,DAVIE,305 JONES FERRY RD,MOCKSVILLE,27028,,02/25/2025,A,V0001592
105469_B,TA009627_B,MCNEILL,ANA,,1997-09-17,1997,29,F,W,NL,DEM,NY,UNION,614 E MAIN ST APT 18,MONROE,28116,9107892285,12/10/2015,R,V0004577
100376_B,JA007804_B,CAMPBELL,RICHARD,,1942-07-13,1942,84,M,W,NL,UNA,OC,CARTERET,2869 LIBERTY RD APT 7,MOREHEAD CITY,28557,9196107021,01/20/1985,A,V0005976
107659_B,XJ008102_B,REVTS,ROSA,JANET,1955-11-19,1955,71,F,W,UN,REP,NC,TRANSYLVANIA,421 CLEVELAND AVE,BREVARD,28712,,03/02/2020,I,V0002885
107073_B,JS008812_B,MELENDEZ,ALMA,,2005-04-21,2005,21,F,W,NL,REP,NC,MECKLENBURG,2251 DOGWOOD DR,MATTHEWS,28105,,02/13/2023,A,V0000568
102979_B,NA000878_B,KELLEY,REGINA,,1990-11-12,1990,36,U,W,UN,UNA,,DURHAM,439 N MAIN ST,DURHAM,27703,3365368632,11/26/2025,A,V0005540
108327_B,MX003209_B,WRITHT,BOBBY,CLAUDE,1987-10-25,1987,39,M,M,UN,DEM,NC,PITT,1403 BUFFALO SHOALS RD LOT 31,GREE.,27858,6175997904,10/09/2005,A,V0007734
108658_B,SE000412_B,HONMES,DONALD,,1957-12-23,1957,69,M,W,NL,UNA,NY,MADISON,247 OLD MILL RD,MARSHALL,,,04/05/2001,A,V0009417
108683_B,NB000068_B,JAMES,MICIAEL,,1927-11-26,1927,99,U,A,NL,UNA,NM,GUILFORD,1461 WILDWOOD RD,HIGH POINT,27260,3362633502,03/03/2023,R,V0004191
103646_B,XH007406_B,BUSH,CHRISTINA,BONITA,1992-12-26,1992,34,F,B,NL,UNA,NC,CABARRUS,368 WILLOW DR APT 13,CONCORD,28027,,02/05/2010,A,V0007365
107020_B,XE009267_B,LEWIS,DOROTHY,,1960-10-20,1960,66,F,B,NL,UNA,NY,GUILFORD,69 WILLARD ST,HIGH POINT,27263,,10/18/1986,A,V0002663
107465_B,EM006275_B,CRUZ,ALEX,VUSTIN,2007-05-11,2007,19,M,W,NL,REP,MS,MECKLENBURG,1061 CHURCHILL DR,CHARLOTTE,28269,,01/15/2025,A,V0004399
105389_B,CX001960_B,SMITH,JOHN,,2008-12-16,2008,18,U,W,UN,REP,NC,WAKE,508 N MAIN ST,RALEIGH,27610,,03/01/2026,I,V0007955
108314_B,XT003913_B,MOORE,STEWART,,2003-05-09,2003,23,M,W,UN,REP,TX,BUNCOMBE,1566 ROBERTS ROAD,WEAVERVILLE,28787,,03/24/2021,A,V0001676
107746_B,ZS001888_B,BRYANT,TROY,,1992-12-01,1992,34,M,W,NL,UNA,,MACON,1883 WALNUT ST,FRANKLIN,28734,,05/12/2026,A,V0001161
109872_B,JF007021_B,CARTER,CAMERON,APRIL,1969-02-12,1969,57,F,W,NL,UNA,OC,BUNCOMBE,1383 AWBEMARLE RD,ASHEVILLE,28806,9197925196,10/04/2019,A,V0001830
109527_B,LJ003544_B,ROBINSON,BELINDA,ROBERT,1963-07-13,1963,63,U,U,NL,REP,NY,WAYNE,120 FAIRVIEW DR,PIKEVILLE,27863,,11/15/2016,R,V0008516
108513_B,GT001758_B,JOHNSON,ROBERT,,1965-10-16,1965,61,M,B,UN,DEM,NY,MECKLENBURG,294 FRONT ST APT 10,HUNTERSVILLE,28072,,11/22/1984,A,V0007838
105538_B,YM006184_B,LUCAS,PHILLIP,RONABD,1991-01-21,1991,35,M,B,UN,DEM,DE,MECKLENBURG,7358 FAIRWAY DR,CHARLOTTE,28279,,03/04/2020,A,V0004096
101413_B,DW007357_B,FRANK,RICHARD,,1992-01-08,1992,34,U,U,UN,UNA,,MECKLENBURG,,CHARLOTTE,28227,,09/28/2024,I,V0005160
109237_B,GH003341_B,GIBSON,TIA,,1991-02-14,1991,35,U,W,UN,REP,OC,MECKLENBURG,724 W FIRST ST,CHARLOTTE,28205,,11/23/2020,A,V0005270
108532_B,GF001432_B,LYLES,CAROL,,1995-07-27,1995,31,F,W,NL,DEM,NY,MOORE,1912 HARRIS RD,SOUTHERN PINES,28387,,06/24/2015,I,V0001597
104601_B,HV007918_B,SIMMONS,CHARLES,CHRISTOPHER,1987-05-03,1987,39,M,W,NL,REP,NC,LINCOLN,419 COUNTY LINE RD,LINCOLNTON,,,02/10/2019,A,V0007260
107065_B,SC003718_B,DILLGN,OMAR,GLEBN,1964-08-28,1964,62,M,B,UN,DEM,,CLEVELAND,5084 GEORGIA AVE APT 22,GROVER,28073,,04/13/2016,A,V0000684
107651_B,RP006424_B,WILLIAMS,CHRISTOPHER,,1975-01-10,1975,51,F,W,NL,REP,NC,MOORE,422 LAKE RD,CAMERON,28326,,12/12/2000,A,V0004147
106208_B,VP002355_B,MCALISHER,THOMAS,,1941-05-21,1941,85,M,W,NL,REP,NC,GASTON,8495 WALNUT ST,GASTONIA,28059,6124713483,05/03/1992,A,V0000786
100945_B,WL005285_B,ADAMS,CELIA,,1977-05-11,1977,49,F,I,NL,DEM,UT,WAKE,5389 HARDING PL,apex,27523,,10/01/1995,A,V0002057
109665_B,DX007026_B,HAMMOND,MARGIE,DEBBIE,1959-05-07,1959,67,F,B,NL,UNA,NC,FORSYTH,1983 EDGEWOOD DR,WINSTON SALEM,27103,,11/26/1984,A,V0001650
107781_B,YE000668_B,PRICE,DWAYNE,ROBERT,1975-09-15,1975,51,M,W,UN,REP,NY,MOORE,359 UNIVERSITY RD,CARTHAGE,28327,8288885092,05/03/2026,A,V0004512
100147_B,HF000997_B,WHITMAN,CHRISTOPHER,BRANDON,1992-03-16,1992,34,M,W,NL,DEM,NC,ORANGE,,EFLAND,27243,,01/27/2024,R,V0002683
100955_B,SS003759_B,LUCAS,JACQUELINE,,1979-03-21,1979,47,F,O,NL,UNA,MA,CURRITUCK,3917 CLEARWATER DR,SHAW.,27973,,05/03/2020,A,V0005995
109762_B,LF007345_B,SELLERS,TIIRRA,KIM,1998-01-27,1998,28,F,W,NL,UNA,NC,SAMPSON,9486 STATE ST,DUNN,28334,4104858341,06/04/2024,A,V0007078
101977_B,EY004894_B,FRIEDMAN,TAMMY,BARBARA,1989-12-19,1989,37,U,W,NL,UNA,NC,WAKE,,CARY,27513,9106808355,02/11/2020,A,V0008571
101096_B,YT000583_B,STANLEY,ROSA,,1995-01-15,1995,31,F,W,NL,DEM,OK,WAKE,1002 WINDSOR RUN LN,RALEIGH,27604,,11/28/2013,A,V0005987
105699_B,VB005696_B,WHITE,ANGELA,SISA,1994-04-03,1994,32,F,W,NL,UNA,NC,AVERY,8088 STATE STREET,NEWLAND,28656,8283515114,01/07/2020,A,V0005959
103230_B,DX007472_B,BARNES,COURTNEY,JADA,1957-02-05,1957,69,U,B,UN,DEM,MO,GRANVILLE,944 SAGAMORE DR,WAKE FOREST,27587,,05/06/2024,A,V0007247
101215_B,RN009760_B,LYRCH,LEE,,1994-01-03,1994,32,M,W,NL,REP,IN,NEW HANOVER,1869 LINCOLN ST,WILMINGTON,,,03/20/2012,A,V0001758
105853_B,TR005327_B,YOST,CHRISTINE,PATRICIA,1995-08-25,1995,31,U,W,NL,UNA,,CLEVELAND,380 EASY ST,GROVER,28073,,02/01/2013,A,V0003257
107888_B,YT000495_B,WHITE,MAURICE,BILL,1997-07-16,1997,29,M,W,NL,UNA,NC,BRUNSWICK,3351 HILLSBOROUGH ST,BOILING SPRING LAKES,28461,,12/18/2020,A,V0006565
107399_B,AW009892_B,WALSH,JUSTINE,,1983-10-10,1983,43,F,W,NL,UNA,NC,HENDERSON,132 BAILEY RD,MILLS RIVER,28759,,04/16/2001,A,V0005175
104067_B,YP008114_B,BARNES,PATRICIA,,1973-05-16,1973,53,U,B,NL,REP,NC,NORTHAMPTON,,PENDLETON,27862,7043373836,11/01/2016,A,V0006991
106642_B,NY009320_B,RICHARDSON,CHERYL,,1997-07-22,1997,29,F,W,NL,UNA,,COLUMBUS,9165 EDWARDS RD APT 8,DELCO,28436,9108334099,07/08/2017,I,V0003876
105670_B,MV004111_B,CHAMBERS,STEPHEG,,1983-08-18,1983,43,M,U,NL,UNA,NC,MECKLENBURG,8578 RIVER RD,CHARLOTTE,28205,9109871123,07/16/2026,A,V0000029
100319_B,YH005906_B,WILLIAMS,DANIEL,THOMAS,1987-10-27,1987,39,M,U,UN,UNA,NC,BRUNSWICK,1733 JACKSON RD,CALABASH,28467,,06/25/2008,A,V0004026
104101_B,GM006468_B,WHITE,SUSAN,HAYLEY,1940-12-15,1940,86,F,U,NL,UNA,NC,MECKLENBURG,7969 PARK ST,CORNELIUS,28031,,07/10/2021,A,V0007409
106747_B,BT002879_B,HENDERSON,PAUL,GROVER,2003-03-03,2003,23,M,W,NL,DEM,NC,JOHNSTON,108 WINDSOR RUN LN,ZEBULON,27597,,02/18/2021,I,V0002306
102029_B,EG007449_B,ARTIF,BETTY,,1960-09-07,1960,66,F,W,UN,UNA,NC,CABARRUS,4436 MARTIN ST,KANNAPOLIS,28083,,12/18/2020,A,V0000481
107858_B,YL009995_B,HEATH,MONIQUE,,1953-06-09,1953,73,F,B,UN,DEM,,CRAVEN,9331 UNIVERSITY RD,NEW BERN,28562,,10/11/2022,R,V0008245
102344_B,PC005673_B,MOORE,LISA,KENDRIJK,,1954,72,M,W,NL,REP,NC,CRAVEN,141 W TRADE ST,NEW BERN,28560,,08/09/2016,A,V0003989
107658_B,BT006999_B,GOMEZ,JAMES,DAVID,1953-05-17,1953,73,M,W,NL,UNA,NC,MECKLENBURG,1492 BREEZEWOOD DR,CHARLOTTE,28277,,11/12/2020,A,V0007774
104826_B,NL008914_B,HIGGINS,MONICA,MARISSA,1984-11-27,1984,42,F,W,NL,DEM,CA,ONSLOW,320 MARTIN ST,HOLLY RIDGE,28445,,11/13/2024,A,V0000986
105384_B,BG007538_B,WILLIAMS,KENNETH,JOSEPH,1982-08-15,1982,44,M,B,NL,DEM,NC,ROWAN,4281 FAIRWAY DR,SALISBURY,28147,,07/13/2024,A,V0004626
102846_B,BH001247_B,HUGHES,ROBERT,ROBERT,1964-05-26,1964,62,M,B,NL,DEM,NC,GASTON,2387 DAVIS RD,STANLEY,28164,,01/21/2018,R,V0008351
101120_B,DP005081_B,LOCKLEAR,FLORENCE,HALEY,1969-09-03,1969,57,F,B,UN,UNA,NC,WAKE,9298 FRONT ST,APEX,27502,7043960066,11/23/2012,A,V0005760
105568_B,ZL001867_B,WINSLOW,IRIS,,2003-08-01,2003,23,F,W,UN,REP,NC,LINCOLN,331 CANAL DRIVE,STANLEY,28164,,11/16/2025,A,V0006204
101647_B,AZ009436_B,ROBERTS,MARK,WILLIAM,1994-08-18,1994,32,M,W,UN,DEM,NC,MECKLENBURG,852 MARTIN ST,CHAR.,,,08/02/2012,R,V0003521
103624_B,ZK003011_B,MOSLEY,ANGELA,BRENDA,1979-09-05,1979,47,F,W,NL,REP,SC,SURRY,568 E FRANKLIN ST UNIT 37,DOBSON,27017,,11/27/2018,A,V0008436
104690_B,NX002645_B,SHELTON,CHRISTOPHER,,2002-02-18,2002,24,U,W,UN,UNA,NC,GUILFORD,1474 MEADOW LN,GREENSBORO,27405,2524581778,04/21/2020,A,V0008228
106349_B,CH002931_B,GAINEY,RUBY,,1997-02-19,1997,29,F,U,UN,DEM,NC,CURRITUCK,345 W SECOND ST,GRANDY,27939,5059163274,05/04/2020,I,V0001232
107101_B,ML007536_B,JARRETT,HEATHER,,1937-06-28,1937,89,F,O,UN,UNA,NY,WAKE,510 N MAIN ST,RALEIGH,27615,,01/10/2004,A,V0009167
102381_B,KK009315_B,BURGESS,NATHAN,,2006-08-08,2006,20,M,W,UN,UNA,NC,WAKE,3021 HAWKINS ST LOT 28,RALEIGH,27604,8606372506,02/28/2024,A,V0003938
103989_B,BS004217_B,JONES,ASHLEY,VICTORIA,1965-08-10,1965,61,F,B,NL,UNA,MN,ROWAN,1852 BETHEL CHURCH RD,SALI.,28144,9196541897,02/18/2017,R,V0003441
100397_B,VP000840_B,PHILLIPS,SANDY,MARK,1963-05-28,1963,63,M,B,UN,REP,MD,FORSYTH,2764 FOREYT DR,LEWISVILLE,27023,3308552049,10/17/1989,A,V0007408
107769_B,CK001941_B,MILLER,TARA,PEGGY,1991-08-23,1991,35,F,B,NL,UNA,NC,WAYNE,4750 PARK RD,PRINCETON,27569,,01/02/2016,A,V0002731
104599_B,JP004774_B,WILLIAMS,SANDY,SHANNON,1993-10-19,1993,33,F,B,NL,UNA,CA,CABARRUS,49035 E HAGGARD AVE LOT 29,CONCORD,28027,,09/15/2011,I,V0008878
103681_B,WA005091_B,NIX,PAUL,CHRISTOPHER,2005-11-15,2005,21,M,W,NL,UNA,NC,GRANVILLE,1153 HAW BRANCH RD,STEM,27587,9194995244,07/18/2023,R,V0009325
104758_B,NN007222_B,WATFORD,CARSON,STEPHEN,1985-06-03,1985,41,U,O,NL,UNA,TX,DAVIE,3447 JONES RD,MOCK.,27028,9108977098,12/13/2003,D,V0004595
104073_B,MB000341_B,CHANDLER,NICHOLAS,,2001-10-09,2001,25,M,W,NL,REP,MI,TRANSYLVANIA,9550 COUNTRY CLUB DR,LAKE TOXAWAY,,9195431110,09/21/2019,A,V0003680
103807_B,XS008459_B,GNAHAM,MOQICA,IRIS,1979-05-05,1979,47,F,W,UN,REP,NY,CABARRUS,54 COLLEGE ST,CONCORD,,,12/01/2023,I,V0007887
108023_B,XK005289_B,FINLEY,TYRONE,,1953-01-28,1953,73,M,W,NL,REP,NC,LINCOLN,1863 W 5TH ST,LINCOLNTON,28092,,12/01/2008,D,V0008760
106471_B,CE009405_B,CALLAHAN,MICHELLE,JORDAN,,1976,50,U,O,NL,UNA,NC,DAVIDSON,,LEXINGTON,27292,,06/04/1999,A,V0001766
100467_B,LX006601_B,DEVINE,ALICE,,1961-07-22,1961,65,F,B,UN,DEM,CA,ONSLOW,37684 PAUL HARDIN DR,JACKSONVILLE,28546,8282077772,06/11/2018,A,V0003368
109306_B,FF009655_B,POWERS,VICTORIA,,1954-06-08,1954,72,F,B,NL,DEM,,UNION,795 CANTERBURY RD,MONROE,28110,,10/18/2006,A,V0006119
105073_B,ML004904_B,SHAW,BETTY,,1964-04-02,1964,62,F,W,NL,UNA,NC,CHATHAM,459 ROCKFORD ROAD,PITTSBORO,27312,2525396317,07/12/2020,I,V0002538
106802_B,MK001114_B,SAPP,JOHN,,1963-08-28,1963,63,M,W,NL,REP,MI,GUILFORD,508 QUEENS RD,GREENSBORO,27455,,02/28/2025,A,V0002544
100802_B,XX004508_B,THOMPSON,STACLEY,,1997-09-10,1997,29,M,W,NL,REP,CA,NEW HANOVER,356 SPRUCE ST,WILMINGTON,28409,2524621799,05/28/2015,A,V0001291
108139_B,PN003384_B,SOUTPERLAND,EDWARD,,1980-04-08,1980,46,M,W,UN,UNA,LA,MECKLENBURG,206 PENNY RD,CHARLOTTE,28271,,11/21/2026,R,V0009276
106422_B,EJ008848_B,BROWN,ASHLYN,,1965-06-18,1965,61,F,B,NL,DEM,NC,FRANKLIN,4476 BROOKFIELD DR LOT 38,LOUISBURG,27549,,11/06/2020,A,V0004410
108607_B,VC009286_B,CORBETT,PAMELA,TENESA,1982-02-01,1982,44,F,W,UN,UNA,NC,CABARRUS,345 OAK GROVE RD,CONCORD,28027,,06/02/2007,A,V0006541
100455_B,BG008948_B,DRAKE,CHLOE,,2005-03-20,2005,21,F,W,NL,UNA,NJ,GUILFORD,3450 UNIVERSITY DR,OAK RIDGE,27310,4434024152,09/06/2023,A,V0004118
107303_B,LJ005472_B,ROYAL,WANDA,,1980-07-15,1980,46,F,W,UN,UNA,,IREDELL,1233 RANDOLPH RD,STATESVILLE,28677,,12/25/2020,A,V0004403
101477_B,CE002325_B,FORD,AECOB,,1998-01-09,1998,28,M,B,NL,DEM,,BUNCOMBE,93 W MOREHEAD ST,ASHEVILLE,28806,9103170336,10/02/2016,A,V0005167
109933_B,SN004115_B,ELLIS,DWAYNE,DAVID,1945-06-21,1945,81,M,I,UN,DEM,OH,CALDWELL,565 MAIN ST,HUDSON,28638,,05/20/2013,A,V0006798
104929_B,CH000450_B,WINSLOI,ANTHONY,,1971-07-07,1971,55,M,A,NL,UNA,NC,CLEVELAND,958 LONGVIEW DR,SHELBY,28150,,04/13/1999,I,V0005856
109273_B,CC003431_B,HOLT,NORMA,,1958-09-13,1958,68,F,W,NL,UNA,,WAKE,9166 ALLEN RD,RALEIGH,27615,8286527253,06/12/2018,I,V0001182
103079_B,FC000215_B,SPENCER,SANDRA,BEVERLY,1990-11-14,1990,36,F,W,UN,UNA,NC,ROCKINGHAM,2636 FAYETTEVILLE ST,STOKESDALE,27357,7036375634,09/07/2018,A,V0000146
105784_B,EP003543_B,VENABLE,DANIEL,,1976-03-05,1976,50,M,B,UN,UNA,,PENDER,4073 BOONE TRL,HAMP.,28448,3366798638,08/16/2018,I,V0000113
107255_B,YL004963_B,LAWING,SOFIA,,1996-09-14,1996,30,F,W,NL,DEM,MD,MECKLENBURG,1659 EVANS RD,CHARLOTTE,28277,2525074497,06/07/2014,A,V0002488
102489_B,ZK003819_B,DIXON,LILLIAN,,,1956,70,F,B,NL,DEM,VA,MADISON,,MARS HILL,28754,7046303919,09/12/2023,A,V0000318
108166_B,DG004511_B,SLHNEIDER,JONATHAN,RONNIE,1977-10-20,1977,49,M,A,NL,REP,NC,ALEXANDER,745 W 5TH ST UNIT 12,TAYLORSVILLE,28681,,02/01/2018,R,V0000927
106630_B,XJ005708_B,DAVIS,JAMES,KEVIN,1973-12-07,1973,53,M,A,NL,REP,SC,BRUNSWICK,70 THOMPSON RD,SUPPLY,28462,,11/02/2021,A,V0001845
100063_B,GZ005670_B,WHITE,SARAH,APRIL,1946-11-21,1946,80,F,W,NL,REP,NC,BEAUFORT,1893 E MAIN SO,WASHINGTON,27889,,12/13/2021,A,V0007957
109617_B,XB005310_B,DAYE,ANTHONY,,1959-09-03,1959,67,M,W,NL,UNA,VT,ROWAN,8399 E CHURCH JT,SALI.,28146,7328781748,03/13/1984,A,V0001059
106377_B,VS007180_B,ENGLISH,PATRIEK,,1998-08-11,1998,28,M,W,NL,UNA,OH,WAKE,286 HENRY ST,WILLOW SPRING,27592,3132392692,11/06/2026,A,V0005336
103828_B,AA002906_B,STEELE,JAMES,JAMES,1990-01-04,1990,36,U,W,UN,REP,NC,DARE,8958 COUNTY LINK RD,K. DEVIL HILLS,27948,7043833277,05/12/2024,A,V0007575
101918_B,NA005324_B,BECKER,ELIZABETH,LUCIA,1975-04-06,1975,51,F,B,NL,DEM,CA,MECKLENBURG,644 SHILOH RD,CHARLOTTE,28205,,12/23/1993,A,V0008541
108940_B,GC002171_B,BYRD,TANYA,,1985-07-24,1985,41,F,W,NL,REP,NY,WAKE,519 N MAIN ST,RALEIGH,27616,,08/05/2016,A,V0006252
107722_B,HS003512_B,CABRERA,JOANN,CHRISTINE,1973-06-09,1973,53,F,W,NL,DEM,NY,DAVIDSON,4471 ALEXANDER RD APT 3,THOM.,27360,,08/19/2024,A,V0005570
102181_B,LR005046_B,HERNANDEZ,JANICE,LESLIE,1950-10-03,1950,76,F,O,UN,REP,,CATAWBA,5351 NORTHWOODS DR,CLAREMONT,28610,9103476805,08/15/2000,A,V0005082
101476_B,MN001473_B,WALKER,MEGHAN,,2001-10-14,2001,25,F,W,NL,UNA,NC,FORSYTH,2802 RHVER RD,W. SALEM,27106,3369421338,04/27/2024,A,V0006004
107893_B,XW008771_B,HOUSER,NIMOTHY,DONNA,1964-10-02,1964,62,U,W,UN,UNA,SC,DAVIDSON,202 NEW BERN ST APT 4,WINSTON-SALEM,27127,,03/25/1992,A,V0003311
100831_B,MF005004_B,MEDLEY,CASEY,HELEN,1970-12-15,1970,56,F,B,UN,DEM,,CABARRUS,1508 W MARKET ST,CONC.,28027,,11/10/1988,R,V0002049
109217_B,TV006292_B,MIZE,CURTIS,,1998-03-28,1998,28,M,W,NL,REP,NC,HARNETT,311 SOUTH BLVD,LILLINGTON,27546,,05/18/2016,A,V0004201
106636_B,SF007137_B,MCMILLAN,LORA,,1968-11-02,1968,58,F,W,NL,UNA,,MECKLENBURG,126 VIRGINIA AVE,CHARLOTTE,28207,,10/14/1996,R,V0008758
102406_B,TG003140_B,REAVIS,DIANA,AMY,1995-09-27,1995,31,F,W,NL,UNA,SC,UNION,3802 SIX FORKS RD,WAXHAW,28173,,07/07/2021,A,V0007201
101612_B,VG006332_B,WISE,ROSEMARY,KRYSTAL,1998-01-12,1998,28,F,B,UN,DEM,MD,MOORE,92 STADIUM DR,CARTHAGE,28323,7049782330,09/21/2016,R,V0009041
100718_B,NL008252_B,HARRIS,AMY,LILLIE,1998-10-23,1998,28,F,O,NL,UNA,SC,IREDELL,4584 CHAPEL DR LOT 2,MOORESVILLE,28115,2526863563,05/27/2016,I,V0006026
105202_B,ED001368_B,GRISSOM,THOMAS,CHARLIE,1991-05-12,1991,35,M,W,NL,REP,NC,RUTHERFORD,4028 VALLEY RD,FOREST CITY,28043,9198310239,07/19/2009,A,V0005104
104257_B,CN009189_B,COWARD,JENNIFER,COSNELIA,1984-02-11,1984,42,F,B,UN,DEM,FL,GRANVILLE,90 RED HILL RD,OXFORD,27565,7043912583,09/13/2012,R,V0006724
106034_B,VL002706_B,WHITNEY,ALEXANDER,EDWARD,1966-09-14,1966,60,M,W,NL,REP,NY,CUMBERLAND,,HOPE MILLS,28348,9105817621,12/15/1984,A,V0007461
109894_B,AW005305_B,GIBSON,KELLY,BRINDI,1958-11-28,1958,68,F,W,UN,REP,NC,PITT,295 GLENDALE DR,GREENVILLE,27834,,10/11/2025,A,V0003995
102097_B,WH009319_B,ROBERTSON,KATHLEEN,,1981-03-21,1981,45,F,W,UN,UNA,MD,FORSYTH,823 WALTON DR,W. SALEM,27127,2528558541,03/27/1999,A,V0003122
101315_B,WK006112_B,SWARTZ,JACQUELINE,LINDA,1996-08-02,1996,30,U,W,UN,REP,IN,WAYNE,1066 PLEASANT RIDGE RD,GOLDSBORO,27530,7046126696,10/24/2018,A,V0001082
100770_B,JM006674_B,ANDERSON,JOHN,RICHARD,1974-10-06,1974,52,M,W,NL,UNA,AL,JOHNSTON,441 LEE ST,KENLY,27542,,10/20/2009,A,V0003172
100335_B,WN000269_B,NEWKIRK,EAUL,,1984-03-18,1984,42,M,W,NL,UNA,NC,VANCE,238 HOWARD STREET,HENDERSON,27536,9107533767,11/25/2002,A,V0003715
107896_B,JG001046_B,LOCKE,AMANDA,,1956-05-12,1956,70,F,W,NL,REP,OC,ROCKINGHAM,125 NC 54,MAYODAN,27027,9807803232,11/06/2012,A,V0001186
100112_B,CA006009_B,HANDY,STEVEN,RONALD,1966-03-20,1966,60,M,W,UN,REP,NC,NASH,127 COLONIAL DR,R. MOUNT,27804,7872737696,07/07/2020,A,V0002402
103065_B,CR003130_B,PHILLIPS,EUGENE,JOHNATHAN,1961-12-02,1961,65,M,B,NL,DEM,CA,CABARRUS,6077 WEST BLVD,CONCORD,28027,,09/08/2023,A,V0006301
109122_B,AB004239_B,BENSON,DEBORAH,,1998-07-21,1998,28,F,W,NL,UNA,MA,CUMBERLAND,383 S GASALLE ST,FAYETTEVILLE,28301,,05/04/2016,I,V0002109
106110_B,KJ000415_B,BOWERS,KKSEY,,1965-01-20,1965,61,F,B,NL,UNA,NC,GUILFORD,4873 WILLIAMS RD,GREENSBORO,27410,7167065551,11/05/1984,A,V0004165
108707_B,ZX002754_B,CARR,STEPHEN,JAMES,1951-09-26,1951,75,M,A,NL,UNA,MD,WAKE,431 WHITE ST,RALEIGH,27610,9103111470,11/21/1996,R,V0001217
104455_B,LV000945_B,FENNELL,MICHELLE,DENNIS,1990-08-14,1990,36,U,W,UN,REP,MI,WAKE,5 PINE ST,MORR.,27564,2085381964,08/17/2008,A,V0009014
105207_B,VG004243_B,WILLIAMS,DEREK,JAMDS,1953-06-16,1953,73,M,B,UN,DEM,NC,MOORE,6852 RALEIGH ST,PINEHURST,28374,3363633110,08/20/2018,A,V0000494
109536_B,MA002227_B,TARLTON,SUZANNE,,1948-05-23,1948,78,F,W,UN,REP,NC,FORSYTH,1593 NORTHWOODS DR,WINSTON SALEM,27103,7042682464,08/14/2018,A,V0006646
108136_B,ZC008760_B,CARLTON,HELEN,,1942-03-02,1942,84,U,W,UN,UNA,NY,FORSYTH,395 EASTWAY DR,KERNERSVILLE,27284,,03/27/1998,A,V0003564
104485_B,ZZ001364_B,SMITH,ANNA,,1974-08-24,1974,52,F,B,UN,DEM,PA,WAKE,482 HEWITT ST,APEX,27523,,02/20/2019,A,V0001535
105004_B,YR002557_B,MORRIS,MAURICE,,1936-10-17,1936,90,M,B,UN,DEM,VA,MECKLENBURG,,CHARLOTTE,28211,,11/24/2005,A,V0000641
109152_B,HA008578_B,HART,EDWARD,,1965-02-16,1965,61,M,W,NL,REP,PA,CHOWAN,4222 PLANTATION DR,EDENTON,27932,,09/10/2024,I,V0002647
107586_B,DR002204_B,FERRIS,EDDIE,,1957-12-02,1957,69,M,W,NL,REP,VA,MECKLENBURG,245 MONROE ST,HUNTERSVILLE,28078,,04/04/1999,A,V0004508
106442_B,RX005433_B,POWELL,PATRICIA,,2001-08-25,2001,25,F,W,NL,DEM,NC,GUILFORD,371 E MAIN ST LOT 33,OAK RIDGE,27310,8646763898,01/13/2019,A,V0000618
104496_B,BD008457_B,ASHLEY,BARBARA,,1972-08-11,1972,54,F,W,UN,UNA,NY,WAKE,297 COLLEGE ST,RALEIGH,27610,,08/11/2024,A,V0001414
100423_B,HN005876_B,SMITH,LUME,,1998-10-01,1998,28,M,B,HL,DEM,DC,UNION,9648 MCCONNELL RD UNIT 20,INDIAN TRAIL,28079,,12/12/2026,A,V0007816
100378_B,TP009293_B,SARGENT,DONALD,,1953-09-15,1953,73,M,M,UN,REP,NC,MECKLENBURG,,CHARLOTTE,28219,,09/07/2016,I,V0003090
102095_B,EJ000196_B,ANDERSON,MONICA,MARTHA,1944-07-25,1944,82,F,W,UN,DEM,MD,WILSON,5628 E 36TH ST,ELM CITY,,9103844612,05/04/2010,A,V0008717
101358_B,ND002536_B,MAYS,GWEGORY,,1973-08-28,1973,53,M,W,UN,DEM,NC,ALAMANCE,263 MARTIN LUTHER KING JR BLVD,BURLINGTON,27215,,10/19/1991,R,V0002192
107262_B,JV005994_B,FIELDS,NATHAN,,1968-06-01,1968,58,M,W,NL,REP,NE,FORSYTH,1181 FAIRVIEW RD,W. SALEM,27106,,02/23/2025,A,V0000835
105876_B,TN006170_B,ROGEBS,TAYLOR,,1950-06-07,1950,76,F,W,NL,REP,FL,DURHAM,1914 S CHURCH ST LOT 12,DURHAM,27713,,10/15/2024,A,V0003539
103981_B,FG001239_B,RICHARDSON,GORDON,ROBERT,1994-03-20,1994,32,M,W,UN,UNA,NC,HARNETT,,BROADWAY,27505,,03/03/2014,A,V0004068
102716_B,GA000581_B,BUCK,ALEXANDER,,1986-05-25,1986,40,U,B,UN,DEM,NC,GUILFORD,223 CENTER RD,GREENSBORO,27410,,09/11/2004,I,V0001438
101067_B,TN009176_B,ZIMMERMAN,PATRICK,JOHNNY,1981-01-01,1981,45,M,W,NL,UNA,NC,PENDER,608 BROAD ST,BURGAW,28425,,04/12/2016,A,V0005665
103263_B,NB002032_B,ALLISON,RUTH,VALERIE,1928-03-18,1928,98,F,W,NL,DEM,MI,WAKE,71467 PINEWOOD DR,RALEIGH,27603,3365175901,01/28/2008,A,V0000884
103686_B,JY002882_B,ALLEN,EPICA,,2008-05-03,2008,18,F,W,UN,REP,NY,WAKE,1740 RED HILL RD,ZEBULON,27590,9809954006,11/16/2026,A,V0005495
102419_B,MY000180_B,CLAYTON,LISA,,1978-10-20,1978,48,F,W,NL,REP,NC,CARTERET,638 SUNSET AVI,NEWPORT,28570,2524207355,05/07/1996,R,V0005960
109134_B,RR000393_B,SMITH,ETHAN,,,1957,69,U,W,UN,UNA,WI,MECKLENBURG,458 ELIZABETH AVE,CHARLOTTE,28216,9103852566,03/18/2009,A,V0002973
104992_B,KV006313_B,NEWSOME,PAMELA,,2000-10-14,2000,26,F,B,NL,DEM,OH,UNION,4550 LEE ST,INDIAN TRAIL,28079,,06/01/2020,R,V0006466
108288_B,VZ003298_B,DEBERRY,WILLIAM,,1988-11-10,1988,38,M,W,NL,DEM,NC,UNION,443 DIXON RD,WAXHAW,28173,,11/16/2006,A,V0009225
109063_B,SM001710_B,GRANT,GLORIA,AMIE,1967-02-25,1967,59,F,O,NL,UNA,,GUILFORD,1455 BROWN RD,GREENSBORO,27407,,09/28/2010,A,V0002883
103673_B,NT002881_B,MORROW,NICOLE,,1984-10-12,1984,42,F,W,UN,REP,MD,STOKES,6220 ELM ST,PINNACLE,27043,,10/18/2025,I,V0004062
104912_B,ME000845_B,SMITH,THOMAS,,2000-07-15,2000,26,M,B,NL,DEM,NC,RANDOLPH,95 NORTH STREET,RAMSEUR,27316,9198065048,09/02/2018,A,V0005710
107645_B,JJ007775_B,LEWIS,ANTHONY,,1963-03-23,1963,63,U,W,NL,UNA,,WAKE,1032 LONGLEAF DR,RALEIGH,27604,,06/08/2019,A,V0004813
104486_B,LW009839_B,BATTLE,JANICE,,2000-01-22,2000,26,F,W,NL,UNA,NC,FORSYTH,53 CHESTNUT STREET,CLEMMONS,27012,,07/26/2024,A,V0006524
108787_B,ZM005349_B,MOORE,ROBERT,DAVID,1995-01-12,1995,31,M,W,UN,LIB,NC,CALDWELL,23 ST ALBANS DR,LENOIR,28645,,09/19/2013,I,V0000833
108408_B,RW001041_B,SIMPSON,EMILY,,1963-07-10,1963,63,F,W,UN,REP,GA,IREDELL,1461 CHURCH ST,HARMONY,28634,,06/14/2017,D,V0004842
102777_B,TG002187_B,BAILEY,JAMES,BRBBY,1953-05-15,1953,73,M,W,NL,REP,NC,UNION,69 MAGNOLIA DR,INDIAN TRAIL,,,11/20/1982,A,V0000863
103980_B,VS008551_B,JOHNSON,DENNIS,,1974-07-07,1974,52,M,U,NL,DEM,VA,DAVIDSON,536 LAKEVIEW DR,LEXINGTON,27295,3363908708,03/21/2023,A,V0004452
102748_B,MB004957_B,WALKER,DANIEL,,1957-06-13,1957,69,M,W,NL,REP,NJ,WAKE,17 RIDGECREST DR,RALEIGH,27603,,05/26/2022,A,V0005785
106877_B,ZP008413_B,REED,DAVID,,1948-03-19,1948,78,M,B,NL,DEM,NY,ROCKINGHAM,957 SECOFD ST,STONEVILLE,27048,,05/01/2025,A,V0007705
106318_B,PB000684_B,AHMED,MICHELLE,,1973-01-26,1973,53,F,W,NL,REP,NY,IREDELL,,MOORESVILLE,28117,,06/12/2022,A,V0005879
103595_B,KS009463_B,BONNER,MILTON,,1954-03-02,1954,72,M,U,NL,UNA,WV,CABARRUS,24915 SOMERSET DR,HARRISBURG,28075,,06/20/2019,A,V0003776
109972_B,PK003711_B,MABE,LAWN,LATONYA,1973-02-04,1973,53,U,B,NL,UNA,CT,WAKE,336 LAKE DR,HOLLY SPRINGS,27540,,09/19/2017,I,V0008093
106256_B,HR009910_B,STERN,JEREMY,,1968-04-21,1968,58,M,U,NL,UNA,NC,RICHMOND,1397 MT OLIVE CHURCH RD,LAUREL HILL,28351,2523698679,06/19/2020,A,V0005253
105934_B,VN000048_B,WILLIAMS,THOMAS,REGINALD,2002-11-03,2002,24,M,W,UN,DEM,FL,DAVIDSON,3217 FARMINGTON DR,LEXINGTON,27292,5137304309,04/05/2020,A,V0001880
109733_B,DF006688_B,CARLTON,MICHAEL,,2004-02-05,2004,22,M,W,UN,DEM,OC,FORSYTH,100 SHARON RD UNIT 27,WALKERTOWN,27051,,09/05/2022,R,V0003625
108755_B,RT007678_B,DIXON,SERENITY,SHARON,1974-03-04,1974,52,F,U,UN,UNA,OC,ONSLOW,400 SPRING FOREST RD,JACKSONVILLE,28546,8287254304,02/03/2024,R,V0004550
108368_B,TT002551_B,SMITH,RUSSELL,,1978-02-01,1978,48,M,U,NL,UNA,SC,WAKE,244 GEORGIM AVE,APEX,27539,2528153440,02/18/2024,A,V0007142
107205_B,WW006824_B,GRANT,DAVIP,JARVIS,2005-03-25,2005,21,M,W,UN,REP,,WAKE,2947 ROLLINGWOOD DR,APEX,,4082757525,03/20/2024,A,V0000948
101332_B,YY001271_B,ZOVE,STEPHEN,DAVID,2005-09-21,2005,21,M,W,NL,UNA,NC,STANLY,479 BELMONT DR,ALBEMARLE,28001,,01/15/2026,R,V0004881
108718_B,SB004972_B,JONES,JACK,RYAN,1952-08-21,1952,74,M,W,NL,UNA,,UNION,1230 VALLEY DR,MONROE,28110,9102691890,07/02/2012,A,V0006454
106223_B,VS003875_B,PEREZ,MORRIS,,1963-02-10,1963,63,M,W,NL,REP,MA,BUNCOMBE,4372 N BRLAD ST,ASHE.,28805,9199533486,11/09/2026,A,V0006239
106859_B,MS004748_B,MCCANN,GARRETT,BRIAN,1996-01-26,1996,30,M,B,NL,DEM,NC,BURKE,1195 OAK ST,VALDESE,28690,,08/03/2014,I,V0004133
100894_B,PX009594_B,SMITH,SHIRLEY,,1991-03-12,1991,35,F,B,NL,DEM,,CUMBERLAND,2880 W MARKET ST UNIT 30,FAYETTEVILLE,28314,,04/08/2012,A,V0005208
100841_B,CJ000532_B,PORTER,MICHAEL,ERNEST,1996-12-13,1996,30,M,W,UN,REP,NC,GUILFORD,713 BUFFALO SHOALS ROAD,GREENSBORO,27455,3028826182,10/02/2019,A,V0003632
100285_B,TW007851_B,SMITH,DWIGHT,JOSEPH,1962-05-22,1962,64,M,W,NL,UNA,,PITT,89 PENNSYLVANIA AVE,GREENVILLE,27834,,07/10/2012,A,V0002451
106277_B,MH000093_B,WILLIAMSON,TODD,LOGAN,1957-02-24,1957,69,U,W,NL,REP,,PENDER,9056 N PINE ST,CURRIE,28435,,05/21/2023,A,V0002419
101504_B,AJ008111_B,MURCHISON,ANNA,SYDNEY,1992-11-10,1992,34,F,W,NL,UNA,,CLEVELAND,4159 E BROOKLYN VILLAGE AVE,SHELBY,28152,,08/20/2018,A,V0008230
101884_B,XP003534_B,MILLER,JERRY,,1988-02-10,1988,38,U,W,NL,REP,NC,PITT,7 LAKESHORE DR,GREENVILLE,27834,,11/28/2024,A,V0004793
108873_B,YF008206_B,TURNER,RICHARD,,1990-04-20,1990,36,M,W,NL,UNA,NY,NEW HANOVER,697 FAYETTEVILLE RD,WILMINGTON,28412,9106487181,03/09/2020,A,V0009303
109597_B,NB003342_B,THOMAS,JEREMY,JAMES,2003-10-17,2003,23,M,W,NL,UNA,NC,CABARRUS,5658 MAIN ST,MIDLAND,28107,3364010231,11/05/2021,A,V0002706
104283_B,WX000127_B,COLE,VICTORIA,TARA,1971-10-28,1971,55,U,W,UN,REP,NC,DURHAM,2299 PINE RIDGE RD UNIT 18,DURHAM,27701,,07/28/2021,D,V0003994
101886_B,EA007186_B,MERRITT,STEPHANIE,SHIRLEN,1996-06-13,1996,30,F,O,NL,UNA,NC,JOHNSTON,92278 SHARON RD,CLAYTON,27527,,01/24/2016,R,V0000059
102572_B,RT000205_B,FREEMAN,ALEXA,,1966-01-08,1966,60,F,W,UN,UNA,NC,BRUNSWICK,322 MOCKINGBIRD LN,SUNSET BEACH,28467,,01/21/2021,D,V0006363
109515_B,AD000213_B,CAIN,REGINA,SHEILA,1969-06-20,1969,57,F,B,UN,UNA,NC,CUMBERLAND,8419 WOODLAND DR,HOPE MILLS,28348,7873106496,08/06/2012,A,V0006760
100200_B,MK009756_B,VOLD,ELIZABETH,ABBEY,1957-02-12,1957,69,F,W,UN,REP,MI,BRUNSWICK,478 CAROLINA AVE,CALABASH,28467,,10/23/2026,I,V0005242
104438_B,AE000069_B,MILLER,CASEY,KENNETH,1999-02-25,1999,27,U,W,HL,REP,OH,FRANKLIN,3970 W TREMONT AVE,LOUISBURG,27549,,12/04/2024,A,V0006472
105850_B,EC005861_B,DUNCAN,PSHLEY,,2008-06-27,2008,18,F,U,NL,DEM,NC,WILSON,4063 HEARTHSIDE DR,WILSON,27893,,02/04/2026,A,V0002033
102628_B,RZ001587_B,ABBOTT,THOMAS,,1948-12-11,1948,78,M,W,NL,DEM,NC,ANSON,7089 WHITE ST,WADESBORO,28173,,10/17/2024,A,V0009364
107386_B,SC004290_B,CRUMPLER,RYAN,,1960-05-18,1960,66,M,W,NL,REP,MA,BUNCOMBE,2347 DAVIS ST,FLET.,28732,,01/25/1994,R,V0005822
109575_B,SA005733_B,WOLF,MELISSA,,1979-01-24,1979,47,F,W,NL,REP,,CATAWBA,175 W 5TH ST,MAIDEN,28650,9102402747,06/24/1998,I,V0000846
104686_B,MW008220_B,RAMSEY,JOSEPH,,1990-12-20,1990,36,M,O,NL,DEM,NC,GASTON,235 BARRINGTON DR,GASTONIA,28052,,07/25/2023,I,V0004339
106444_B,GP003274_B,LEE,KELSEY,,1984-03-18,1984,42,F,W,UN,REP,NC,WAKE,,RALEIGH,27603,3363832918,12/25/2024,A,V0000552
107700_B,BJ003881_B,EWING,ROBERT,MATTHEW,1952-01-01,1952,74,M,W,HL,DEM,NC,CALDWELL,983 BROOKSIDE DR,GRANITE FALLS,28630,,04/14/1984,R,V0006275
104295_B,JJ005640_B,BROWN,PATRICIA,GWENDOLYN,1967-10-28,1967,59,F,W,NL,REP,PA,VANCE,4025 GREEN ST LOT 22,HENDERSON,27536,,08/02/2000,A,V0004149
101090_B,VS006641_B,ASHBY,GRACE,DANIELLE,1950-01-14,1950,76,F,W,UN,REP,,PITT,1249 UNIVERSITY CITY BLVD APT 17,GREENVILLE,27858,,12/05/2008,A,V0002442
105838_B,RB007115_B,HONEYCUTT,KIERA,,1979-08-07,1979,47,F,U,NL,UNA,DE,CUMBERLAND,8994 CEDAR ST,FAYETTEVILLE,28311,,07/06/2024,A,V0001066
107150_B,GY004341_B,NEWTON,JUSTIN,JOHN,1993-04-28,1993,33,M,W,NL,DEM,NC,CABARRUS,6526 N FAYETTEVILLE ST,MIDLAND,28107,9108360835,10/01/2011,A,V0009120
100757_B,NN009194_B,JOHNSTON,CHERYL,,1986-11-28,1986,40,F,B,NL,REP,,MECKLENBURG,835 W FRIENDLY AVE,CHARLOTTE,28261,9103229820,10/05/2004,I,V0004398
106191_B,HT008040_B,BRADLEY,MARCIA,,2000-04-11,2000,26,F,W,UN,REP,,CHEROKEE,9335 COOL SPRINGS RD,ANDR.,28907,,01/07/2021,I,V0002208
105845_B,BD001206_B,WOODRUFF,REGINA,JESSICA,1961-04-12,1961,65,F,W,NL,DEM,CA,CRAVEN,516 E MAIN STREET,NEW BERN,28562,,03/15/1990,A,V0001290
107533_B,NH002630_B,GRAHAM,ROBERT,JAMES,1982-08-08,1982,44,M,W,NL,UNA,VA,RANDOLPH,284 STRATFORD RD,ASHEBORO,27205,,09/22/2000,A,V0000393
109871_B,FE009820_B,ANDERS,WILLIAM,DARRENL,1997-07-18,1997,29,M,W,UN,REP,FL,DURHAM,1839 BEAM CREEK RD,DURHAM,27703,,07/19/2024,A,V0006729
108736_B,GD006449_B,MANUEL,KARLN,,1988-01-19,1988,38,F,W,NL,UNA,FL,ALLEGHANY,3175 CALUMET DR,SPARTA,28675,9195876262,10/02/2024,A,V0005765
102155_B,MZ001891_B,GREEN,PAUL,,,2003,23,M,W,NL,UNA,VA,DURHAM,2328 KNOLLWOOD DR APT 8,DURHAM,27707,9193564871,08/22/2021,A,V0006345
102873_B,NX005474_B,RAMIREZ,ANGEL,SCOTT,1983-08-28,1983,43,U,W,NL,UNA,NY,FORSYTH,386 NORTH ST,WALKERTOWN,27051,,11/17/2012,R,V0006542
102243_B,KE006467_B,THOMPSON,LATOYA,TAXLOR,1992-09-09,1992,34,F,W,UN,REP,,PENDER,,HAMPSTEAD,28443,9107942759,03/17/2020,A,V0000829
106059_B,SP004422_B,SCHAEFER,JOSEPH,CHRISTIAN,1976-09-28,1976,50,U,W,NL,DEM,NC,FORSYTH,1406 N MAIN ST,WINSTON SALEM,27106,,05/17/1994,A,V0002824
104853_B,VM002760_B,ROBINSON,JOHN,SEAN,1965-04-17,1965,61,M,U,NL,UNA,NC,MECKLENBURG,1512 N ANN ST,CHARLOTTE,28277,3363732149,02/15/2018,I,V0003858
101718_B,FS005384_B,BOWENS,PATRICIA,KRISTOPHER,1955-06-25,1955,71,U,W,NL,UNA,NC,GASTON,365 MEDLIN RD,CHERRYVILLE,28021,,12/11/2023,A,V0008115
108579_B,MD003817_B,TRAVIS,MARK,DENNIS,2002-10-15,2002,24,M,W,NL,REP,,BRUNSWICK,5902 MOORESVILLE RD,SHALLOTTE,28470,9109793220,04/03/2024,A,V0006871
105793_B,LR003909_B,BRIGMAN,ALEXANDER,,1961-11-06,1961,65,M,W,UN,REP,NY,EDGECOMBE,33 FOREST DR,TARBORO,27886,,07/06/1984,A,V0001171
106291_B,AY004959_B,REAVIS,DANIEL,GARY,1989-04-20,1989,37,M,W,NL,UNA,NC,HARNETT,158 E 36TH ST,DUNN,28334,,09/19/2016,A,V0006368
106053_B,FX009221_B,MEDLEY,LAUREN,,1932-10-24,1932,94,F,B,UN,UNA,NY,NEW HANOVER,93321 CHESTNUT ST,WILMINGTON,28411,,01/08/1995,A,V0001660
106115_B,DA002581_B,WILLIAMS,WILLIAM,WILLIAM,1962-10-12,1962,64,M,U,NL,UNA,TX,CATAWBA,249 OLD PLANK RD,HICKORY,28601,,02/16/2006,A,V0006339
102743_B,XT003214_B,LANIER,CHARLES,,2007-08-27,2007,19,M,W,NL,UNA,NC,CARTERET,121 WILDDOOD RD,NEWPORT,28572,7033412393,07/18/2025,A,V0005589
109356_B,HR008904_B,HARDIN,REBECCA,,1961-07-23,1961,65,F,W,NL,REP,NC,ROWAN,,CHINA GROVE,,,11/01/2026,A,V0004676
104307_B,ZW005268_B,WALLACE,DARIUS,JEREMIAH,1992-07-24,1992,34,M,W,UN,REP,VA,MECKLENBURG,,CORNELIUS,28031,9299275140,03/13/2010,A,V0002634
103116_B,TR008986_B,CLEMENTS,LINDA,KATHERINE,1946-08-03,1946,80,F,W,UN,REP,OC,MOORE,374 COUGTY LINE RD,CARTHAGE,28327,,02/01/1980,A,V0003977
109674_B,FJ002389_B,BAILEY,CHRISTIAN,DERRICK,1992-10-02,1992,34,M,U,UN,DEM,OC,WAKE,4910 RIOERSIDE DR,RALEIGH,27616,9104721146,07/19/2018,A,V0005451
107391_B,SW009961_B,HYATT,CHARLES,,1943-05-24,1943,83,M,U,NL,UNA,NC,ALEXANDER,9174 BETHEL CHURCH RD,TAYLORSVILLE,28686,,02/15/2008,I,V0007797
104817_B,BH004985_B,WALTON,ALBERT,,1990-11-08,1990,36,M,B,NL,UNA,DC,CATAWBA,4445 ARBOR DR,SHERRILLS FORD,28673,,03/28/2026,A,V0003147
100785_B,RX009690_B,FREEMAN,JODY,,1968-10-27,1968,58,M,W,NL,UNA,NY,WAKE,1003 OLEANDER DR,RALEIGH,27610,,09/15/2018,R,V0007268
104114_B,DW004752_B,GRAHAM,MILDRED,,2006-04-25,2006,20,F,W,NL,DEM,NC,BURKE,259 LAKEVIEW DR,MORGANTON,28655,,02/08/2024,A,V0005410
107433_B,MV006174_B,ANDRADE,JUDITQ,SAMANTHA,1987-01-15,1987,39,F,W,UN,UNA,,WAKE,440 W MARKET ST UNIT 20,RALEIGH,27616,6315597225,01/01/2020,A,V0009181
105319_B,FR001295_B,ANDRADE,ALMA,SUZANNE,2006-01-25,2006,20,F,W,NL,UNA,NC,WAKE,3546 BXRRINGTON DR,APEX,27502,3367701086,12/04/2024,I,V0009214
101053_B,RH008532_B,DAVIS,MASON,,1983-05-08,1983,43,M,U,UN,REP,NY,GUILFORD,1261 N ELM ST LOT 22,GREE.,,,07/11/2001,A,V0003304
102558_B,HR006407_B,COLE,GERALD,,1975-06-13,1975,51,M,B,NL,DEM,NC,DAVIDSON,224 N MAIN STREET,LEXINGTON,27292,,09/17/2024,I,V0004041
103250_B,RH003509_B,BEARD,JAMES,,1946-04-09,1946,80,M,W,NL,UNA,CA,RANDOLPH,26 COMMONWEALTH AVE,SOPHIA,27350,2525849359,10/07/2024,A,V0007544
102364_B,TH008880_B,BALLARD,VICTOR,JAMES,2006-11-21,2006,20,M,B,NL,UNA,TX,DAVIE,2575 WINDSOR RUN LN,ADVANCE,27006,,11/15/2024,A,V0006464
107254_B,WK006890_B,LOWE,ETHAN,ROBERT,2002-06-17,2002,24,M,I,NL,REP,PA,MECKLENBURG,191 E 5TH ST,CHARLOTTE,28269,8566504231,09/01/2020,R,V0002177
107693_B,CG004841_B,FAULKNER,CHRISTINE,GALE,1964-11-28,1964,62,F,W,NL,UNA,NC,MECKLENBURG,7810 E 10TH ST,CHAR.,28277,7043957405,05/23/1992,A,V0001251
104370_B,BD002909_B,HAYNES,EUGETE,WILLIAM,1971-07-12,1971,55,M,B,UN,DEM,,PAMLICO,2924 REGENCY DR,HOBUCKEN,28537,,09/09/2025,A,V0007849
109656_B,NX001890_B,OVERMAN,JAMES,,,1966,60,M,W,UN,REP,WI,WAYNE,258 HIGHLAND DR LOT 16,MT OLIVE,28365,,03/16/2026,A,V0000905
103879_B,ZT001110_B,BROWN,BRYAN,RYAN,1994-05-18,1994,32,M,W,UN,REP,FL,WAKE,946 N MAIN ST,KNIGHTDALE,27545,9194685471,10/08/2023,A,V0004978
100505_B,RP005021_B,MILLS,MICHAEL,ROBERT,1938-02-05,1938,88,M,O,UN,UNA,VA,HARNETT,279 WOODHAVEN DR,CAMERON,28326,,01/01/2024,A,V0002026
101736_B,TS002230_B,GURLEY,DANAY,MICKEY,1958-02-17,1958,68,M,A,NL,UNA,NC,IREDELL,8182 HILL ST,STONY POINT,28678,7044654065,07/26/2012,A,V0003176
105895_B,PF000614_B,DAY,PENNY,ALEXANDRA,2002-08-20,2002,24,F,B,UN,DEM,NY,HENDERSON,134 HOMESTEAD RD,HORSE SHOE,28742,8288298281,06/09/2020,I,V0003833
102733_B,HZ003143_B,SCOTT,JACOB,,1938-07-22,1938,88,M,W,NL,REP,OC,GUILFORD,1596 KNOLLWOOD DR LOT 13,GREENSBORO,27458,,07/12/2008,A,V0006350
106175_B,SR003351_B,MCBRIDE,MARA,,1987-10-16,1987,39,F,W,NL,DEM,NJ,YADKIN,476 LAKEVIEW RD,EAST BEND,27018,,12/01/2005,A,V0009042
104437_B,KZ002047_B,JACKSON,CAROLYN,,1984-08-15,1984,42,F,U,NL,UNA,NC,UNION,315 W MAIN ST,WAXHAW,28173,2399867800,08/22/2024,A,V0000463
108054_B,ND008965_B,HICKS,MICHAEL,MILTON,1948-11-21,1948,78,F,W,NL,UNA,NC,JOHNSTON,5193 MAPLE ST,GARNER,27529,,07/02/2025,R,V0006787
102493_B,EV005226_B,TAYLOR,BARBARA,,1928-01-15,1928,98,F,U,NL,REP,,EDGECOMBE,481 HILLSBOROUGH ST,TARBORO,,,01/11/2012,I,V0005679
106411_B,DL002799_B,GRIMES,KENNETH,,1985-11-04,1985,41,M,W,NL,UNA,NC,ROBESON,8159 N TRYON ST,LUMBERTON,28358,,01/23/2022,D,V0005221
109146_B,NL008674_B,JOHNSON,JESUS,JOHN,1959-02-13,1959,67,M,O,NL,DEM,DC,MECKLENBURG,7765 JOHNSON ST,CHARLOTTE,28215,9105697577,08/04/2001,A,V0003465
109750_B,TS005247_B,KING,GWENDOLYN,,1988-06-21,1988,38,F,W,NL,UNA,,MACON,1488 NEW GARDEN RD,FRANKLIN,28734,,04/23/2012,A,V0005859
101469_B,RN001753_B,CRAFT,ELIZABETH,MARGIE,1979-11-26,1979,47,F,B,NL,DEM,NC,FORSYTH,8528 E 7TH ST,WINSTON SALEM,27103,,02/21/2008,A,V0008247
107703_B,XR007249_B,JACOBS,DOUGLAS,PETER,1958-12-06,1958,68,M,W,NL,UNA,NC,CRAVEN,403 STATE ST,HAVELOCK,28532,,08/24/2024,A,V0008919
109615_B,BB000037_B,DILLS,PATSY,VALERIE,1959-10-16,1959,67,F,W,NL,REP,TN,DAVIDSON,203 CHURCH RD,KERNERSVILLE,27284,,07/03/2024,A,V0005869
105649_B,XJ002776_B,SMITH,MARY,SONYA,2004-03-21,2004,22,F,W,NL,DEM,IL,WAYNE,321 OAKWOOD AVE,GOLD.,27530,9102258053,02/22/2022,A,V0001295
101879_B,TT002859_B,GALLAGHER,ANNA,,1976-09-12,1976,50,F,U,UN,REP,CA,BERTIE,1609 LAWNDALE DR,WINDSOR,27983,,10/09/1999,A,V0006096
103140_B,JH004200_B,WINTERS,KENNETH,JEROME,1968-03-08,1968,58,M,W,UN,REP,NC,GUILFORD,373 LAKESIDE DR,GREE.,27419,,05/09/2018,R,V0007138
104230_B,MR006956_B,MATTHEWS,MARK,,1984-04-21,1984,42,M,B,UN,DEM,,MECKLENBURG,1769 WHITE ST,CHARLOTTE,28269,9103039992,04/04/2002,A,V0002590
104956_B,KK006483_B,SCOTT,SANDRA,SANDRA,1967-01-04,1967,59,F,W,NL,REP,FL,CALDWELL,1000 OAKWOOD AVE,LENOIR,,,09/06/2011,A,V0004394
103071_B,KS002891_B,BAKER,HELODY,MICHELLE,2008-01-02,2008,18,F,W,UN,UNA,OH,WAKE,233 WOODLAND AVE,FUQUAY VARINA,27526,,12/14/2026,A,V0005840
109133_B,YL000688_B,FISHER,JULIAN,RAYMOND,1979-01-10,1979,47,M,U,UN,UNA,NC,PITT,3533 SANDERS RD,WINTERVILLE,28592,,09/16/2012,A,V0002703
102556_B,EB009960_B,THOMPSON,ERIC,JNLIO,1968-08-07,1968,58,M,U,NL,UNA,IL,RANDOLPH,992 LAKEVIEW RD,ASHEBORO,27205,,04/09/2006,A,V0000167
109332_B,AE004536_B,SMITH,MARGARET,AUBZEY,1958-01-28,1958,68,F,W,HL,UNA,,WAKE,344 CHERRY ST,RALEIGH,27616,9192009506,01/23/2024,R,V0006671
108489_B,SZ007321_B,FRIDAY,CURTIS,,1987-12-16,1987,39,M,B,NL,DEM,IA,WAYNE,2791 REGENCY DR,GOLDSBORO,27534,8284914542,09/10/2021,R,V0003614
104726_B,MA001782_B,BROWN,BRIANA,KIMBERLY,1975-06-03,1975,51,F,U,NL,UNA,GA,HENDERSON,424 MEMORY LN,HENDERSONVILLE,28739,,11/25/2026,I,V0007344
106750_B,VD004172_B,SKITH,PNNA,ALEXA,1994-06-03,1994,32,F,W,NL,REP,NC,DURHAM,2359 LIBERTY SW,DURHAM,27713,,07/06/2012,I,V0004797
108284_B,XY009788_B,JONES,IAN,JESUS,1994-11-12,1994,32,M,W,NL,UNA,LA,ORANGE,4456 NEW SALEM RD,CHAPEL HILL,27514,,04/21/2012,A,V0005604
108845_B,ZY001664_B,MILLER,ANNA,JCDITH,2005-09-11,2005,21,F,W,NL,UNA,NY,GASTON,4629 SPRINGWOOD DR,GASTONIA,28052,,07/21/2023,A,V0009244
104412_B,HH008935_B,SMITH,PATRIBIA,ALEXANDRA,1941-10-26,1941,85,F,U,HL,REP,NC,GASTON,217 SHANNON DR,MOUNT HOLLY,28120,,10/12/2024,A,V0005118
109190_B,AY006272_B,KIM,ANNA,,1988-07-27,1988,38,F,W,NL,DEM,,CLAY,150 MAPLE AVE,HAYESVILLE,28904,,11/15/2020,A,V0003233
104968_B,LR000886_B,CRAWLEY,ROBERT,TANNER,1962-06-12,1962,64,M,W,UN,REP,NY,BUNCOMBE,,CAND.,28715,,03/13/2018,A,V0001800
104492_B,TZ007130_B,REYNOLDS,CURTIS,AUSTIN,1985-06-06,1985,41,M,A,NL,DEM,NC,CUMBERLAND,437 HILLSIDE DR,FAYETTEVILLE,28306,,05/11/2012,A,V0005802
100571_B,MW005115_B,MORRBS,MATTHEW,,1980-11-10,1980,46,M,W,NL,UNA,NC,CABARRUS,46 GRANDVIEW DR,CONC.,28027,2399304363,05/28/1998,A,V0003056
105201_B,ZW004658_B,BQNSON,RHONDA,BARBARA,1940-11-21,1940,86,F,W,UN,DEM,UT,MARTIN,931 HEATHER LN API 35,WILLIAMSTON,27892,2817392960,09/05/2017,A,V0000047
107984_B,VX002372_B,HELMS,THOMAS,LARRY,1993-06-04,1993,33,M,B,UN,UNA,NC,CARTERET,6178 CENTER RD,M. CITY,28557,7044625795,03/12/2023,A,V0008804
102648_B,BV002401_B,LEE,MATHEW,,1980-07-27,1980,46,M,O,NL,UNA,,NEW HANOVER,625 OAK RIDGE DR,WILMINGTON,28403,,10/18/1998,A,V0007252
105463_B,RY005518_B,LEE,GLOUIA,LYNN,2001-05-23,2001,25,U,B,NL,DEM,NJ,MECKLENBURG,765 E MAIN ST,CHAR.,28277,6507357318,04/22/2019,A,V0008726
101442_B,LF007788_B,TONEY,SCOTT,,2005-06-16,2005,21,M,W,UN,UNA,NY,MECKLENBURG,476 DUNN RD,CHARLOTTE,28215,,01/25/2026,A,V0007190
109200_B,AD004447_B,MORTON,EMILY,STEPHANIE,1981-06-01,1981,45,F,B,UN,DEM,MD,GASTON,22778 QUEENS RD,GASTONIA,28056,,01/11/2007,R,V0001975
103371_B,PH004489_B,HARDING,JOSHUA,BRANDON,1992-06-18,1992,34,M,W,NL,UNA,NC,GUILFORD,147 CEDAR LN,GREENSBORO,27407,7046203226,12/21/2025,I,V0001265
107428_B,BE000741_B,YORER,DAVID,,1961-05-02,1961,65,M,B,UN,DEM,NC,MECKLENBURG,4831 OLD OAK RIDGE RD,CORN.,28039,8282403827,01/03/2024,A,V0008824
103304_B,MZ008109_B,SANDERS,BRENDA,KRISTINA,1949-10-22,1949,77,F,B,NL,DEM,NC,ROBESON,4805 PENNY RD,ST PAULS,28384,3306288102,04/26/2024,A,V0004745
103979_B,XM003452_B,CARTER,TAMMY,,1944-01-28,1944,82,F,U,UN,REP,VA,GASTON,787 IENTER ST,GASTONIA,28052,5857373223,03/10/2023,A,V0008735
105161_B,MB002314_B,VERNON,BARBARA,,2006-09-08,2006,20,F,W,UN,UNA,,FORSYTH,347 HAWTHORNE LN,KERN.,27284,,10/14/2026,D,V0008192
108394_B,NG006130_B,WIGGINS,STEVE,ELI,1998-02-14,1998,28,M,O,NL,UNA,NY,FORSYTH,318 DRIFTWOOD DR,TOBACCOVILLE,27057,,12/25/2025,R,V0001396
108308_B,TE005986_B,TURNER,MARGARET,,1956-01-09,1956,70,F,W,NL,REP,SC,WAKE,304 SHILOH RD,H. SPRINGS,27541,,08/14/1993,A,V0008202
103510_B,TR008090_B,STEVENS,RYAN,,1961-01-18,1961,65,M,W,HL,REP,NC,CUMBERLAND,19029 FERNWOOD DR,FAYETTEVILLE,28306,,01/25/2018,A,V0006629
103959_B,FC003382_B,ROLLINS,JOSHUA,FREDERICK,1989-12-13,1989,37,M,W,NL,DEM,UT,MECKLENBURG,4443 FAIRSIEW RD,CHARLOTTE,28277,,07/14/2020,A,V0007495
106711_B,EW007104_B,RATLIFF,EMTLY,,1951-07-21,1951,75,F,W,NL,DEM,,ALLEGHANY,2518 MARTIN LUTHER KING JR BLVD,PINEY CREEK,28663,,02/07/2020,A,V0006063
104920_B,NR004407_B,EDGERTON,JOSHUA,DAVID,1960-12-03,1960,66,M,W,NL,UNA,NC,MITCHELL,1777 UNIVERSITY CITY BLVD,BAKERSVILLE,28705,,04/01/2026,A,V0005915
107184_B,BE001655_B,BRAXTON,JAMES,MARK,1982-04-24,1982,44,M,W,HL,UNA,MA,WAKE,483 TOWER RD,RALEIGH,27610,,04/26/2024,A,V0006160
100284_B,DE002006_B,WALKER,DOROTHY,RITA,1961-09-02,1961,65,F,W,HL,DEM,NC,BRUNSWICK,14623 DAVIS RD,SOUTHPORT,28461,,01/10/2018,D,V0001707
105911_B,ZK002021_B,BRANNON,DAVID,,1961-05-06,1961,65,M,U,NL,UNA,NC,WILKES,51 PINE STREET,TRAPHILL,28685,,04/12/2019,A,V0004664
105997_B,FN008951_B,SWINK,ALVIN,RICKY,1964-02-17,1964,62,M,W,NL,UNA,IL,MECKLENBURG,2872 RIVERSIDE DR,CHARLOTTE,28277,,03/06/2021,R,V0006732
104035_B,WZ002961_B,OUTLAW,PETER,CHARLES,1986-12-05,1986,40,F,W,NL,DEM,NC,WAKE,8316 N CHURCH ST,APEX,,3368702834,04/19/2020,A,V0002714
104346_B,VN001577_B,COOPER,ALTON,CHRISTOPHER,2002-09-25,2002,24,M,W,UN,UNA,,FORSYTH,686 EDGEWATER DR LOT 18,WINSTON SALEM,,9199627348,07/11/2024,A,V0005706
104183_B,JK004545_B,MILLER,ARTHUR,,1966-05-20,1966,60,M,O,NL,UNA,NC,CASWELL,7844 GORDON RD,PELHAM,27311,9198656937,02/02/1992,A,V0008300
107786_B,TA003035_B,HQNSLEY,GEORGE,WILLIAM,1929-01-11,1929,97,M,W,UN,REP,NC,GUILFORD,1613 MORNINGSIDE DR,GREENSBORO,27407,,10/17/2020,A,V0000697
108095_B,ZJ005494_B,REDMON,DONNA,,1990-05-08,1990,36,F,W,UN,UNA,AR,HARNETT,1062 MEMORY LN,LILLINGTON,27546,,08/18/2008,A,V0005567
105179_B,GX007694_B,HARPER,JONATHAN,TIMOTHY,2002-12-07,2002,24,M,A,NL,DEM,NC,CUMBERLAND,5271 MARTIN LUTHER KING JR BLVD,H. MILLS,28348,2484857296,01/17/2020,A,V0006921
100584_B,SH003944_B,HEFNER,KAYLA,VICKI,1969-11-01,1969,57,F,W,NL,REP,,GASTON,,DALLAS,,,11/27/1990,A,V0007476
103417_B,PZ006700_B,TAYLOR,ANGELN,JXNNIFER,1970-11-28,1970,56,F,U,NL,UNA,,FORSYTH,7340 NC 87,W. SALEM,27105,8286541978,05/04/2021,R,V0005505
101655_B,TT003983_B,CLINE,ANTONIA,,1964-02-27,1964,62,F,W,NL,DEM,,MECKLENBURG,427 CHESTNUT ST,CHARLOTTE,28269,2522994219,01/27/2012,A,V0001905
101978_B,FH009825_B,COOK,JEFFERY,,1954-12-20,1954,72,M,B,HL,DEM,VA,ONSLOW,524 MARTIN STREET,JACKSONVILLE,28540,8286281687,11/17/2025,A,V0008188
105929_B,SS003852_B,MOORE,HOPE,,1991-05-08,1991,35,U,W,NL,DEM,NC,ALAMANCE,321 PARK AVE,GRAHAM,,,02/26/2009,A,V0005954
101916_B,KD003169_B,GONZALES,BREANNA,,1952-07-05,1952,74,F,W,NL,REP,NC,CUMBERLAND,1010 LEE RD,FAYETTEVILLE,28303,9105076314,02/16/2016,R,V0002820
105527_B,TM008346_B,HOLLOWAY,DANIELLK,,2001-09-04,2001,25,F,W,NL,REP,NC,WATAUGA,273 OXFORA RD,boone,28607,,09/11/2019,A,V0004575
102345_B,NP002234_B,CAMPBELL,DEBORAH,,1964-07-08,1964,62,F,U,NL,UNA,NY,SAMPSON,,AUTRYVILLE,28318,3868707074,03/11/1996,A,V0005701
108539_B,ZB005944_B,SLOAN,KAREN,ANGELA,1960-06-01,1960,66,F,W,NL,REP,,CHATHAM,5661 S ELM ST LOT 29,C. HILL,27514,,11/16/1991,R,V0008914
108274_B,SP008714_B,BARBER,RYAN,JEFFREY,2001-07-02,2001,25,M,B,UN,DEM,,FRANKLIN,8253 MADISON AVE,LOUISBURG,27549,,01/10/2020,A,V0009437
103924_B,YE005562_B,MCPHERSON,OTIS,,1948-06-05,1948,78,M,U,UN,REP,NY,GREENE,23 SCOTT RD,SNOW HILL,,9783835862,09/13/2023,R,V0006434
109811_B,LR008723_B,WILLIAMS,NOAH,,2005-12-28,2005,21,M,W,NL,UNA,NC,MECKLENBURG,634 CLARK ST,MATTHEWS,28105,,11/02/2023,A,V0001398
103169_B,NP007845_B,SPELL,NICHOLAS,STANLEY,1961-07-25,1961,65,M,W,NL,DEM,NC,CUMBERLAND,,FAYETTEVILLE,28314,2525028980,11/11/2026,R,V0008046
101616_B,VZ000115_B,JONES,KIM,MARY,1985-07-05,1985,41,F,W,NL,REP,NC,DAVIDSON,61 PEARL ST,LEXINGTON,27295,,01/17/2024,A,V0002314
106898_B,WS005996_B,DAVIS,KARA,LINDA,1976-05-17,1976,50,F,W,NL,REP,NC,GUILFORD,250 WESTCHESTER DR,GREENSBORO,27405,2529057633,06/06/2022,A,V0005643
109408_B,GE008400_B,FOLEY,BLANCA,DEBRA,1988-08-26,1988,38,U,W,UN,DEM,OC,GUILFORD,547 COMMONWEALTH AVE,GREENSBORO,27410,8282922091,02/27/2007,A,V0003250
104052_B,KS004317_B,HBOKS,KATHRYN,NANCY,1967-06-03,1967,59,F,B,UN,UNA,,PITT,59 SAINT ANDREWS DR,FARMVILLE,27828,,09/07/1985,A,V0009485
106274_B,WP002419_B,BROWN,YOLANVA,SAMANTHA,1997-04-19,1997,29,F,W,UN,REP,FL,DURHAM,1679 BEATTIES FORD RD,DURHAM,27703,,05/03/2015,A,V0004011
109021_B,CX001419_B,VEFABLE,EDWCRD,CAMERON,1996-09-15,1996,30,M,W,NL,REP,NC,ONSLOW,1030 E 5TH ST,CAMP LEJEUNE,28541,3143017056,10/12/2026,A,V0007855
105591_B,LH006808_B,TRAN,STEPHANIE,,1954-01-01,1954,72,F,W,UN,UNA,MO,GUILFORD,,GREENSBORO,27410,,11/16/2022,I,V0001721
101891_B,RP001484_B,GUNTER,KEVIN,,1985-07-13,1985,41,M,O,NL,DEM,CA,VANCE,170 WILLOW DR,HENDERSON,27537,7049532657,04/06/2025,R,V0003228
102588_B,VA003871_B,MATTHEWS,ELIZLBETH,,2000-11-07,2000,26,F,W,NL,DEM,NC,UNION,6921 WHITE OAK DR,WAXH.,28173,,04/02/2018,I,V0003376
102189_B,SA006459_B,SANCHEZ,LAURA,,1996-05-07,1996,30,F,W,NL,REP,NY,JOHNSTON,2042 DOGWOOD LANE,CLAYTON,27527,9193598881,03/13/2022,I,V0006266
103143_B,FZ009138_B,SWXNSON,SHELBY,SAMANTHA,1952-06-22,1952,74,F,B,NL,DEM,OH,ALAMANCE,533 HILL ST,BURLINGTON,27210,,04/12/2018,A,V0001424
101508_B,WD002571_B,SWIFT,VALERIE,,1940-09-01,1940,86,F,B,NL,DEM,NC,ASHE,205 KNOLLWOOD DR,CRUM.,28617,8288282832,01/27/2020,A,V0002594
103533_B,CR003480_B,WOODRUFF,CAROLINE,,1986-08-23,1986,40,F,B,NL,DEM,NC,FORSYTH,387 W MONROE ST,PFAFFTOWN,27040,9104486475,08/07/2004,A,V0004673
109734_B,NF002172_B,STRADER,JARED,DENNIS,1941-05-12,1941,85,M,W,UN,REP,NC,UNION,,INDIAN TRAIL,28079,,06/05/2014,A,V0002540
101059_B,AN001222_B,SILER,STEVEN,MIKE,2001-08-04,2001,25,M,W,NL,UNA,,ROCKINGHAM,1028 YANCEYVILLE ST,REIDSVILLE,27320,,04/05/2019,A,V0005098
106125_B,CX008964_B,BENDER,GWADY,,2001-08-04,2001,25,M,W,UN,UNA,,BUNCOMBE,6880 PARK RD APT 18,BLACK MOUNTAIN,28717,,11/03/2019,A,V0008000
104327_B,LY002900_B,PARSONS,CHRISTOPHER,EVERETT,1988-07-14,1988,38,M,W,HL,REP,,JACKSON,2892 CRESCENT DR,CULLOWHEE,28723,,11/20/2006,A,V0003972
108301_B,HL004796_B,DEAL,REGINA,JEANETTE,1962-06-23,1962,64,F,W,NL,DEM,VA,CARTERET,858 N CHURCH ST,NEWPORT,28570,8283924280,11/07/2022,A,V0002537
106287_B,KT003264_B,SINGH,SHIRLEY,,1954-01-17,1954,72,F,W,NL,REP,NC,FRANKLIN,207 RIVER ROAD,FRANKLINTON,27525,,03/03/2020,D,V0002559
102691_B,BL002420_B,SYKES,JOYCE,MARY,1959-12-20,1959,67,F,W,NL,REP,NC,DURHAM,3268 CHURCHILL DR,DURHAM,27713,8288327408,08/24/2007,A,V0002814
107764_B,FR004258_B,HOYLE,SHEILA,EMILY,2003-01-13,2003,23,U,W,UN,REP,CA,WAKE,7571 OLD CHAPEL HILL RD,RALEIGH,27613,,03/13/2021,A,V0001361
108049_B,DF009999_B,TALLENT,KYLE,JAYDEN,1982-04-20,1982,44,M,W,UN,DEM,WV,WARREN,2024 OAKLAND AVENUE,LITTLETON,,9193392247,07/27/2019,A,V0006326
104347_B,LX009404_B,LAW,DIANE,,1968-03-02,1968,58,F,B,UN,UNA,NY,WAKE,116 PICKRTT RD,RALE.,27603,9108435727,07/04/1995,A,V0008841
102280_B,YY003467_B,BREEDLOVE,JAMES,SCOVT,1940-05-11,1940,86,M,W,UN,REP,GA,DURHAM,4292 OLD OAK RIDGE RD,DURHAM,27703,,08/04/2012,R,V0000466
103903_B,MB000279_B,STILES,PAUL,,2005-07-09,2005,21,M,W,UN,REP,TN,HARNETT,350 E WASHINGTON ST,CAMERON,28324,,06/24/2024,I,V0002974
100566_B,TH009733_B,GORDON,EVA,JENFIFER,1966-09-07,1966,60,F,O,NL,UNA,NY,NEW HANOVER,29 E 7TH ST,WILMINGTON,28405,8282247047,07/15/2020,A,V0005506
100437_B,HA006395_B,ROORIGUEZ,ZOE,,1961-06-14,1961,65,F,W,NL,REP,,WAKE,358 BUFFALO SHOALS RD,CARY,27511,9103530872,09/24/2024,A,V0000289
101967_B,AL009641_B,CAMACHO,RICHARD,,1974-06-23,1974,52,M,O,NL,UNA,NC,FORSYTH,648 NORTHWOOD DR,CLEMMONS,27012,9803383883,09/16/2021,A,V0001289
104446_B,EB008385_B,RICHARD,VIVIAN,,1989-12-24,1989,37,F,W,UN,UNA,NC,GUILFORD,3756 ALLEN RD,GREENSBORO,27410,,09/17/2015,A,V0003543
107664_B,XJ000422_B,WASHINGTON,DAMIAN,MARVIB,1960-03-20,1960,66,M,B,NL,UNA,NC,ONSLOW,795 NORTH ST,RICHLANDS,28571,2022495841,11/18/2022,A,V0009136
101164_B,KM005487_B,LEE,JULIO,GERALD,1991-12-08,1991,35,M,W,NL,UNA,TX,GASTON,75866 RED OAK DR APT 30,GASTONIA,28054,,11/20/2026,A,V0007258
106252_B,ES003337_B,HASTY,ROBERT,,1966-10-10,1966,60,M,O,UN,DEM,,IREDELL,346 COUNTRY CLUB ROAD,STATESVILLE,28625,9194534060,09/25/2016,A,V0004027
107709_B,KZ003706_B,COE,ROBERT,JULIAN,1960-08-07,1960,66,M,W,NL,REP,,CATAWBA,4512 SECOND ST,HICKORY,28601,,05/10/2023,A,V0006089
106774_B,SS006857_B,BRADY,JORDAN,,1975-11-27,1975,51,M,W,NL,REP,NC,DAVIDSON,14226 N MAIN ST,THOMASVILLE,27360,,12/22/2022,A,V0000042
106814_B,VC009462_B,JUSTICE,ANTHDNY,GLENN,1956-08-20,1956,70,M,B,NL,UNA,,RANDOLPH,416 GLENWOOD AVE APT 10,ASHEBORO,27205,,12/10/1980,A,V0004569
103356_B,CT007989_B,ROWE,TAMARA,KATHERIQE,2005-09-09,2005,21,F,U,UN,UNA,,RANDOLPH,1183 DOGWOOD LN APT 33,ASHEBORO,27203,,09/03/2023,A,V0001368
109111_B,LD005812_B,HEDRICK,PATRICIA,,1982-12-19,1982,44,F,B,NL,DEM,NC,DURHAM,1108 W FOURTH ST,DURHAM,27701,,03/19/2000,D,V0004515
105898_B,GM001639_B,HUMPHREY,CYNTHIA,,1992-08-04,1992,34,F,B,UN,DEM,CA,HERTFORD,8 AVENT FERRY RD,AHOSKIE,27910,,07/13/2012,A,V0002943
103619_B,KS005049_B,LEE,ELIZABETH,JENNIFER,1988-02-14,1988,38,F,B,NL,UNA,PA,FORSYTH,814 S ELM ST,WINSTON SALEM,27128,,09/14/2014,R,V0007980
108250_B,BB003511_B,TUCXER,MADISON,,1991-10-04,1991,35,F,W,NL,UNA,MA,CRAVEN,2822 OVERLOOK DR,NEW BERN,,,03/16/2009,A,V0001100
101672_B,CK007404_B,CHERRY,LULA,,1954-12-19,1954,72,F,W,NL,UNA,VT,MECKLENBURG,2960 SCHOOL ST,CHARLOTTE,28269,,08/14/2000,R,V0000070
101746_B,VV001548_B,MORGAN,DEBRA,,1996-09-23,1996,30,F,W,NL,REP,NC,WAKE,69 SHAMROCK DR,APEX,27523,,09/11/2014,A,V0001528
107133_B,EK009942_B,HAYDEN,EDWARD,,1988-05-07,1988,38,U,W,NL,DEM,MI,NEW HANOVER,72789 JOHNSON RD,WILMINGTON,28412,,06/23/2006,A,V0000936
107290_B,EK001936_B,PHILLIPS,STANKEY,JEREMY,1969-11-15,1969,57,M,M,NL,DEM,NC,GUILFORD,2217 FAYETTEVILLE RD,GREENSBORO,27405,,04/21/2020,R,V0009090
102501_B,YH005618_B,VEED,DEBORAH,,2004-05-10,2004,22,F,W,NL,LIB,FL,CHATHAM,6410 US HWY 158,PITTSBORO,27312,,04/22/2022,R,V0001204
100928_B,VD009865_B,DAVIS,RACHEL,BILLIE,1957-09-10,1957,69,F,W,NL,REP,NC,LENOIR,1585 DOGWOOD LN,KINSTON,28501,,09/05/2023,A,V0009289
102064_B,JZ000719_B,BARLOW,TERRELP,,,1960,66,M,W,NL,REP,OC,CLAY,5590 STRATFORD DRIVE,WARNE,28909,,01/24/1989,A,V0003542
105206_B,ZP002821_B,DIAZ,CAROLYN,ABBEY,2008-07-04,2008,18,F,B,NL,DEM,SC,GUILFORD,142 QUAIL DR,GREENSBORO,27410,,03/06/2026,I,V0007917
101159_B,GJ008294_B,MILLER,DANA,,1963-08-01,1963,63,F,O,NL,DEM,NC,IREDELL,2071 CHURCH ST UNIT 14,U. GROVE,28689,8287755437,05/10/2024,A,V0004207
108970_B,FH007909_B,MARTINEZ,JJMIE,,1956-12-26,1956,70,F,B,UN,DEM,MA,BUNCOMBE,925 PEBBLESTONE DR,ASHEVILLE,28806,8284892948,06/08/2019,D,V0007523
104274_B,XY002423_B,CHRISTIAN,SHERRI,,1940-04-28,1940,86,F,B,NL,UNA,,CAMDEN,959 CIRCLE DR,SOUTH MILLS,27976,,08/11/2008,A,V0005152
107851_B,NX006192_B,SCARBOROUGH,AVA,,1955-11-11,1955,71,F,U,NL,UNA,,HAYWOOD,,WAYNESVILLE,28786,9105802666,03/27/2025,A,V0001696
104029_B,LL004666_B,BARHAM,KATIE,CHERYL,2004-01-04,2004,22,F,W,NL,DEM,,ALAMANCE,328 WKLKER AVE,BURLINGTON,27215,9197490143,08/27/2024,A,V0007143
102928_B,WV003619_B,MITCHELL,AMANDA,GLORIA,1958-10-23,1958,68,U,W,NL,REP,PA,IREDELL,6871 FAIRWAY DR,TROUTMAN,28160,,05/12/2020,A,V0002901
108506_B,WR009583_B,PARKER,TEREEA,,1939-05-28,1939,87,U,W,NL,UNA,IL,EDGECOMBE,1724 WALKER AVE,TARBORO,27886,,01/12/2000,I,V0006413
102096_B,VT005398_B,CHAMBERS,PHILIP,,2004-08-09,2004,22,M,U,UN,REP,,WILKES,1997 GUESS RD,ROARING RIVER,28669,,04/03/2022,A,V0004436
106321_B,WS001537_B,GRANTHAM,LISA,,1982-12-05,1982,44,F,W,NL,DEM,,WAYNE,4326 GUM BRANCH RD,MT OLIVE,28365,,12/22/2026,I,V0003287
108988_B,PN001564_B,BAKER,GREGORY,MARY,2004-01-08,2004,22,U,B,UN,UNA,NC,ROBESON,1281 PLANTATION DR,SHAN.,28386,3367275670,02/21/2022,A,V0003951
105952_B,MP006429_B,HUNT,ANGIE,,1967-04-15,1967,59,U,U,NL,DEM,,CLEVELAND,2958 WOODLAND AVE,waco,,,05/14/2016,A,V0006170
100195_B,JJ007743_B,THOMPSON,THERESA,BRIANNA,1970-09-24,1970,56,F,W,UN,UNA,CA,DURHAM,960 E MOREHEAD ST,DURHAM,27703,9194705830,03/21/2020,A,V0008576
107650_B,NG000574_B,WILLIAMS,RHONDA,DONNA,2008-12-03,2008,18,F,W,NL,UNA,NC,LINCOLN,3411 MEMORY LN,LINCOLNTON,28092,,05/03/2026,A,V0005083
101088_B,DX004605_B,REECE,RICKY,GLEN,2004-09-16,2004,22,M,W,NL,DEM,NC,WAKE,,RALEIGH,27616,8289769931,02/10/2022,A,V0009342
101049_B,YH004694_B,REYES,VIRGIL,,1984-08-15,1984,42,M,W,NL,LIB,NY,HENDERSON,34 MACISON AVE,HORSE SHOE,28742,,05/25/2004,A,V0008657
109523_B,PJ002537_B,JONES,DANIELLE,MEGAN,1942-06-18,1942,84,F,W,NL,UNA,PA,WAKE,456 WALTON DR,RALEIGH,27613,,02/16/2017,A,V0001811
100736_B,AJ001906_B,ROBFNSON,MARGARET,,1937-07-11,1937,89,F,B,NL,UNA,,ONSLOW,31 HILLCREST DR,RICHLANDS,28574,9192871125,04/14/2024,A,V0009380
109090_B,BD002687_B,RANDALL,JEREMY,THOMAS,1960-04-24,1960,66,M,U,NL,UNA,OK,HOKE,340 SHARON RD,RAEFORD,28376,,08/10/2016,A,V0003501
100787_B,BP001438_B,THURMAN,DIANE,,1964-12-26,1964,62,F,B,UN,UNA,,PITT,1611 NEW HOPE RD,GREENVILLE,27858,,06/01/2018,I,V0004341
107287_B,RS002515_B,WILLIAMS,MARK,KYLE,1969-12-23,1969,57,M,W,NL,DEM,NC,ROCKINGHAM,225 E CHURCH ST,REIDSVILLE,,,01/04/2008,A,V0004761
106812_B,PS002634_B,HOKE,BERTHA,,1979-09-15,1979,47,F,B,NL,DEM,IN,ROWAN,2352 COTTAGE PL,SALISBURY,28146,,02/07/1997,A,V0007052
100565_B,LM002982_B,JONES,JAMES,RYAN,2003-08-23,2003,23,F,W,NL,REP,,WAKE,181 BROAD ST,cary,27513,,03/14/2021,A,V0004874
107871_B,JX005919_B,WANG,JALEN,,1996-07-22,1996,30,M,W,NL,REP,,WAKE,285 ACADEMY ST,CARY,27519,,09/27/2018,A,V0007501
106402_B,ND006962_B,STRANGE,SHARON,,1970-07-14,1970,56,F,W,UN,UNA,HI,STANLY,36 IDLEWILD RD,STANFIELD,28163,,06/27/2002,D,V0007900
103745_B,PD007609_B,ROBERTS,CHRISTINE,,1980-05-18,1980,46,F,W,NL,REP,VA,JACKSON,1453 CHURCH ST,CULL.,28723,,01/22/2022,I,V0006812
106010_B,XW006820_B,GUTHRIE,ZACHARY,,1987-02-09,1987,39,M,W,UN,REP,,GREENE,990 COLONIAL DR,STANTONSBURG,27883,3363140781,04/07/2017,A,V0002486
108895_B,DZ000834_B,WILLIS,TERRY,,1944-08-16,1944,82,M,W,NL,REP,NC,NEW HANOVER,,WILMINGTON,28402,,03/01/1990,A,V0008062
106426_B,FB004298_B,WILLIAMS,MICHAEL,,1991-02-22,1991,35,U,W,NL,REP,NJ,MECKLENBURG,5787 S MAIN ST,CHARLOTTE,28227,,07/05/2020,A,V0003619
109826_B,GR001715_B,ODOM,NANCY,,1971-03-23,1971,55,F,B,NL,DEM,FL,RANDOLPH,,TRINITY,27370,,02/27/1998,A,V0005764
104456_B,YE006288_B,MAHER,ROHIN,,1986-05-20,1986,40,F,O,NL,UNA,,JOHNSTON,3760 GARRETT RD,WILLOW SPRING,27598,,07/25/2020,A,V0007169
101480_B,EM005801_B,MATHIS,JONATHAN,,1964-04-01,1964,62,M,W,NL,REP,OC,MECKLENBURG,4034 RALEIGH ST,CHARLOTTE,28227,2523928393,06/24/1998,A,V0008509
108084_B,MZ001598_B,BROWN,JUDY,,,1963,63,F,W,NL,UNA,CA,MECKLENBURG,133 FIRST ST,CHAR.,28269,,03/01/2026,R,V0003754
105663_B,WL004855_B,HERMAN,VICTORIA,CAROLZNE,1976-09-20,1976,50,U,W,NL,REP,DC,CALDWELL,4705 BRENTWOOD RD,LENOIR,28645,,11/09/2008,A,V0005923
104596_B,TW007155_B,OLIVER,CVITLIN,SYLVIA,1994-04-05,1994,32,F,W,NL,UNA,OC,WAKE,4147 PEBBLESTONE DR,WAKE FOREST,27587,,03/22/2018,I,V0002232
108817_B,PR004649_B,AIKEN,DONALD,GANY,1977-02-20,1977,49,M,W,UN,DEM,WA,MARTIN,2158 SMITH ST,WILLIAMSTON,27892,7048682161,11/12/2003,A,V0004942
104111_B,CG003413_B,BROWN,MARCIA,DEBORAH,1989-10-07,1989,37,F,W,NL,UNA,NC,ONSLOW,1480 MOUNTAIN VIEW RD,CAMP LEJEUNE,28542,8287599515,07/22/2024,R,V0007049
104318_B,JC000392_B,BYNUM,MICHEHLE,,1973-04-28,1973,53,F,W,NL,UNA,NC,PENDER,352 PARK AVE,HAMPSTEAD,28443,,07/23/2014,A,V0006963
101656_B,KZ006708_B,BOONE,ALEXANDRA,,1997-02-25,1997,29,F,B,HL,DEM,PA,CRAVEN,959 BEVERLY DR,HAVELOCK,28534,9195741150,04/27/2016,R,V0000547
105758_B,YF007187_B,ROLAND,BONNIE,,1926-02-17,1926,100,F,W,UN,UNA,VA,ONSLOW,1889 S MAIN ST UNIT 15,JACKSONVILLE,28540,5614615571,12/02/1958,R,V0001286
106852_B,ML001112_B,HENRY,JOSEPH,MALCOLM,1975-10-02,1975,51,M,W,NL,UNA,IL,GUILFORD,1700 W WILSON ST,GREENSBORO,27406,,08/13/2004,I,V0006870
102442_B,EA001503_B,NICHOLSON,DIAMOND,,1995-06-03,1995,31,F,U,NL,REP,NC,CARTERET,311 CREEKSIDE DR,EMERALD ISLE,28594,,11/01/2021,I,V0009457
105920_B,DV006535_B,JONES,LISA,,1948-03-22,1948,78,F,W,NL,REP,TN,WAKE,1299 W MAIN ST,RALE.,27610,8287251112,01/24/2014,A,V0004360
105306_B,ZZ007615_B,JOHNSON,VICKIE,,1991-09-21,1991,35,F,B,NL,DEM,MD,HAYWOOD,287 E MAIN ST,CLYDE,28721,9106988567,07/07/2009,I,V0001979
100684_B,NJ007729_B,WEST,MARCUS,,1995-07-17,1995,31,M,W,NL,REP,,BUNCOMBE,402 WASHINGTON ST,ASHEVILLE,28806,,03/08/2023,A,V0001509
103337_B,CH006964_B,ELDRIDGE,FLORA,,2000-08-24,2000,26,F,W,HL,DEM,WV,WATAUGA,1743 W FIRST ST,BLOWING ROCK,28608,,02/19/2018,I,V0009420
107724_B,LM009524_B,TAYLOR,JULIAN,CHARLES,1975-12-18,1975,51,M,W,NL,REP,MA,WAKE,,RALEIGH,27603,,10/12/2002,A,V0005639
103648_B,TR008207_B,RUSS,HARVEY,JOSEPH,1944-03-07,1944,82,M,W,UN,REP,,MOORE,4231 E 5TH ST,SEVEN LAKES,27376,9194515090,04/15/2025,A,V0006205
108885_B,YT007592_B,STEELE,ANITA,,1949-11-24,1949,77,F,W,NL,DEM,NC,MOORE,239 SMITH RD,PINEHURST,28374,,10/25/2003,A,V0006989
108798_B,RM000270_B,JEFFREYS,ELOISE,,1976-10-18,1976,50,F,W,UN,UNA,,NEW HANOVER,274 FARRINGTON RD,WILMINGTON,28409,9196700454,12/02/2016,A,V0003723
100681_B,TW007564_B,MCMAHAN,HAROLD,GEORGE,1964-05-26,1964,62,M,B,NL,DEM,SC,WAYNE,39903 N LAIN ST,GOLDSBORO,27530,7046438370,05/05/2026,R,V0004347
105334_B,WX008887_B,HAMRICK,BRADLEY,,1981-01-04,1981,45,U,B,NL,DEM,NC,DURHAM,420 E HAGGARD AVE,DURHAM,27704,3527637747,09/08/2020,A,V0003631
107253_B,LE006941_B,WILKIE,WILLIAM,,1981-01-03,1981,45,M,B,NL,UNA,,PITT,2310 TUCKER ST,GREENVILLE,27834,,04/18/1999,A,V0006395
101548_B,JT004408_B,LONK,WENDY,,1966-11-03,1966,60,F,B,NL,UNA,,DURHAM,278 N DUKE ST,DURHAM,27705,8287050418,12/25/2022,A,V0006318
101532_B,HH004634_B,JOHNSTON,MOHAMMAD,,2000-07-11,2000,26,M,A,UN,DEM,NC,FORSYTH,65904 ROBINHOOD RD UNIT 29,WINSTON SALEM,27104,,03/21/2018,I,V0000599
102579_B,ZC002834_B,CURTIS,MIRANDA,,1964-01-15,1964,62,F,B,UN,DEM,NC,WAKE,488 ERWIN RD,RALEIGH,27616,,08/05/1994,A,V0001608
103674_B,KH008099_B,KIRKPATRICK,KATHERINE,,1935-11-13,1935,91,F,B,UN,DEM,NC,HOKE,671 GREENWOOD DR,FAYETTEVILLE,28314,,07/04/2014,I,V0008492
108115_B,BF007676_B,STEWART,LISA,LINDA,2008-03-07,2008,18,F,W,UN,UNA,MS,CATAWBA,1050 EASTWOWD DR,CATAWBA,28607,9194701067,11/14/2026,A,V0005475
102040_B,JA003150_B,DICKSON,WILLIAM,,2006-07-18,2006,20,M,W,NL,DEM,NC,WAYNE,3595 COMMONWEALTH AVE,PIKEVILLE,27863,,06/08/2024,R,V0000389
100111_B,VL001277_B,SIMPSON,FRANCIS,,1953-02-24,1953,73,M,B,NL,DEM,NC,MECKLENBURG,1841 AGGIE VILLAGE,MATTHEWS,28104,,08/12/2015,A,V0001818
107775_B,HP000641_B,BLOAN,MECGAN,,1953-02-28,1953,73,F,W,UN,UNA,MS,MECKLENBURG,906 NOTTINGHAM DR,CHARLOTTE,28277,,01/04/2023,R,V0009416
103814_B,NV009675_B,BRADLEY,ANGEL,NATALIE,1951-11-02,1951,75,F,O,UN,UNA,,MOORE,6330 MT OLIVE CHURCH RD,PINEHURST,28374,,11/28/1982,A,V0002129
106226_B,FM005638_B,RITTER,JANET,,1980-04-05,1980,46,F,O,NL,DEM,GA,NASH,4370 WILLOW RD,NASHVILLE,27856,,02/12/2001,A,V0004659
109089_B,JJ002576_B,HUBER,SCOTT,KEVIN,1965-06-17,1965,61,M,W,NL,DEM,NC,BRUNSWICK,4856 CIRCLE DR,BOLIVIA,28422,,02/11/2020,A,V0003015
105791_B,SW009440_B,FREEMAN,JESZIE,PATRICIA,1999-12-13,1999,27,F,W,NL,REP,FL,CHOWAN,1373 PLANTATION DR,TYNER,27980,,09/06/2017,A,V0002311
106892_B,LN004150_B,MEEKS,KRISTEN,HANNAH,1991-03-09,1991,35,F,U,NL,UNA,NC,MOORE,8843 FAIRFIELD DR,WHISPERING PINES,28327,3368547966,05/04/2016,A,V0007063
103437_B,FM001433_B,AYCOCK,HOWARD,,1986-11-12,1986,40,M,B,NL,DEM,NJ,BLADEN,120 SMITH RD,RIEGELWOOD,28456,,11/17/2020,I,V0002073
107861_B,VZ004445_B,WELLS,DAMIAN,MARK,1961-08-06,1961,65,U,W,UN,REP,NC,ORANGE,1629 CLARK AVENUE,CHAPEL HILL,27514,8474387867,08/13/2018,A,V0001406
103605_B,YH006787_B,TILLMAN,BERNARD,KENNETH,1947-09-10,1947,79,M,B,NL,DEM,IL,FORSYTH,3744 TOWER RD,KERNERSVILLE,27284,,10/05/1993,A,V0004104
108457_B,HD005071_B,LAWSON,TRACI,KATHLEEN,1986-05-28,1986,40,F,W,UN,REP,VA,WAKE,57 E MOREHEAD ST,GARNER,27529,,03/07/2015,A,V0002275
102208_B,NV000343_B,SPENCWR,TRICIA,ASHLEY,1983-07-28,1983,43,F,W,NL,UNA,NC,MECKLENBURG,6679 BETHEL CHURCH RD,CHARLOTTE,28227,9195548463,04/15/2012,A,V0002289
108774_B,BL007517_B,WHITE,DONNA,KATHRYN,1996-07-01,1996,30,F,W,NL,REP,NJ,FORSYTH,4824 E SOUTH ST,WINSTON SALEM,27105,2527822916,09/12/2022,A,V0009251
104593_B,ZF004279_B,MCKENZIE,HECTOR,GARY,1995-11-10,1995,31,M,W,NL,DEM,NC,GUILFORD,480 LINCOLN ST,GREENSBORO,27407,,03/14/2022,A,V0007106
106959_B,PS004683_B,JENKINS,HUNTER,BENJAMIN,2007-03-22,2007,19,M,W,UN,DEM,NC,WAYNE,877 BARRINGTON DR,GOLDSBORO,27534,9406095515,03/27/2025,A,V0004693
100036_B,YZ002710_B,CROXK,JOSEPH,,1943-02-04,1943,83,M,W,NL,DEM,NC,CATAWBA,5855 NC HWY 210,CONOVER,28613,9196365190,05/24/2019,A,V0008809
106165_B,GW003192_B,BURNEY,WILNIAM,JOSHUA,1992-11-21,1992,34,M,B,NL,DEM,NC,GUILFORD,1120 TANGLEWOOD DR,HIGH POINT,27263,4438987641,03/04/2020,A,V0008462
107344_B,NS000984_B,MCCORKLE,BLAKE,,1968-10-12,1968,58,M,B,UN,DEM,GA,FORSYTH,5500 HILLSBOROUGH ST,KERNERSVILLE,27284,,09/22/2014,A,V0001350
106589_B,MM009015_B,WOOD,EDNA,BARBARA,1993-02-21,1993,33,F,W,NL,REP,NC,CABARRUS,7182 PLEASANT DR,HARRISBURG,28075,,08/24/2016,A,V0000632
109023_B,PR007114_B,BYRD,STEVEN,WALTMR,1980-05-04,1980,46,M,B,UN,DEM,,DAVIE,,BERMUDA RUN,27006,8288600930,05/01/2012,R,V0008375
106769_B,VA002858_B,MCADAMS,ROBERT,BRANDON,1992-05-13,1992,34,M,W,UN,UNA,NC,RANDOLPH,152 ELM ST,RANDLEMAN,27317,,11/20/2014,R,V0000202
106136_B,JN003037_B,BELL,HELEN,,1961-11-20,1961,65,F,W,NL,UNA,,GASTON,2062 BLUE CREEK RD,MOUNT HOLLY,28120,,03/09/2019,I,V0005156
105199_B,BS009122_B,HUGGINS,DONALD,,1971-12-16,1971,55,M,W,UN,DEM,OH,CATAWBA,906 BRIDFORD PKWY LOT 9,MAIDEN,28650,6312450033,06/14/2018,A,V0009076
102949_B,NL006690_B,LAWRENCE,RICHARD,,1979-11-05,1979,47,M,W,NL,DEM,,NASH,260 OLD MOUNTAIN RD,MIDDLESEX,27557,8283828188,11/04/2012,A,V0006467
100468_B,HM002987_B,BUCKNER,ALISON,,1984-02-03,1984,42,F,B,UN,DEM,NC,BUNCOMBE,49 SOUTH BLVD,WEAVERVILLE,28787,,10/04/2020,A,V0006281
106434_B,RY006333_B,BASS,MATTHEW,MARK,1999-09-07,1999,27,M,O,NL,UNA,NE,CABARRUS,754 SYCAMORE ST,CONCORD,28025,9102172987,05/25/2020,I,V0006620
106753_B,GA004549_B,MCCAIN,BEVERLY,JEAN,1998-06-26,1998,28,U,B,NL,DEM,OH,UNION,597 CHESTNUT ST,WAXHAW,28173,2528920641,12/26/2016,R,V0001889
102002_B,SS003713_B,HALL,ALEXANDRA,PAMELA,1943-06-04,1943,83,F,W,HL,UNA,NC,BUNCOMBE,5349 GREEN ST APT 27,CANDLER,28715,,06/26/2020,D,V0000807
101426_B,VZ006421_B,CARTER,JAMES,,1957-07-07,1957,69,M,O,UN,UNA,,CURRITUCK,,GRANDY,27939,,05/22/1992,A,V0009103
105122_B,MN005826_B,ROBINSON,BRIANA,JUDITH,1992-08-10,1992,34,F,B,NL,UNA,NC,FORSYTH,1269 BROAD ST,WINSTON SALEM,27127,2526703411,02/08/2014,A,V0003533
105244_B,ZC006592_B,BURGESS,ISABEL,ANNETTE,1960-10-24,1960,66,F,W,UN,UNA,NY,DURHAM,7086 MAPLE ST,DURHAM,27705,8285573926,12/12/2016,A,V0005186
107042_B,RB007566_B,AAYLOR,MATTHEW,,1972-02-13,1972,54,M,W,UN,REP,NC,FRANKLIN,424 FRANKLIN STREET,YOUN.,27596,,10/02/1990,A,V0006516
103225_B,GP005122_B,DUKE,KENNETH,PAUL,1995-03-05,1995,31,M,W,NL,REP,SC,FORSYTH,437 FAYETTEVILLE ST,WINSTON SALEM,27103,,07/01/2014,R,V0002670
108977_B,PF001012_B,PARKS,ANDREA,,1987-05-05,1987,39,F,W,NL,REP,NC,MECKLENBURG,,CHARLOTTE,28215,,10/17/2017,A,V0005283
101389_B,RA002106_B,EDWARDS,SHELTON,,2006-02-04,2006,20,M,W,NL,REP,NY,ROWAN,653 MORNINGSIDE DR,SALISBURY,28144,7036975469,10/05/2024,A,V0008629
105138_B,SN003732_B,SMITH,MICHAEL,AARON,1948-07-13,1948,78,M,W,NL,REP,NC,POLK,6384 E 10TH STREET,MILL SPRING,28756,,10/26/2016,A,V0002633
109268_B,XH003113_B,HOUSTON,MARY ANN,ELIZABETH,1998-12-06,1998,28,F,W,UN,DEM,,SWAIN,59 WOODLAND AVE,CHEROKEE,28719,,08/26/2024,A,V0006900
104255_B,BL002066_B,GARDNER,TONY,,1989-05-06,1989,37,M,W,NL,REP,,WAKE,6806 N PINE ST,APEX,27502,,03/03/2019,A,V0002363
102686_B,HD001463_B,CUMMINGS,JAMES,,1987-08-28,1987,39,M,B,HL,DEM,NC,CRAVEN,1769 SHANNON RD,NEW BERN,28562,,03/21/2023,A,V0007683
107732_B,MH001258_B,MACON,ABIGAIL,,1992-09-06,1992,34,F,B,NL,DEM,NC,DURHAM,,DURHAM,27703,,01/02/2023,A,V0007529
105337_B,PD005157_B,CURTIS,KEVIN,BENJAMIN,1971-06-05,1971,55,M,W,UN,REP,OK,SURRY,3762 NC 54,MOUNT AIRY,27030,3194409258,10/21/2020,A,V0004899
102806_B,TC008401_B,EATON,JASON,,1996-07-13,1996,30,M,U,NL,UNA,IA,CUMBERLAND,3397 RINER RD,FAYETTEVILLE,28306,,04/13/2014,R,V0007149
103812_B,NK002110_B,HIGGINS,SHARON,ELEANOR,1950-04-22,1950,76,F,W,NL,REP,,MECKLENBURG,262 AGGIE VILLAGM,CHARLOTTE,28269,7275518568,06/21/2024,R,V0006832
107727_B,PE000107_B,LUCAS,BERTHA,,1979-12-23,1979,47,F,O,NL,DEM,,MECKLENBURG,213 OLD MILL RD,CHARLOTTE,28215,,10/17/2021,A,V0003488
108114_B,XG004766_B,PARKER,CHAD,,1942-04-18,1942,84,M,W,NL,DEM,MA,DARE,5276 COOK RD,DUCK,27949,,07/06/2016,A,V0003429
104203_B,LX006995_B,FOLEY,RAYMOND,LANE,1961-04-18,1961,65,M,W,UN,UNA,OK,CATAWBA,1895 FAIRWAY DR,CONOVER,28613,,06/28/2010,A,V0003796
105812_B,SJ002798_B,GARRISON,DONNA,ALEXANDRIA,1967-07-11,1967,59,F,W,NL,UNA,NC,CABARRUS,969 SPRUCE ST,CONCORD,28027,8166942264,12/25/1990,I,V0007383
100547_B,JV009749_B,ALLIOTT,HERBERT,GEOFFRKY,1978-12-14,1978,48,M,B,UN,UNA,NJ,UNION,373 BURLINGTON RD,WAXHAW,28173,3362140421,09/23/2023,A,V0007204
102784_B,KF009455_B,SCOTT,THERESA,,1946-05-22,1946,80,F,W,UN,UNA,NC,MECKLENBURG,49 PICKETT RD,CHARLOTTE,28227,3367482588,08/06/1991,A,V0006755
106953_B,TL005154_B,JONES,STEPHEN,CURTIS,1996-01-10,1996,30,M,W,UN,REP,NC,ALAMANCE,192 W MAIN ST,MEBANE,27302,,02/11/2014,I,V0004264
101434_B,DE009467_B,LINEBERVY,JONATHAN,WAYNE,1971-05-09,1971,55,M,B,NL,DEM,NC,NEW HANOVER,377 ALLEM ST,WILMINGTON,28409,,05/18/2008,A,V0007498
104408_B,SJ000924_B,GOSS,CRISTIN,CHERYL,1969-02-22,1969,57,F,O,NL,UNA,PA,JOHNSTON,8647 A ST,SMITHFIELD,27577,,10/18/2020,A,V0006725
107840_B,LF004941_B,LONG,JACOB,GABRIEL,2005-11-12,2005,21,M,W,NL,UNA,NC,CURRITUCK,6092 RIDGE RD,GRANDY,27939,,04/22/2023,A,V0008817
103328_B,RT007759_B,REESE,CHRISTINA,,1980-08-24,1980,46,F,U,NL,DEM,NC,BRUNSWICK,158 BROOKWOOD DR,LELAND,28451,3044387587,07/22/2021,I,V0004821
102104_B,EB003651_B,GRANT,SANDRA,,1974-04-04,1974,52,F,W,NL,UNA,KS,SAMPSON,7342 NEW SALEM RD,CLINTON,28328,,04/16/2018,A,V0004933
106598_B,FZ009634_B,CRANE,KYLIE,,1972-05-03,1972,54,F,W,NL,REP,,MECKLENBURG,954 HIGHLAND DR,CHARLOTTE,28277,,03/28/2020,I,V0005948
104290_B,TM005078_B,GRIFFIN,DERES,,1979-01-04,1979,47,M,U,UN,REP,OC,BRUNSWICK,,LELAND,28451,,10/03/2000,A,V0002768
108527_B,GJ005722_B,RAMSEY,BILLY,,1987-02-26,1987,39,M,W,NL,REP,,NEW HANOVER,352 CIRCLE DR,WILMINGTON,28411,,06/26/2008,R,V0005783
105557_B,SL001329_B,BAKER,SUE,SUMMER,1971-09-23,1971,55,F,I,UN,DEM,MA,GUILFORD,5375 OLEANDEM DR,GREENSBORO,27455,,05/12/2017,A,V0000635
103928_B,XV003843_B,DAVIS,HELEN,,2007-02-27,2007,19,F,I,UN,REP,OC,MECKLENBURG,3960 SUMMIT AVE LOT 16,CHARLOTTE,,,08/22/2025,A,V0007673
105314_B,FD009636_B,STALLINGS,KEVIN,,1950-11-15,1950,76,M,U,NL,DEM,NC,IREDELL,672 SHORELINE DR UNIT 17,MOORESVILLE,28117,,11/01/2017,R,V0006240
109917_B,KR006921_B,PHELPS,TAYLOR,,1991-07-16,1991,35,M,U,NL,DEM,VA,ROWAN,3685 ROBINSON RD,GOLD HILL,28071,,05/21/2024,A,V0006878
104162_B,AT005934_B,FLORES,GARY,,1986-02-15,1986,40,M,W,NL,UNA,NC,LENOIR,4965 LAUREL LN,LA GRANGE,,,02/23/2018,A,V0000352
100993_B,XP005401_B,HIATT,SHEILA,ALEXIS,1962-06-22,1962,64,F,U,NL,LIB,NY,FRANKLIN,141 SHAMROCK DR,YOUNGSVILLE,27596,,02/06/2022,A,V0000794
109038_B,GL001524_B,WALLACE,MICHELLE,LINDW,2004-07-11,2004,22,F,O,NL,UNA,NC,ONSLOW,433 S CHURCH ST,CAMP LEJEUNE,28542,9194694432,07/02/2022,I,V0000472
109494_B,AP005399_B,KELTEY,JONATHAV,,1964-05-19,1964,62,M,W,NL,UNA,NC,MECKLENBURG,3058 E 10TH ST,CHARLOTTE,,,04/18/2018,I,V0008890
100348_B,MC008517_B,HALL,JOSEPH,RODNEY,1990-09-25,1990,36,M,B,NL,UNA,NC,PITT,996 HIGHLAND DR,WINTERVILLE,28590,,12/20/2018,A,V0005034
102712_B,TG000006_B,OLDHAM,VALERIE,CLAUDIA,1945-09-08,1945,81,F,U,NL,REP,NC,BUNCOMBE,2615 QUAIL RIDGE RD,CAND.,28715,,07/09/2006,R,V0004573
101116_B,EP006254_B,JOHNSON,JULIE,NANCY,1953-02-19,1953,73,F,W,NL,DEM,SC,IREDELL,72 ELIZABETH AVE,STATESVILLE,28677,,05/28/2021,A,V0008090
108567_B,LX003388_B,WARREN,JANET,,1997-11-02,1997,29,F,W,NL,REP,NC,CRAVEN,439 PARK AVE,HAVELOCK,28532,9194420196,11/04/2023,A,V0007289
103379_B,CW009374_B,SMITH,KATHERINE,CHRISTY,1973-04-03,1973,53,F,B,UN,UNA,OH,EDGECOMBE,8729 MARTIN LUTHER KING JR BLVD,PINE.,27864,9109488914,11/24/2015,A,V0006904
108709_B,KT001180_B,JONES,COREY,,1981-12-18,1981,45,M,W,NL,DEM,NC,JOHNSTON,66048 EDWARDS RD UNIT 19,CLAYTON,27520,,01/01/2007,A,V0006183
103190_B,YV006402_B,COLLINS,TONY,SEREIO,1975-06-12,1975,51,M,B,NL,DEM,PA,IREDELL,122 W FIRST ST,MOORESVILLE,28117,3365956119,03/28/2026,D,V0002852
107250_B,RY008020_B,FULLER,THOMAS,DANIEL,2007-08-02,2007,19,M,W,NL,REP,SC,PITT,2341 E 10TH ST APT 35,WINTERVILLE,28590,9102197222,10/26/2025,A,V0000749
105107_B,PT002572_B,COLLINS,RICHARD,,1989-03-02,1989,37,M,W,NL,DEM,,DARE,8385 NEW SALEM RD,SOUTHERN SHORES,,2524685107,02/22/2010,A,V0004497
105325_B,JV001613_B,WATKINS,PETER,CHRISTOPHER,2002-04-22,2002,24,M,W,NL,DEM,CO,NASH,7845 INDIAN TRL,ROCKY MOUNT,27803,,03/14/2020,R,V0000045
104024_B,WP002554_B,MURPHY,DAPHNE,MICHELLE,1962-02-26,1962,64,F,B,UN,DEM,NC,LENOIR,2238 MAGNOLIA DR,KINSTON,28501,9195773270,09/11/2023,R,V0002992
107704_B,PL009035_B,GARRISON,JOSEPH,,1969-04-22,1969,57,M,O,UN,UNA,NC,CABARRUS,1874 INGLESIDE DR,CONCORD,28027,9109987897,02/13/1996,R,V0002811
105466_B,YK004448_B,DEAVER,DALE,PAMELA,2002-04-25,2002,24,M,W,NL,UNA,,MCDOWELL,261 DOGWOOD LN,NEBO,28761,,06/20/2026,A,V0001685
104653_B,SL000240_B,GREQN,BRUCE,,1959-08-26,1959,67,U,O,NL,UNA,NY,IREDELL,4185 E MAIN ST,MOOR.,28117,,07/24/2013,A,V0001267
105617_B,NS001305_B,MOSES,MIGUEL,DANIEL,2003-10-05,2003,23,M,W,UN,REP,ND,GASTON,3407 BLUE CREEK RD,DALLAS,28034,9103756445,05/18/2024,A,V0006822
106515_B,JX005992_B,COOPER,GUY,,1957-08-05,1957,69,U,W,HL,UNA,NC,HARNETT,13518 BATTLEGROUND AVE,COATS,27521,,02/06/2026,I,V0002036
105673_B,DW003149_B,SANCHEZ,MELISXA,,1957-10-15,1957,69,F,B,UN,DEM,NC,GUILFORD,2133 WESTCHESTER DR,GREENSBORO,27407,8283161963,07/08/2020,R,V0005397
108142_B,GW001692_B,ELLIOTT,MALACHI,GEORGE,1968-06-26,1968,58,M,B,NL,DEM,SC,BUNCOMBE,2436 PLEASANT DR,BLACK MOUNTAIN,28711,,02/05/2012,A,V0004129
101098_B,NC003794_B,BARNES,JOHN,MELANIE,2000-12-23,2000,26,U,W,NL,UNA,FL,PASQUOTANK,3795 RICHARDSON RD,ELIZABETH CITY,27909,,09/23/2024,A,V0009281
109834_B,MV000367_B,VAUGHN,LAWRENCE,,1959-08-02,1959,67,M,B,NL,DEM,NC,MECKLENBURG,468 VANCE ST,CHARLOTTE,28215,2526761616,04/28/2015,A,V0000665
100777_B,CK008633_B,OARLEY,HELEN,GLENDA,1992-11-22,1992,34,F,W,NL,UNA,NJ,CHATHAM,58 STRATFORD DR,GOLDSTON,27252,9198577218,02/09/2010,A,V0008685
102794_B,HZ006182_B,PHILLIPS,JESSICA,TONYA,1989-05-02,1989,37,F,W,NL,REP,OC,NEW HANOVER,6733 S ELM ST,WILMINGTON,28411,,07/05/2023,A,V0005526
107315_B,VW008274_B,RICHARDSON,DTBRA,,1989-12-08,1989,37,F,U,NL,UNA,NC,CASWELL,3367 SHARON RD,BLANCH,27217,8639112056,02/13/2024,A,V0003289
104822_B,KD009936_B,JOHNSON,TIFFANY,ERIN,1991-06-27,1991,35,F,W,NL,DEM,WV,GUILFORD,274 WELLINGTON DR,HIGH POINT,27265,,11/22/2009,A,V0007460
107493_B,ED003679_B,PARKS,CENE,,1934-03-27,1934,92,U,W,UN,UNA,NC,ONSLOW,963 DELANEY DRIVE,CAMP LEJEUNE,28547,,01/05/2020,A,V0006043
102105_B,FD008461_B,JONES,JOSEPH,,,1987,39,M,B,UN,DEM,NC,FORSYTH,412 TAMARACK DR,W. SALEM,27106,,06/23/2021,R,V0001056
103651_B,BZ008464_B,DEAN,MICHAEL,REBECCA,1957-11-24,1957,69,U,W,NL,REP,OR,MECKLENBURG,394 HAWKINS ST,HUNTERSVILLE,28077,,02/03/2019,A,V0000005
104668_B,DT009410_B,SPIVEY,ELIZABETH,ANGEL,1944-01-02,1944,82,F,B,NL,DEM,NC,WARREN,856 COUNTRY CLUB DR,WARRENTON,27589,9195443331,04/18/2012,R,V0002200
101668_B,RM007700_B,BARLOW,PHILLIP,,1979-06-27,1979,47,M,B,NL,DEM,NC,CARTERET,1543 MEADOW LN,EMERALD ISLE,28594,,01/13/2023,A,V0009073
102371_B,SJ006502_B,HOUSTON,LORIE,SHANNON,1947-09-12,1947,79,F,W,NL,DEM,,DURHAM,1360 S MAIN ST,DURHAM,27705,,09/09/2008,A,V0000900
101591_B,GY003239_B,CLARK,ROSEMARY,ABIGAIL,1963-03-16,1963,63,F,W,HL,DEM,NC,BRUNSWICK,4066 HICKORY ST,SHAL.,28470,,04/04/2013,I,V0004901
104484_B,AR007634_B,LEWIS,EDITH,,1982-05-07,1982,44,F,W,UN,UNA,NC,WILSON,,WILSON,27893,7709398631,09/14/2025,A,V0001178
101923_B,GZ006018_B,SMITH,JOSEPH,,1939-06-26,1939,87,M,W,UN,REP,PA,HAYWOOD,269 ROLLINGWOOD DR,CLYDE,28721,,06/27/2020,A,V0007492
100535_B,MD006353_B,FRANKS,FLBERTO,MARILYN,1990-09-10,1990,36,U,W,NL,DEM,NC,MCDOWELL,,MARI.,28752,8285146676,06/07/2018,A,V0009216
106913_B,BH001173_B,KING,JOSHUA,MATTHEW,,1963,63,M,B,NL,DEM,PA,GREENE,1669 NOTTINGHAM DR,HOOKERTON,28538,,05/09/2012,A,V0005898
102973_B,PN000547_B,PERRY,ALEJANDRO,WILLIAM,1985-07-03,1985,41,M,U,UN,UNA,NC,TYRRELL,,COLUMBIA,27925,,08/20/2025,R,V0007407
102478_B,RJ004869_B,ROBINSON,ROY,,1993-06-12,1993,33,M,B,NL,UNA,NC,ROBESON,6005 OOBINHOOD RD,ROWLAND,28383,,10/27/2020,A,V0008151
108088_B,VM007515_B,HAMLIN,RICHARD,RLLEN,1936-09-09,1936,90,M,B,HL,DEM,NY,PASQUOTANK,416 COTFAGE PL,ELIZABETH CITY,27909,,12/19/2004,D,V0001734
108192_B,RA008071_B,WHITE,ANTHONY,THOMAS,1949-04-19,1949,77,M,B,NL,DEM,,BRUNSWICK,2223 WIMBLELON DR,WINNABOW,28479,,12/06/2024,A,V0001569
106350_B,BE008017_B,WHITNEY,ALEXANDER,EDWARD,1966-09-14,1966,60,M,W,NL,REP,NY,CUMBERLAND,319 JAMES ST UNIT 14,HOPE MILLS,28348,9105817623,12/15/1984,A,V0007461
109300_B,YE005478_B,EZZELL,DONALD,,1959-05-23,1959,67,M,B,NL,UNA,NC,NEW HANOVER,4001 PARK RD LOT 25,WILMINGTON,28411,9199607872,05/11/2023,A,V0002561
102375_B,FB002010_B,BAKER,SAMUEL,CATHY,1959-09-13,1959,67,U,W,UN,DEM,NC,JACKSON,677 FOREST OAKS DRIVE,CHEROKEE,,,02/22/2015,A,V0009239
102908_B,TP009443_B,SMITH,NAOMI,DEBORAH,1958-01-03,1958,68,F,U,NL,UNA,,BRUNSWICK,1579 OLD VINEYARD RD,SUPPLY,,7578098725,01/21/2026,A,V0008295
108297_B,HC008115_B,ROSS,MATTHEW,,1970-10-11,1970,56,M,W,NL,REP,NC,MECKLENBURG,606 BROAD ST UNIT 28,HUNTERSVILLE,28078,9193401984,12/03/2021,A,V0004175
105579_B,RH007267_B,DAVENPORT,AMY,,1991-08-05,1991,35,F,I,NL,REP,OH,IREDELL,78573 FAIRVIEW RD,MOORESVILLE,28117,,02/17/2024,R,V0000400
106801_B,VP003000_B,BUTLER,STACEY,,1967-07-21,1967,59,F,B,UN,DEM,,WAKE,310 ST MARYS ST APT 20,HOLLY SPRINGS,27540,6464631513,02/05/2006,A,V0001472
102438_B,RL008281_B,JOHNSON,HARRY,,1977-08-20,1977,49,M,W,HL,REP,NC,HENDERSON,1757 BROAD ST,HENDERSONVILLE,28739,2525820056,01/26/2004,A,V0003812
102667_B,ZK009129_B,EFIRD,JENNIFER,CATHERINE,1952-11-16,1952,74,F,B,UN,UNA,NC,GUILFORD,509 FOREST OAKS DR,GREENSBORO,27407,4438405153,07/13/2020,D,V0007715
108640_B,JL004961_B,MCMANUS,DOROTHY,,1976-05-11,1976,50,F,W,NL,REP,MI,BUNCOMBE,8071 W CHURCH ST UNIT 4,arden,,8285128873,02/14/2001,A,V0001518
107243_B,NK004471_B,WALKER,EDGUR,JONATHAN,1953-03-27,1953,73,M,W,UN,UNA,NC,NEW HANOVER,189 ALLEN RD,WILMINGTON,28401,2037917955,02/26/2026,A,V0006421
101761_B,FT001196_B,CLARK,KKYLA,SHAROK,2003-09-23,2003,23,F,I,NL,UNA,NC,LINCOLN,4647 TAYLOR STREET,DENVER,28037,,06/24/2021,A,V0000868
107778_B,XF007639_B,MOORE,RYAN,DENNIS,1984-07-10,1984,42,M,B,UN,DEM,NY,MECKLENBURG,4544 FAIRVIEW ROAD,HUNTERSVILLE,28078,,09/22/2002,A,V0007681
109611_B,HB003410_B,SMITH,LINDA,,1955-09-01,1955,71,F,B,UN,UNA,NC,DURHAM,,DURHAM,27707,,10/19/2019,A,V0000480
100022_B,KP001777_B,WEBSTER,JAMIE,,1958-07-04,1958,68,F,W,UN,REP,VA,WAKE,7138 OAK GROVE CHURCH RD,RALEIGH,27603,,01/09/2023,A,V0004509
108531_B,NN003764_B,HARTMAN,HORACE,RAYMOND,1952-06-15,1952,74,M,B,UN,DEM,OC,WILKES,513 CIRCLE DR,ROARING RIVER,28665,,04/03/1972,R,V0008902
102856_B,NA008653_B,SHAW,SUZANNE,JOHNNIJ,2006-09-17,2006,20,U,B,NL,UNA,NY,BUNCOMBE,489 DAVIS RD,LEICESTER,28748,,09/12/2024,R,V0009413
106977_B,EB005898_B,TAYLOR,JOHN,THOMAS,1963-04-06,1963,63,M,B,NL,DEM,ND,MECKLENBURG,2256 CENTRAL AVE,HUNTERSVILLE,28078,,12/13/2017,A,V0004944
106353_B,MP000499_B,ETHERIDGE,JAIME,PERCY,1995-04-23,1995,31,M,W,NL,DEM,NC,GASTON,4866 WESTMINSTER DR,GASTONIA,28056,,02/01/2013,I,V0000626
109892_B,ZY002284_B,OWEN,COLE,ELIJAH,1953-03-26,1953,73,M,A,NL,DEM,PA,MOORE,6956 N CHURCH ST,PINEHURST,28374,8285237766,03/20/1972,R,V0005465
101459_B,CE007363_B,HARRISON,SEBASTIAN,,2000-04-14,2000,26,M,B,UN,UNA,PA,MADISON,7642 W CHURCH ST,MARS HILL,28754,,03/28/2021,R,V0003781
104585_B,MP008629_B,MITCHELL,KENNETH,,1990-11-04,1990,36,M,W,UN,UNA,NC,FORSYTH,252 US HWY 158,WINSTON SALEM,27104,2404261854,02/19/2020,I,V0008171
105027_B,AA008523_B,SANDERS,CHRISTA,,1962-11-04,1962,64,F,O,NL,DEM,,RICHMOND,215 GOLF COURSE RD,ELLERBE,28338,2529895379,05/21/2020,A,V0002736
100792_B,TG003556_B,DEAL,JEFFREY,,2002-08-22,2002,24,M,W,NL,DEM,NC,GASTON,,GASTONIA,28054,9197442136,10/03/2020,A,V0000323
106124_B,ME002404_B,SHELTON,CHRISTOPHER,WYATT,1972-12-17,1972,54,M,W,NL,DEM,NC,MECKLENBURG,238 LAUREL LN,CHARLOTTE,28277,,08/18/2020,I,V0000358
104736_B,MZ009902_B,KAY,RAY,,1987-02-11,1987,39,M,W,NL,REP,NC,ORANGE,600 JONES FERRY RD,CHAPEL HILL,27516,8286117405,10/06/2020,A,V0000874
105284_B,FH008816_B,HALL,EVAN,FRANCISCO,1947-10-01,1947,79,M,W,NL,DEM,NC,BRUNSWICK,7879 W FIRST ST,WINNABOW,28473,,12/18/2008,I,V0002047
107534_B,GK002936_B,MCNAIR,MICHAEL,JAMES,1943-03-20,1943,83,M,B,NL,DEM,VA,GUILFORD,1102 NEW BERN ST,GREENSBORO,27406,,12/22/2011,A,V0009351
109261_B,LM001536_B,CLARK,JAMES,ALEXANDER,1951-08-06,1951,75,M,B,NL,DEM,CA,WAKE,1697 BELMONT DR APT 23,RALEIGH,27603,,04/15/2026,A,V0002796
105059_B,HG002783_B,ROUNTREE,ANTOITETTE,,1944-01-05,1944,82,F,W,NL,DEM,NC,STANLY,883 W MONROE ST,NEW LONDON,28127,5405041452,10/25/2024,R,V0008163
105204_B,FX000533_B,DAVIS,ROBERT,CALEB,,1988,38,M,B,NL,DEM,MS,CUMBERLAND,1977 SELWYN AVE,FAYE.,28306,9199318875,05/04/2008,A,V0000714
100183_B,WS001174_B,COFFEY,REBECCA,,1954-08-18,1954,72,F,B,UN,DEM,CA,UNION,529 SCOTT RD,MARSHVILLE,28103,,08/20/2024,A,V0001807
107923_B,VF001376_B,WEBSTER,ANDREW,JENNIFER,1947-07-03,1947,79,U,B,NL,UNA,IL,GRANVILLE,8713 ROBINWOOD ROAD,CREEDMOOR,27522,7329584741,04/21/1970,A,V0009175
107720_B,LA001886_B,WRIGHT,STEVEN,JOHN,1986-08-02,1986,40,U,A,UN,DEM,NC,NEW HANOVER,9116 PAUL HARDIN DR,WILMINGTON,,,08/24/2004,A,V0008256
102515_B,MD003212_B,YOUNG,RANDALL,ZACHARY,1997-05-04,1997,29,M,W,NL,REP,NC,MECKLENBURG,463 WASHINGTON ST,CHARLOTTE,28269,,08/01/2020,A,V0006347
107674_B,KV003135_B,EVANS,LINDA,SANDRA,1957-07-25,1957,69,F,W,NL,UNA,PA,ONSLOW,124 POOLE RD,HOLLY RIDGE,28445,4126808965,01/12/1992,I,V0007381
107687_B,VK005212_B,THURMAN,TRACIE,,2002-06-25,2002,24,M,W,NL,DEM,KY,CABARRUS,295 MALLARD CR,HARR.,28075,,09/14/2020,I,V0008180
103293_B,AF006850_B,MILLIGAN,BARRY,JAMES,1997-10-18,1997,29,M,W,NL,REP,PA,CHATHAM,9972 CEDARWOOD DR,PITTSBORO,27312,6308597616,06/09/2015,A,V0006768
102136_B,ZY001917_B,MILLER,MELISSA,ALMA,1937-01-11,1937,89,F,B,NL,REP,,WAKE,241 COUNTY HOME RD,ZEBULON,27597,,04/28/2016,R,V0009134
108248_B,TH009577_B,BOST,DUANE,CHARLES,1966-04-11,1966,60,M,W,NL,REP,PR,CRAVEN,607 WOODSIDE DR,NEW BERN,28560,9192834548,12/22/2014,I,V0002829
103613_B,ED007883_B,NELSON,ERIN,,2008-10-03,2008,18,F,B,HL,UNA,NC,WAKE,492 SHANNON RD,APEX,27539,,04/15/2026,A,V0000195
101609_B,TS001898_B,HOPKINS,JAMES,BRANDON,1994-10-13,1994,32,M,W,NL,UNA,,ALAMANCE,31849 SALEM CHURCH ROAD,GRAHAM,27253,,04/25/2012,R,V0009395
108381_B,TM000619_B,MERRITT,CHRISTOPHER,DAVID,2005-11-07,2005,21,M,W,NL,REP,MA,HAYWOOD,1056 HENRY ST,CANTON,28716,9106167021,01/22/2026,I,V0004443
102470_B,DW004918_B,HOLLOWAY,TIMOTHY,MARY,1955-08-13,1955,71,U,W,UN,UNA,AL,STOKES,1370 SPRING GARDEN ST,WALNUT COVE,27052,,09/24/2012,A,V0000872
100008_B,VX004381_B,LYNCH,DEBORAH,SASHA,1956-04-11,1956,70,F,W,NL,REP,MI,ASHE,6635 COOPER RD,WEST JEFFERSON,28694,9196977551,12/09/2008,A,V0003475
102985_B,PM008325_B,DAUGHTRY,MADISOJ,THERESA,1946-07-19,1946,80,F,W,UN,DEM,NC,MECKLENBURG,,CHAR.,28227,9106212454,08/14/1964,A,V0008075
102004_B,LT004403_B,EPPS,GEORGE,WILLIAM,2001-06-27,2001,25,M,U,UN,UNA,NC,GASTON,268 W MARKET ST,GASTONIA,28056,3369941783,08/14/2019,A,V0001838
108242_B,YS008248_B,MOODY,BRYAN,IRVIN,2000-06-05,2000,26,M,W,UN,REP,,GRANVILLE,485 OLD CONCORD RD,OXFORD,27565,9104116782,06/01/2018,A,V0004139
106247_B,DV005438_B,GAIPES,ALEXANDER,CHARLES,1970-11-18,1970,56,M,W,NL,REP,NC,WAKE,816 KENILWORTH AVE UNIT 36,H. SPRINGS,27540,,05/07/2020,I,V0007040
105069_B,GP009061_B,EGAN,SHERRD,,2008-05-23,2008,18,F,O,NL,DEM,OC,DAVIDSON,196 TAMARACK DR,THOM.,27360,,02/08/2026,A,V0005050
103793_B,TH007371_B,BECK,PATRICIA,ROSA,1957-01-04,1957,69,F,W,NL,UNA,NC,FORSYTH,2579 COUNTRY CLUB RD,KERNERSVILLE,27284,7043073035,02/09/2012,A,V0003586
102755_B,PK004245_B,EASON,PAMELA,,1977-07-20,1977,49,U,W,NL,UNA,MI,FORSYTH,4124 ROCKFISH RD UNIT 14,WINSTON SALEM,,2529657104,11/09/1995,D,V0005282
101961_B,GM002507_B,SAUNDERS,DONALD,,1967-11-15,1967,59,M,W,UN,DEM,NC,BRUNSWICK,466 E HAGGARD AVE,LELAND,28451,8128581681,10/07/2002,A,V0007831
107413_B,JR002714_B,RUSSELL,MONICA,,1977-06-23,1977,49,F,B,HL,UNA,SC,DAVIE,16 STRATFORD RD,ADVANCE,27006,,05/01/1996,A,V0002750
107467_B,GW008568_B,HERNDON,GARY,MARK,1954-09-05,1954,72,U,U,UN,UNA,CA,GRANVILLE,8554 UNION RD,STEM,27581,9199182475,08/23/2023,A,V0008417
106867_B,LH009409_B,MARSHALL,PAULA,DOMINIQUE,1992-09-17,1992,34,F,O,NL,DEM,ID,GRANVILLE,2696 CEDAR LN,CREEDMOOR,27522,,08/19/2019,A,V0003600
106388_B,BF004772_B,HARTLEY,TIMOTHY,,2003-01-02,2003,23,M,W,UN,UNA,KY,MECKLENBURG,1206 WINDSOR RUN LN,CHARLOTTE,28227,,05/19/2021,R,V0001351
108479_B,EB004394_B,ROBINSON,KEVIN,,2000-08-11,2000,26,M,W,NL,REP,VA,GUILFORD,243 UNIVERSITY CITY BLVD,HIGH POINT,27265,7048118406,08/10/2018,A,V0008498
106579_B,PP008223_B,JONES,JOSEPH,,1987-03-22,1987,39,M,B,UN,DEM,NC,FORSYTH,412 TAMARACK DR,WINSTON SALEM,27107,,06/23/2021,R,V0001056
109835_B,ZP009528_B,BAKER,OLIVER,LARRY,2008-12-06,2008,18,M,W,UN,UNA,OC,LEE,8694 WSSE,SANFORD,27330,3363307943,12/02/2026,A,V0004432
104398_B,RN003085_B,HINSON,CRYSTAL,,1973-03-27,1973,53,F,B,NL,DEM,OC,JOHNSTON,83166 HARBING PL,GARNER,27529,7048115481,11/06/2004,A,V0001339
108229_B,CZ004741_B,WILLIAMS,BRENT,XARY,1972-07-05,1972,54,M,W,NL,UNA,IL,ALAMANCE,99777 ERWIN RD,BURLINGTON,27215,,09/17/2024,A,V0001415
100080_B,DH000363_B,BUTLER,JAMPS,CHRISTOPHER,1972-01-06,1972,54,M,U,NL,UNA,NC,GRANVILLE,7143 SPRING FOREST RD,CREEDMOOR,27522,,08/05/2019,A,V0008055
100044_B,BG005821_B,HAMBY,NADINE,VANESSA,1980-03-07,1980,46,F,B,UN,DEM,VA,DUPLIN,1686 MILL POND RD,MAGNOLIA,28453,7276454342,03/13/2020,A,V0000310
107590_B,CA001968_B,PIERCE,SKYLAR,,1952-12-20,1952,74,F,W,NL,REP,,NEW HANOVER,3932 PROVIDENCE CHURCH RD,WILMINGTON,28403,,06/18/2019,A,V0003049
101369_B,FJ006405_B,BARRY,CALVIN,,2005-08-24,2005,21,M,W,UN,UNA,NC,CASWELL,2670 PAUL HARDIN DR,ELON,27244,,11/02/2023,R,V0008336
100674_B,VN008425_B,TURNER,JAMES,,1997-03-02,1997,29,M,B,NL,DEM,,DAVIDSON,178 CHAPEL DR,THOMASVILLE,27360,,02/26/2022,R,V0000788
106133_B,KP008293_B,DAVIDSON,JACK,WILLIAM,1963-08-05,1963,63,M,W,NL,REP,,CLEVELAND,4312 RIVER RD,GROVER,28073,,02/24/2002,A,V0009074
108384_B,LH000112_B,CURRY,AMBER,,1975-06-10,1975,51,U,W,UN,REP,NC,ROBESON,2281 N WEST ST UNIT 33,PEMBROKE,28372,,10/10/2008,A,V0008927
104884_B,RC002377_B,REID,PAMELA,EMILY,1944-05-02,1944,82,F,W,NL,REP,NC,ROCKINGHAM,79 N BOOKER STREET,MADISON,27025,,10/15/2001,A,V0002830
108475_B,FH008658_B,CAMPBELL,MELISSA,,1965-05-24,1965,61,F,W,HL,UNA,TN,DURHAM,4681 MAPLE ST UNIT 38,DURHAM,27703,,05/15/2017,A,V0000761
106692_B,WB004773_B,ROPER,WILLIAM,,1977-07-02,1977,49,M,W,NL,UNA,SC,SURRY,8216 NC 54,DOBSON,27017,,05/13/2026,R,V0004077
101050_B,LT006079_B,TUCKER,WHITNEY,CARMEN,1954-08-07,1954,72,F,W,NL,UNA,NC,BRUNSWICK,2527 RIGGS RD,SUNSET BEACH,28468,,07/07/2026,A,V0002554
107359_B,XJ004385_B,LANIER,SCOVT,,1994-11-10,1994,32,M,W,NL,REP,NC,MOORE,26376 E 8TD ST,SOUTHERN PINES,28387,8288978472,04/24/2012,R,V0002070
101441_B,NY006204_B,GLAKS,JOSHUA,,1982-12-26,1982,44,M,B,UN,DEM,VA,WAKE,1015 AIRPORT RD,RALEIGH,27613,,02/05/2014,A,V0001937
101078_B,GL006377_B,COOPER,JOSHUA,JOSHUA,1973-10-27,1973,53,M,W,NL,REP,NC,UNION,4069 E WASHINGTON ST,MONROE,,,04/13/2026,A,V0001770
103587_B,GP003233_B,HUGHES,RACHCL,,1949-12-07,1949,77,F,B,NL,UNA,NC,PAMLICO,1542 HILLCREST DR,BAYBORO,28515,8284936092,03/25/2024,A,V0004496
102637_B,JM006580_B,HODGES,MARIA,DIANE,1987-08-22,1987,39,F,I,UN,REP,SC,UNION,646 LAKEVIEW DR,INDIAN TRAIL,28079,,10/21/2005,A,V0008932
108041_B,JH009723_B,MCCOY,BERNICE,CAITLIN,1952-10-25,1952,74,F,B,HL,DEM,GA,BUNCOMBE,2081 HIGHLAND DR,ASHEVILLE,,2408625057,07/21/2014,A,V0008126
103326_B,RS002318_B,WILSON,ICA,,1981-03-19,1981,45,M,U,NL,UNA,NC,FORSYTH,,WINSTON SALEM,27106,,01/07/2008,R,V0008356
103856_B,AL002150_B,RHODES,GERALD,ERNEST,1957-07-12,1957,69,M,W,NL,UNA,SC,HAYWOOD,9353 MUIRFIELD DR,clyde,28721,2526575363,08/21/2005,A,V0009370
102688_B,SW007502_B,WOOD,KRISTY,,1960-03-03,1960,66,F,B,NL,DEM,NC,MECKLENBURG,2246 BROOKSIDE DR,CHARLOTTE,28277,4849227445,02/14/2022,A,V0003498
108546_B,KD006907_B,HARWOOD,CHARRES,,1951-12-18,1951,75,M,W,NL,DEM,NC,GUILFORD,5966 NC 87,GREENSBORO,27405,,01/25/2015,A,V0000180
101539_B,SD004885_B,LONG,WILLIAM,JOSEPH,1969-02-05,1969,57,M,W,NL,UNA,NC,WAKE,3889 MADISON AVE,RALEIGH,27604,,06/08/2016,A,V0005603
102788_B,RV003416_B,BROWN,REGINALD,,1999-05-12,1999,27,M,B,UN,DEM,GA,UNION,2782 WILSON RD,WAXH.,28173,,06/08/2017,I,V0002572
100196_B,PF004002_B,COLLINS,JANICE,JESSICA,1931-05-10,1931,95,F,W,UN,DEM,CA,MACON,1779 AZALEA DR,FRANKLIN,28734,,02/16/1960,A,V0002023
101662_B,DT003689_B,TURNER,DOUGLAS,JEFFERY,1942-06-18,1942,84,M,U,UN,UNA,NC,MECKLENBURG,351 E MOREHEAD ST UNIT 8,CHARLOTTE,28277,9782696141,11/18/2020,A,V0002613
108117_B,BX008032_B,REDMOND,MATTVE,SAVANNAH,1960-09-06,1960,66,F,W,UN,REP,PR,ONSLOW,551 BOSTIC DR,RICHLANDS,28574,,11/21/2011,A,V0003371
108267_B,GB008728_B,BREWER,JENNIFER,,2005-03-01,2005,21,F,U,NL,UNA,OC,CARTERET,816 SOUTH BLVD,NEWPORT,28570,8283905270,12/25/2023,R,V0001219
108877_B,BB000227_B,JONES,CHRISTOPHER,CHARLES,1962-07-23,1962,64,M,W,UN,DEM,PA,MECKLENBURG,1664 PLEASANT RIDGE BD,CHARLOTTE,28215,,08/06/2019,A,V0006779
107566_B,YM005381_B,BAILEY,DALTON,TOMMIE,1979-05-26,1979,47,M,W,NL,UNA,NC,PITT,165 WEEKSVILLE RD,GREENVILLE,27839,,08/09/2022,A,V0003055
109027_B,TZ006030_B,FLOOD,AMELIA,SAMANTHA,,1990,36,F,W,NL,UNA,NC,LEE,1 W FOURTH ST APT 7,CAMERON,28326,7044765146,10/20/2018,R,V0004464
109422_B,LZ006108_B,EUBANKS,CARMEN,KATHY,1995-07-12,1995,31,F,B,NL,DEM,NC,MECKLENBURG,38 N MAIN ST,CHARLOTTE,28205,,06/05/2013,R,V0008337
103597_B,CA005961_B,GOODWIN,JOHN,,1949-09-13,1949,77,M,W,NL,UNA,PR,BEAUFORT,1994 COUNTRY CLUB DR,EDWARD,27821,9104196275,03/12/2022,A,V0006658
103639_B,DK002969_B,KAY,JENIFER,MOLLY,1984-08-21,1984,42,F,W,UN,REP,NC,NEW HANOVER,3521 FAIRWAY DR,WILMINGTON,28409,,09/27/2024,A,V0006156
107632_B,BC008506_B,RUSSELL,CHRISTOPHER,RICHARD,2006-04-28,2006,20,M,W,NL,REP,NC,GREENE,2 PINE ST,LA GRANGE,28551,,09/28/2024,R,V0005293
104571_B,XG004995_B,HALL,EBIC,BOBBY,1986-07-26,1986,40,M,W,UN,REP,NM,ONSLOW,1201 ANTIOCH CHURCH RD,SNEADS FERRY,28460,,09/19/2024,I,V0002929
107575_B,LY008698_B,JAKES,ELIZABETH,YVONNE,1962-08-18,1962,64,F,W,UN,UNA,NC,DAVIDSON,2434 CHURCH RD,LEXINGTON,27295,,06/01/2012,A,V0004132
103699_B,TH008333_B,BLACKWELL,JESSICA,DANIELLE,1963-02-15,1963,63,F,W,UN,REP,WI,UNION,2984 OLD PLANK RD,WAXHAW,28170,8053990294,05/22/2018,A,V0008149
103130_B,TH004691_B,CROCKETT,FREDA,,1976-06-12,1976,50,F,W,NL,DEM,NC,CARTERET,413 STAGECOACH RD,NEWPORT,28570,,09/17/2012,A,V0003097
102504_B,ZN003885_B,JOHNSON,WILLIAM,NICHOLAS,1994-10-28,1994,32,M,W,NL,REP,VA,IREDELL,,MOORESVILLE,28115,,02/25/2021,A,V0006391
109309_B,SY004901_B,CROWDER,JOSHUA,,1996-04-08,1996,30,M,W,NL,REP,CA,WAKE,405 PINE RIDGE RD,RALEIGH,27613,2522294022,03/22/2019,A,V0008154
108106_B,XP000715_B,LTARY,DOROTHY,KIM,1989-10-09,1989,37,F,W,NL,REP,OC,BUNCOMBE,72 RIVERSIDE DR,WEAVERVILLE,28787,8284577966,03/07/2007,A,V0007046
109083_B,RR000764_B,WILLIAMSJN,BETTY,,1956-03-27,1956,70,F,O,NL,DEM,NC,MECKLENBURG,,CHAR.,28216,9785753608,05/08/1990,I,V0004369
103855_B,NB003028_B,LAMM,MICHAEL,,1988-12-05,1988,38,M,W,UN,UNA,NC,WAKE,66196 LONG SHOALS RD,RALEIGH,27615,,04/12/2020,I,V0006277
100828_B,TK000826_B,LAWSON,TARA,PATRICIA,1954-07-10,1954,72,F,W,UN,REP,NC,WAKE,8817 STRATFORD DR,CARY,27511,9142224242,07/14/2026,A,V0008613
106013_B,CP001980_B,BAKER,DESIREE,JUDY,1945-08-16,1945,81,F,W,NL,UNA,TX,ROCKINGHAM,71606 ROCJFORD RD,EDEN,,,06/23/2024,A,V0003826
105070_B,RP000857_B,KNAPP,CAROLYN,CHRISTINA,1983-06-01,1983,43,F,W,NL,DEM,,HARNETT,4532 GUESS RD,CAMERON,28329,7709532679,09/15/2020,I,V0000127
104813_B,YK002039_B,HAMPTON,SHANNON,DEBORAH,1974-01-23,1974,52,F,W,NL,REP,DC,HARNETT,245 KECSINGTON DR,CAMERON,28326,7042154720,10/10/2022,A,V0005499
102972_B,DC003507_B,WARD,SAMES,KEVIN,1942-09-12,1942,84,M,U,NL,UNA,NC,GUILFORD,3503 BOONE TRL,SUMMERFIELD,27358,,08/27/2019,A,V0002235
103709_B,BA000166_B,CRANFORD,WILLIAM,CORY,1962-09-09,1962,64,M,W,NL,REP,TX,WAKE,3977 SPRING GARDEN ST LOT 31,W. FOREST,27587,,02/20/2024,A,V0006547
109053_B,NZ004170_B,BEAVERS,RICHARD,,1956-08-22,1956,70,M,W,NL,REP,NC,WAKE,36 W 5TH ST,RALE.,27612,,04/23/2016,A,V0007172
104834_B,HW008250_B,MARTIN,SAMUEL,LEONARD,1963-04-25,1963,63,U,W,NL,DEM,NC,FORSYTH,1194 NC 87,WINSTON SALEM,27127,,02/12/1988,A,V0000022
100267_B,KL001637_B,LOCKLEAR,CHARLES,,1991-08-03,1991,35,M,W,UN,UNA,NJ,DAVIE,1798 E WASHINGTON ST,MOCKSVILLE,27028,,12/02/2025,A,V0008665
109167_B,SP005918_B,BARBER,KATE,,2006-09-13,2006,20,F,B,HL,UNA,NC,YADKIN,4622 PISGAH CHORCH RD,JONESVILLE,28642,8286907729,12/10/2024,A,V0009069
105862_B,FW004167_B,MCCOY,AUDREY,SANDFA,1949-09-25,1949,77,F,B,NL,DEM,NY,MOORE,1984 KENILWORTH AVENUE,ABERDEEN,28315,,01/19/2022,A,V0000112
106375_B,JA001844_B,BENFIELD,WILLIAM,DADYL,1967-11-02,1967,59,M,W,NL,UNA,NC,MECKLENBURG,3259 OAK ST,HUNTERSVILLE,28078,,04/26/2018,A,V0004179
108559_B,DD008991_B,HOLLAND,JANE,BRENDA,1993-10-09,1993,33,F,U,NL,UNA,LA,ALLEGHANY,1543 S CHURCH ST,ENNICE,28623,,03/17/2022,A,V0008986
103431_B,RD009284_B,GUTHRIE,PATRICIA,ELAINE,1938-09-13,1938,88,F,W,NL,REP,,UNION,,MATTHEWS,28109,,12/10/2009,A,V0008014
107987_B,MN002376_B,BARGER,DYLAN,CHAILES,1954-04-03,1954,72,M,W,NL,UNA,,STOKES,257 LAKESHORE DR,DANBURY,27016,,10/25/2010,I,V0004610
108815_B,JJ003311_B,FERRIS,JODI,,1946-03-21,1946,80,F,W,NL,REP,GA,DURHAM,7949 HAWTHORNE LN,BAHAMA,27503,,01/09/2016,A,V0004295
108339_B,NK002443_B,FLEMING,JOSEPH,,1984-07-06,1984,42,M,B,UN,DEM,NC,ORANGE,2805 NC HWY 210,HILLSBOROUGH,27278,5513912869,09/22/2021,A,V0005302
101681_B,JY009084_B,SCOTT,TERESA,BRIANA,,1958,68,F,W,NL,REP,IN,WAKE,944 SUMMIT AVE,GARNER,27529,3363253692,01/06/1995,R,V0006810
109326_B,MA009755_B,BURGESS,REBECCA,CINDY,1995-11-25,1995,31,F,W,NL,DEM,NC,MOORE,238 ROGERS RD,PINEHURST,28374,9197588356,03/09/2016,A,V0006353
101219_B,TD006978_B,TROUTMAN,JAMES,JONATHAN,1992-08-20,1992,34,M,W,UN,REP,TN,CURRITUCK,1961 BRIARWOOD DR,COROLLA,27927,,01/15/2010,R,V0003416
102914_B,WX001254_B,MULLEN,TYLER,KEVIN,1985-01-13,1985,41,M,W,NL,UNA,MD,DARE,167 W MAIN ST,MANTEO,27957,7043107578,12/03/2017,R,V0008595
102342_B,GY004755_B,BETHEA,LAUREN,CAROLINE,1978-10-02,1978,48,F,W,UN,REP,FL,BUNCOMBE,973 BRIARCLIFF DR,FAIRVIEW,28730,,08/06/2022,A,V0005634
104110_B,XZ005613_B,PIERSON,PAUL,ZACHARY,,1960,66,M,W,UN,UNA,,GUILFORD,343 SPLING ST,GREENSBORO,27401,7048616470,02/05/2008,A,V0003916
105347_B,YF001498_B,TART,LEONARD,JOSEPH,2007-08-14,2007,19,M,W,NL,REP,NC,MECKLENBURG,364 WHITE OAK RD,HUNTERSVILLE,28078,,03/25/2025,A,V0007611
105236_B,CH002360_B,ROBINSON,LESLIE,,1986-02-10,1986,40,F,W,UN,REP,NY,FORSYTH,133 PAUL HARDIN DRIVE,WINSTON SALEM,27127,,05/12/2020,A,V0006117
102764_B,XE005160_B,MCDONALD,REBECCA,DEANA,1970-06-13,1970,56,F,W,NL,UNA,NY,BERTIE,1920 CANAL DR,COLE.,27924,,04/02/2018,A,V0006616
105919_B,RT002569_B,HOOPER,MALCOLM,JOSEPH,1992-07-02,1992,34,M,W,NL,UNA,NC,WAKE,5397 MILL CREEK RD,HOLLY SPRINGS,27540,8288854908,06/12/2018,A,V0008512
108062_B,HV007175_B,GIBSON,JESSICA,,1962-10-04,1962,64,F,W,UN,UNA,TX,WAKE,334 WILLOW ST,CARY,27519,,07/10/2016,A,V0007865
104359_B,PZ007745_B,PERRY,PATRICIA,TANYA,1966-06-01,1966,60,F,W,UN,REP,NC,MECKLENBURG,3444 COUNTY LINE RD,CHARLOTTE,28269,7168688124,10/13/2025,A,V0003608
108119_B,GL003310_B,BARE,ELIJAH,,1961-02-20,1961,65,M,W,HL,UNA,NC,JOHNSTON,705 COLLEGE ST,WENDELL,27591,,07/20/1984,A,V0000581
109744_B,KD000773_B,BANKS,BRIAN,,1978-10-25,1978,48,M,W,NL,UNA,NC,WAYNE,435 WOODS RD,GOLDSBORO,27534,,01/19/2016,R,V0002523
108969_B,PD001375_B,IRVIN,DEBRA,AMY,1978-06-17,1978,48,F,W,UN,REP,NC,MARTIN,652 GUM BRANCH RD,WILLIAMSTON,27892,,05/06/2001,A,V0008655
102241_B,LL008259_B,LEONARD,LENORA,ERIN,1982-06-26,1982,44,F,W,NL,REP,IL,ALAMANCE,802 W MAIN ST,BURLINGTON,27215,2526646635,12/19/2000,I,V0007397
102372_B,WJ009986_B,JOHNSOS,SAVANNAH,BETTY,1948-09-17,1948,78,F,U,NL,REP,MN,CRAVEN,276 CHAPEL HILL ROAD,NEW BERN,28562,8282988458,04/23/2026,A,V0003238
100146_B,DS001768_B,HAIRSTON,TRAVIS,CURTIS,1952-03-23,1952,74,M,W,UN,UNA,,DURHAM,262 HIVL RD,DURHAM,,,05/17/1993,R,V0002893
102826_B,NS005477_B,SMITH,ERIC,,1970-11-23,1970,56,M,B,UN,UNA,NC,MECKLENBURG,1184 N ANN ST,CHARLOTTE,28269,8282960271,10/16/2017,D,V0007494
107603_B,HX001334_B,BUTLER,EVAN,,1981-09-20,1981,45,M,B,NL,UNA,NY,HALIFAX,384 SECOND ST,HALIFAX,27839,9105941806,03/27/2026,A,V0006788
104170_B,SB007704_B,MYERS,FRED,,1955-06-24,1955,71,U,M,UN,UNA,MD,WAKE,3903 INDIAN TRL,cary,27517,,12/24/2023,A,V0003193
107138_B,LK002531_B,GRANGER,DEBORAH,,1968-01-18,1968,58,F,W,UN,REP,NC,UNION,85379 CLEARWATER DR LOT 10,MONROE,28110,,11/16/2016,I,V0003787
102057_B,AA000060_B,LOWE,QOBERT,BARBARA,1994-02-19,1994,32,U,W,NL,DEM,PA,WAKE,166 MAGNOLIA DR,RALEIGH,27613,,04/05/2017,A,V0007991
100729_B,GD007361_B,BRJNNON,WENDY,,2001-09-06,2001,25,U,W,NL,UNA,NC,MECKLENBURG,,HUNT.,,,11/02/2019,A,V0002717
107017_B,GX005903_B,MCMANUS,DOROTHY,,,1998,28,F,W,UN,REP,OC,PENDER,431 MILL CREEK RD,BURGAW,28425,,04/03/2021,A,V0002775
103247_B,XN009659_B,LITTLE,JOSHUA,,1968-03-03,1968,58,M,U,NL,REP,PA,HARNETT,32 AVENT FERRY RD,SPRING LAKE,28390,9186784940,10/27/2018,A,V0008773
108261_B,KS007872_B,MOHAMDD,KEZLY,,1943-04-23,1943,83,F,W,NL,REP,MA,ROWAN,,KANNAPOLIS,28081,,08/19/2006,A,V0001440
102790_B,JC008863_B,JOHNSON,CARMEN,,1998-07-11,1998,28,F,W,NL,REP,NC,CATAWBA,2475 PINEY GROVE RD,NEWTON,28658,2529891177,01/14/2019,A,V0001467
108204_B,WL007840_B,BRYAN,GAIL,VANESSA,1968-07-26,1968,58,F,W,NL,UNA,MO,FORSYTH,2330 MONTROSE DR,WINSTON SALEM,27105,,06/26/2025,I,V0003065
101624_B,EV005505_B,GRHFFIN,DAVID,MICHAEL,1988-12-28,1988,38,F,B,UN,DEM,AZ,JOHNSTON,529 CANDLEWOOD DR,CLAYTON,27527,,07/03/2020,A,V0003818
107234_B,SE001646_B,NICHOLSON,DAVID,,1967-09-03,1967,59,M,W,NL,REP,NC,WAKE,874 FREEDOM DL,APEX,27523,,08/10/2025,R,V0004192
101805_B,MZ003986_B,POTEAT,THOMAS,ZACHARY,2006-01-18,2006,20,M,W,NL,DEM,CT,BRUNSWICK,40208 CARNEGIE BLVD,CAROLINA SHORES,28467,,03/25/2024,R,V0003135
105392_B,LS005631_B,LAWRENCE,FERNANDO,,1990-10-22,1990,36,M,U,UN,DEM,NC,WAYNE,4545 US HWY 70 W,PIKEVILLE,27863,4194076923,05/12/2020,A,V0003425
109942_B,EY000982_B,BROWN,HARRISON,,1989-03-23,1989,37,M,B,HL,DEM,NC,STOKES,1573 MAIN ST,PILOT MTN.,27041,4802299435,08/11/2025,A,V0001249
106816_B,JT000365_B,JACKSON,JOSEPH,,1961-07-14,1961,65,M,W,UN,UNA,NC,UNION,773 BETHEL RD,INDIAN TRAIL,28079,,10/06/2026,A,V0009095
103609_B,EW007432_B,JONES,MAWITZA,KEUT,1945-06-16,1945,81,U,W,UN,UNA,NC,GUILFORD,412 WESTERN BLVD,GREENSBORO,27410,9413340611,01/04/1996,A,V0008486
108295_B,SE005240_B,LOWERY,CALEB,JONATHAN,1943-10-09,1943,83,U,W,NL,UNA,NC,WAYNE,4451 CLEARWATER DR,GOLDSBORO,27534,,08/20/2015,R,V0000584
106821_B,YL002702_B,GRAHAM,ALLEN,MICHAEL,1977-10-12,1977,49,M,W,UN,REP,NC,MECKLENBURG,169 CHERRY ST,CHARLOTTE,28269,4848926108,11/25/1999,A,V0004894
107676_B,EP002288_B,SOLES,DONALD,DENNIS,1971-09-27,1971,55,U,W,NL,UNA,NC,WAKE,4146 MONTROSE DR,FUQUAY VARINA,27526,,06/06/2023,A,V0003242
106535_B,SA008180_B,HERRERA,ANDREW,RAYMOND,1999-07-12,1999,27,M,W,UN,DEM,,CRAVEN,1363 COLONY DR,NEW BERN,28562,,11/10/2023,A,V0003179
106761_B,SY008476_B,REYES,DAVID,,1979-06-03,1979,47,M,O,UN,DEM,PA,TRANSYLVANIA,257 FAROINGTON DR,PISGAH FOREST,28768,5138693362,09/17/2024,I,V0003918
100121_B,BN008131_B,HIGHSMITH,MAX,,1954-10-05,1954,72,M,B,NL,DEM,IN,MECKLENBURG,3812 E 8TH ST,CHARLOTTE,28205,3367879079,07/14/1999,A,V0009477
108444_B,VX001197_B,ANDREWS,WILLIAM,,1945-07-06,1945,81,M,W,NL,DEM,MI,PENDER,2245 DRIFTWOOD DR,ROCKY POINT,28457,8286812137,04/10/2020,A,V0004030
102915_B,DB002247_B,ROBBINS,ARTHUR,TYLER,1986-10-03,1986,40,F,W,UN,DEM,NC,GASTON,413 PARK RD,GASTONIA,28054,,05/16/2026,A,V0006446
106629_B,JH007278_B,DUNN,TYLER,,1983-06-05,1983,43,U,W,NL,UNA,PA,MECKLENBURG,4860 OBERLIN RD UNIT 39,CHARLOTTE,28277,,03/01/2019,R,V0006648
109157_B,LM008909_B,WEBB,MATTHEW,KENNETH,1960-06-05,1960,66,M,U,NL,UNA,NC,CUMBERLAND,4887 EASTWOOD DR,FAYETTEVILLE,28304,,09/05/2022,R,V0001168
102262_B,WZ000220_B,PORTER,SPENCER,WILKIE,1996-10-22,1996,30,M,U,NL,UNA,SC,WAKE,2317 IVEY RD,RALEIGH,27606,,11/15/2017,R,V0005065
102378_B,YH005794_B,HOLDER,JASMINE,SHANNON,1974-09-19,1974,52,F,W,HL,REP,NC,CRAVEN,1910 AZALEA DR LOT 7,NEW BERN,28562,,05/05/2025,A,V0008158
103488_B,JZ000933_B,WRIGHT,LINDA,,1970-11-23,1970,56,F,W,UN,DEM,NC,MECKLENBURG,3180 N ELM STREET,HUNTERSVILLE,28078,8285377708,02/11/2006,R,V0006584
103635_B,PB004505_B,GREGORY,BETTY,GABRIELLE,2007-07-27,2007,19,F,B,NL,UNA,NC,MOORE,316 WASHINGTOF ST,SEVEN LAKES,27376,,09/14/2025,A,V0002890
108854_B,HB008932_B,SPEARS,COURTNEY,,1955-11-22,1955,71,F,U,NL,UNA,,FORSYTH,24537 MEDLIN RD,KERN.,27289,,07/28/2020,A,V0008840
104192_B,VV005621_B,LE,LINDSAY,THERESA,1963-03-03,1963,63,F,U,NL,UNA,NC,MOORE,336 LAKESHORE DR,PINEHURST,28374,,04/01/1997,A,V0002702
104627_B,FK006085_B,WALKER,JEREMY,,1953-03-02,1953,73,M,W,NL,REP,DC,FORSYTH,1901 OAK YT,WINSTON SALEM,27104,,09/14/1971,A,V0002445
105235_B,RY003611_B,AQTHONY,JOSEPH,WILLIAM,1988-05-09,1988,38,M,U,NL,UNA,NC,CARTERET,8441 ADAMS ST,EMERALD ISLE,28594,,03/28/2006,A,V0005305
109286_B,LH000632_B,MCKENNA,KYLE,DAVID,1990-06-04,1990,36,M,W,UN,UNA,TX,CURRITUCK,28 DOGWOOD LN,MOYOCK,27958,,06/10/2021,A,V0000023
107110_B,LZ003372_B,EDWARRS,REBECCA,MELISSA,1960-02-04,1960,66,F,U,NL,UNA,,GUILFORD,858 PLANTATION DR,GREENSBORO,27406,9102864887,09/19/2008,A,V0004998
104169_B,XR009669_B,HOOKER,KAREN,FATIMA,1986-10-22,1986,40,F,O,NL,UNA,,WATAUGA,1666 INDIAN TRL,B. ROCK,28605,,04/15/2004,A,V0008026
104687_B,XL000955_B,FARROW,JACQUELINE,KATHRYN,1994-12-05,1994,32,F,W,NL,UNA,NC,GASTON,4765 CHAPEL DR,GASTONIA,28052,8289143185,03/07/2021,A,V0002108
109324_B,DR003216_B,BALDWIN,TYRM,,2001-02-04,2001,25,F,W,NL,REP,NC,VANCE,2558 OAK ST,HENDERSON,27537,,04/23/2019,R,V0003668
100791_B,AZ003574_B,FLYNN,CHRISTOPHER,,1981-12-06,1981,45,M,B,UN,DEM,,BUNCOMBE,521 S MAIN ST,ASHEVILLE,28804,,03/24/2022,A,V0008772
100189_B,EL004299_B,HALL,KRISTEN,JOYCE,1991-10-16,1991,35,F,W,UN,UNA,VA,HALIFAX,1452 GLENWOOD AVENUE,ROANOKE RAPIDS,27870,8286194220,01/27/2009,A,V0009293
108110_B,EF009358_B,DOUGLAS,STEPHANIE,,1977-07-27,1977,49,U,B,NL,UNA,NY,UNION,3937 FAYETTEVILLE ST,WAXHAW,28173,,08/22/2023,A,V0008066
108745_B,WB001707_B,BARBER,EDDIE,,1957-10-21,1957,69,M,W,NL,UNA,OC,ASHE,,CRESTON,28615,,08/10/2024,R,V0007750
102390_B,KE002611_B,BROWN,DORIS,KTTELYN,1957-06-14,1957,69,F,A,NL,UNA,,HALIFAX,,ROANOKE RAPIDS,27870,,06/21/2016,R,V0003666
106745_B,BW008824_B,PATTERSON,HANNAH,MICHELLE,1995-02-08,1995,31,F,B,NL,DEM,NC,GASTON,117 CHAPEL DR,DALLAS,28034,8285506331,11/20/2013,I,V0002093
107624_B,TP008460_B,DUNSTON,KAYLEE,,1967-02-09,1967,59,F,W,NL,REP,KY,IREDELL,490 SMITH ST LOT 12,STATESVILLE,28625,,09/02/2024,A,V0002805
100151_B,CV000742_B,SCHNEIDER,HOLLY,KRISTEN,1962-07-17,1962,64,F,W,NL,REP,NC,GUILFORD,5072 SHAMROCK DR,GREENSBORO,27411,,06/15/2026,I,V0002285
104248_B,LX005060_B,PECK,ALYSON,EVELYN,1966-07-02,1966,60,F,O,UN,UNA,MD,CRAVEN,256 UNIVERSITY CITY BLVD,HAVELOCK,,,12/25/2014,A,V0007971
100557_B,LN007996_B,KELLY,CRLOE,,1993-05-19,1993,33,F,W,NL,REP,,IREDELL,658 E WASHINGTON ST,TROUTMAN,28166,,04/15/2023,A,V0009212
106461_B,JS007798_B,MILLER,DAVID,ZACHARY,1981-05-22,1981,45,M,W,NL,DEM,NC,DURHAM,5141 W KING ST,DURHAM,27703,,07/10/1999,A,V0007990
104175_B,VK006837_B,STONE,HALEY,MARY,1992-07-04,1992,34,F,W,NL,DEM,PA,IREDELL,149 SHAMROCK DR,STATESVILLE,28620,3368742555,05/24/2022,A,V0002167
100133_B,TX008292_B,HARTSELL,SAMANTHA,CATHERINE,1994-08-15,1994,32,F,W,NL,REP,NJ,WAKE,1393 SCOTT RD,RALEIGH,27615,,12/23/2025,A,V0000362
108561_B,PP009281_B,COUNCIL,RAMONA,,2005-11-21,2005,21,F,U,NL,UNA,VA,ALAMANCE,9356 MAGNOLIA DR,BURLINGTON,27217,4435932986,05/27/2023,A,V0007318
103350_B,JN005667_B,SKINNER,NIM,,1970-07-21,1970,56,F,W,NL,REP,NC,CASWELL,24740 CHURCH ST LOT 1,PROVIDENCE,27315,6317695237,04/19/2026,R,V0001054
106946_B,WB009694_B,PATTON,ANDREW,CICHAEL,1954-01-11,1954,72,M,W,UN,DEM,ME,BURKE,6500 DARLINGTON AVE UNIT 29,VALDESE,28690,4848579959,07/09/2023,A,V0004113
100057_B,NB002525_B,STUART,ZANE,TIMOTHY,1957-01-04,1957,69,M,W,HL,REP,VA,WAKE,758 BUFFALO SHOALS RD,cary,27519,9106560441,07/18/2025,A,V0004029
104105_B,NT002561_B,ROSINSON,ADRIAN,STEPHEN,1963-05-28,1963,63,M,U,NL,DEM,NC,MECKLENBURG,67 LIBERTY ST,CHARLOTTE,28269,,02/27/2021,A,V0008252
107607_B,YC007065_B,RATHBONE,SHARON,,1980-02-13,1980,46,F,W,NL,REP,,STANLY,435 FAIRVIEW RD,RICHFIELD,28137,,04/28/1998,R,V0002783
103744_B,MA001429_B,PARSONS,XESLEY,,,1996,30,M,W,NL,REP,TN,WAYNE,25187 ISLAND FORD RD LOT 29,GOLDSBORO,27534,3362248944,10/14/2023,A,V0001639
109887_B,MJ000898_B,DAVIS,PATRICK,,1995-06-12,1995,31,M,W,NL,REP,OC,BUNCOMBE,188 PEACHTREE ST,ARDEN,28704,9102999768,12/26/2019,R,V0004710
108165_B,PK009344_B,BARR,JEREMY,,1996-07-27,1996,30,M,B,NL,DEM,WA,WILKES,4605 HILLTOP RD,MILLERS CREEK,28651,,11/04/2016,A,V0008789
100893_B,RP001969_B,COX,MARTHA,ANITA,1976-03-19,1976,50,F,W,NL,UNA,NC,FORSYTH,1190 MCCRIMMOS PKWY,WINSTON SALEM,27103,3367288545,11/24/2021,A,V0003152
100120_B,FB000837_B,SKINNER,LAURA,BRENDA,1963-03-05,1963,63,F,W,UN,UNA,NY,WILKES,8224 E XOUTH ST,PURLEAR,28665,,07/20/2018,A,V0004021
109414_B,GK002717_B,LENE,CASSIE,,1946-12-21,1946,80,F,W,NL,UNA,FL,IREDELL,594 QUEEN ST,TROU.,28168,,03/20/1997,I,V0002602
104280_B,TN009273_B,GOLD,ALISON,JILL,1990-02-02,1990,36,F,W,HL,REP,,DURHAM,131 DOGWOOD DR,MORR.,27560,,02/28/2016,A,V0008205
103423_B,MB002556_B,ARMSTRONG,THOMAS,,1987-03-27,1987,39,M,W,NL,UNA,,ROCKINGHAM,4539 OLD SALISBURY RD,RUFFIN,,3364325463,01/08/2013,A,V0001952
104451_B,ZD001225_B,CORN,HOLLY,ANN,1962-01-11,1962,64,F,O,NL,REP,NC,CABARRUS,3731 EDWARDS RD,CONCORD,28027,9106766643,03/25/2005,A,V0008708
105017_B,XC003701_B,DENNIS,JULIA,MYRTLE,1979-11-11,1979,47,F,O,NL,UNA,NC,IREDELL,,MOORESVILLE,28117,,11/02/2022,R,V0006600
109233_B,AH008197_B,DREW,ALORIA,DONNA,1949-06-21,1949,77,F,O,NL,REP,NC,DURHAM,59 STRATFORD RD,DURHAM,27704,9103809209,05/13/2016,A,V0001651
107837_B,ZK004495_B,GIBSON,KATHERINE,,2004-02-21,2004,22,F,W,NL,REP,NJ,FORSYTH,1803 PINEY GROVE RD,KERNERSVILLE,27284,2522109905,02/17/2024,R,V0008293
106719_B,ZP000814_B,BOYLES,ANNA,,2008-07-04,2008,18,F,W,NL,UNA,NC,GUILFORD,941 SUNSET DR,HIGH POINT,27260,9109933581,02/07/2026,R,V0003491
103191_B,LM004369_B,WHITKIELD,DONALD,CALEB,1970-06-09,1970,56,M,W,NL,DEM,FL,MECKLENBURG,7 MARTIN LUTHER KING JR DR,CHAR.,,,08/06/2022,R,V0007092
109812_B,BT003254_B,RICKS,NATACIE,,1927-05-02,1927,99,F,W,NL,REP,NC,ALAMANCE,782 S CHURCH ST,ELON,27244,,08/06/2026,A,V0000518
107592_B,MC004984_B,ROACH,PERRY,,1937-01-02,1937,89,M,B,NL,DEM,GA,DURHAM,887 PINE RIDGE DR,DURHAM,27703,,04/06/2020,A,V0006002
103562_B,PC004575_B,STOVER,DAVID,,1976-06-02,1976,50,M,W,UN,REP,NC,WAKE,57 BETHEL RD,CARY,27513,,07/22/2024,A,V0002191
103610_B,GP000998_B,DEAL,STEVE,JOHN,1996-03-25,1996,30,M,B,UN,DEM,VA,PITT,518 N BROAD ST,FARM.,27828,,02/02/2020,A,V0003394
106120_B,AR008103_B,COYLE,SHERMAN,,1952-04-23,1952,74,M,W,NL,REP,FL,GASTON,1579 HILLSBOROUGH RD,GASTONIA,28056,,03/10/2021,A,V0001794
105632_B,NR003161_B,WIGGINS,PATRICVA,ELIZABETH,2002-01-25,2002,24,F,W,NL,REP,OC,ALAMANCE,257 MAPLE ST,GRAHAM,27253,,05/25/2020,D,V0003761
102030_B,RH007346_B,ADCOCK,CHRISTOPHER,,1989-11-27,1989,37,U,W,NL,REP,NC,UNION,4217 CAROLINA BEACH RD,MARSHVILLE,,,02/12/2021,A,V0000456
101311_B,EH003744_B,EDMUNDSON,NANCY,LAURIE,1945-07-17,1945,81,F,B,UN,DEM,NC,ROBESON,1672 OLD FAYETTEVILLE RD UNIT 34,PEMBROKE,28372,,01/26/2016,A,V0001589
101470_B,BP005962_B,REID,CHERYL,,1998-02-23,1998,28,F,W,NL,REP,FL,CHATHAM,163 LAWNDALE DR,MONCURE,,,11/19/2016,A,V0003167
105438_B,PV005789_B,CAIN,RICHARD,PATRICK,,1960,66,M,W,NL,UNA,SC,DURHAM,487 BURLINGTON RD,DURHAM,27702,,02/10/2006,A,V0008819
105890_B,CC001400_B,BLACKBURN,KIMBERLY,,1962-03-13,1962,64,F,A,NL,UNA,NC,MECKLENBURG,1691 HEARTHSIDE DR,CHARLOTTE,,9102039967,08/08/1996,A,V0003298
103173_B,TR003845_B,THOMPSON,CARXLINE,,1977-02-12,1977,49,F,W,UN,DEM,NC,IREDELL,775 COOPER RD,MOORESVILLE,28115,,11/03/2026,A,V0008338
100386_B,SJ001658_B,WRIGHT,JANE,,1953-04-25,1953,73,F,W,NL,UNA,PA,JOHNSTON,4826 EDWARDS RD,BENSON,27508,,12/04/2019,R,V0006450
100276_B,TM004567_B,CANNADY,RONNIE,MARY,1955-01-11,1955,71,U,W,UN,UNA,NC,CALDWELL,376 SPRING DR UNIT 38,GRANITE FALLS,28634,,10/24/2008,A,V0007295
104554_B,YY003320_B,WILLIAMS,DONALD,,1963-09-08,1963,63,M,W,UN,DEM,NC,MECKLENBURG,9729 BEAVER DAM RD,CHAR.,28215,,06/24/2012,A,V0003063
100024_B,PF002642_B,HARRIS,NICKOLAS,NATHAN,1993-03-24,1993,33,M,W,UN,REP,NC,PITT,31 AVENT FERRY RD,GREE.,27858,,11/24/2011,R,V0002437
103787_B,BG004163_B,BROWN,SHERRI,,1984-07-17,1984,42,F,B,NL,UNA,,RANDOLPH,817 S COLLEGE ST,RAND.,27317,,03/05/2002,A,V0008025
102193_B,AL006587_B,KEMP,JOHN,,1966-03-02,1966,60,M,W,NL,DEM,NC,ONSLOW,325 MORNINGSIDE DR,JACKSONVILLE,28540,,08/20/2017,A,V0002752
108978_B,HX007139_B,BAXLEY,DECNIS,,2007-10-11,2007,19,M,B,NL,DEM,MO,MCDOWELL,1285 LEE ST APT 19,MARION,28752,,11/02/2025,A,V0009068
103518_B,CM008061_B,ABBOTT,ELIZABETH,,1975-03-18,1975,51,F,W,UN,REP,NC,BUNCOMBE,866 WRIGHTSVILLE AVE,FAIRVIEW,28730,9102972784,12/04/2025,A,V0005332
103055_B,FG007149_B,SPIVEY,MADELEINE,MELISSA,1944-06-16,1944,82,F,W,NL,REP,NC,BUNCOMBE,6338 CHAPEL DR,BLACK MOUNTAIN,28711,,04/15/2024,A,V0008257
109443_B,ZH004523_B,BRINKLEY,WENDY,,1958-09-12,1958,68,F,W,UN,REP,WA,WAKE,1848 NC HWY 210,RALEIGH,27603,5169352805,04/14/2009,A,V0001116
106709_B,EZ002077_B,HOLMES,JULIE,,1981-08-22,1981,45,F,W,HL,REP,NH,WILSON,8621 BUFFALO SHOALS RD,WILSON,27896,9104550327,09/12/2010,A,V0008885
102013_B,EX000674_B,WILSON,TANBA,SXANNON,1995-05-05,1995,31,F,U,NL,DEM,NC,CHEROKEE,3555 STATE ST,MURPHY,28906,,07/13/2016,A,V0000021
103626_B,WC004138_B,MCKOY,FRANCESCA,,1953-04-02,1953,73,F,W,UN,UNA,,GUILFORD,19543 NORTH HILLS DR,GREENSBORO,27410,,11/28/2024,A,V0007654
101034_B,YW000116_B,HALL,SAVANNAH,GINGER,1978-06-07,1978,48,F,B,NL,UNA,NC,MECKLENBURG,3174 PINE LAKE DR,CHAR.,28215,3365442056,08/16/1996,A,V0007530
106238_B,FZ006342_B,JOHNSON,BETTY,JASON,1971-07-17,1971,55,U,W,UN,DEM,,WILKES,1528 W MAIN ST,N. WILKESBORO,28659,3366369385,12/15/1994,A,V0007164
106140_B,DA009928_B,PERRY,MMCHELLE,MONA,2005-04-17,2005,21,F,W,UN,REP,GA,MECKLENBURG,2524 PISGAH CHURCH RD,CHARLOTTE,28277,,10/01/2023,I,V0007953
107075_B,TP003061_B,FRAZIER,MATTHEW,ANDRES,1959-01-12,1959,67,M,W,NL,UNA,NC,BRUNSWICK,3169 CHURCH ST,SUPPLY,28462,,10/10/2023,A,V0003322
105894_B,CH000920_B,POWELL,OLIVIA,,1986-12-12,1986,40,F,O,UN,UNA,NY,POLK,257 DELANEY DR,MILL SPRING,28756,9195258964,11/12/2016,A,V0005556
106415_B,RF005470_B,GORDON,BRITTANY,BOBBIE,1988-05-02,1988,38,F,W,NL,UNA,WI,PITT,7962 JONES FERRY RD,GREENVILLE,27834,,02/26/2006,A,V0001915
102237_B,DW001809_B,RAMSEY,DVNE,CBROL,1969-02-21,1969,57,U,B,NL,DEM,,CUMBERLAND,1195 ST ANDREWS DR,FAYETTEVILLE,28314,,08/14/2024,A,V0008272
109001_B,CJ005435_B,SCHWARTZ,WILLIAM,,1986-03-28,1986,40,M,B,NL,DEM,NC,MECKLENBURG,254 JAMES ST,CHARLOTTE,28224,,12/07/2023,A,V0006653
100725_B,VP000177_B,CAMP,AUDREY,,1989-01-01,1989,37,F,W,NL,UNA,IN,WAKE,,MORRISVILLE,27560,,03/22/2021,R,V0003527
106667_B,VD003053_B,STEVENSON,ALEXANDER,JASON,1965-10-12,1965,61,M,W,NL,REP,NC,LINCOLN,,DENVER,28037,,05/10/2008,A,V0008493
102884_B,SL002338_B,PERSON,BILLY,TREVOR,2003-10-20,2003,23,M,W,NL,REP,OC,GREENE,204 WHITE OAK RD,S. HILL,28580,,02/07/2021,I,V0008122
107051_B,HH000401_B,SMITH,LAURA,DIANNE,1960-10-14,1960,66,F,U,NL,UNA,FL,ROCKINGHAM,5779 SHERRILLS FORD RD,RUFFIN,27326,,05/19/2019,R,V0003302
105582_B,AK009904_B,SWEET,NANCY,JULIE,1978-01-28,1978,48,F,W,NL,DEM,,PITT,1403 MAPLE AVE,WINTERVILLE,28590,3362813115,03/13/1999,A,V0000384
102225_B,PP005831_B,DRAPER,AARON,,1951-10-07,1951,75,M,B,NL,DEM,NC,BUNCOMBE,861 N PATTERSON AVE,ASHEVILLE,28804,,08/20/2026,A,V0000823
105418_B,RT000572_B,CLARK,RALPH,RICHARD,1962-02-24,1962,64,M,W,UN,UNA,NC,DURHAM,1652 MOORESVILLE RD,DURHAM,27713,3367577857,06/11/1980,D,V0008911
105031_B,LH005896_B,THOMPSON,JESSICA,,2000-03-11,2000,26,F,W,UN,UNA,,GUILFORD,396 EVANS RD LOT 16,GREE.,27407,,07/15/2018,I,V0006790
103119_B,FV007997_B,REESE,HEATHER,KAYLA,2008-02-02,2008,18,U,U,NL,DEM,HI,CLEVELAND,7102 LAWNDALE DRIVE,SHELBY,,,09/07/2026,I,V0007768
105422_B,VF008557_B,LANGREY,MEGHAN,VERONICA,1947-09-27,1947,79,F,W,UN,REP,NE,HARNETT,199 SPRING FOREST RD,FUQUAY VARINA,27526,,10/08/2020,A,V0000163
109470_B,YS002045_B,MODLIN,ANTHONY,AHMED,1999-09-14,1999,27,M,W,NL,UNA,OH,DAVIDSON,2756 A ST,THOMASVILLE,27360,9105807535,11/13/2017,A,V0000629
105474_B,KE004738_B,THOMAS,GEORGE,,1955-06-22,1955,71,M,W,NL,UNA,OC,PENDER,59 E 7TH ST,ROCKY POINT,28457,9146484977,06/28/2024,A,V0008985
104840_B,PB000540_B,LOGAN,NBELLE,,1999-09-23,1999,27,F,U,NL,REP,NC,WAYNE,702 COLONY DR,GOLDSBORO,27530,7572190221,03/23/2024,A,V0000216
108805_B,ZV007189_B,RODRIGUEZ,JOHN,DILLON,1989-08-09,1989,37,M,W,NL,REP,PA,JOHNSTON,5648 W FIRST ST,SMITHFIELD,27577,,08/06/2007,D,V0006103
104610_B,KM004878_B,DEAN,PATRICK,,2000-01-27,2000,26,M,W,UN,UNA,NC,BRUNSWICK,263 OLD MILL RD,SOUTHPORT,28461,7047129956,02/27/2018,A,V0006558
106221_B,BX007224_B,HARRIS,ALEC,,1998-09-25,1998,28,M,W,HL,UNA,NY,MECKLENBURG,3565 SOUTH BLVD,CHARLOTTE,28269,9198939935,03/18/2019,A,V0008981
103819_B,VR002540_B,BHLES,DANNY,BOBBY,2007-08-23,2007,19,M,W,NL,UNA,IL,GASTON,4834 BROOKSIDE DR,BESSEMER CITY,28016,,04/27/2025,A,V0006959
107635_B,AD002432_B,WARREN,HEATHER,,1987-05-10,1987,39,F,B,NL,DEM,CA,ROWAN,3970 PENNSYLVANIA AVE,KANNAPOLIS,28083,8283021581,07/18/2021,R,V0006410
104477_B,FR001252_B,LYLES,CASEY,,1951-06-28,1951,75,U,W,UN,REP,OH,WILSON,1526 CSESCENT DR APT 3,WILSON,27896,,11/06/2012,A,V0008977
104924_B,MC002563_B,WOOTEN,MCRY,,1995-11-04,1995,31,U,W,UN,REP,FL,WAKE,299 E 10TH ST,RALEIGH,27603,,10/26/2022,A,V0006735
104511_B,CP008711_B,MCCRAW,HJLLY,EMILEE,1953-08-25,1953,73,F,W,HL,UNA,,CLEVELAND,6859 VC 54,SHELBY,,,06/28/2024,A,V0005874
103752_B,JG007619_B,SHOEMAKER,EVA,GERALDINE,1993-11-15,1993,33,F,O,UN,UNA,NC,GASTON,1972 WSSU,BESSEMER CITY,28016,9106921354,09/13/2011,R,V0008394
108731_B,LR009329_B,MCLAUGHLIN,DIANE,,1933-03-28,1933,93,F,W,NL,UNA,NC,MECKLENBURG,345 EASY ST,CHARLOTTE,28216,,08/23/2024,A,V0007739
108629_B,NB005320_B,PAYNE,JAYNE,EMILY,1971-11-25,1971,55,U,W,NL,REP,PA,IREDELL,1310 CAMEFOT DR,MOORESVILLE,,,11/21/2021,I,V0008453
108814_B,CN002839_B,EVANS,MATTHEW,,1982-07-13,1982,44,M,W,UN,REP,,CUMBERLAND,394 TURNER RD,FAYETTEVILLE,28314,,05/26/2020,A,V0001745
104566_B,NW004625_B,MENDOZA,JUDY,,1953-02-10,1953,73,F,W,NL,REP,NC,NEW HANOVER,8527 JOHNSON ST,WILMINGTON,28412,,04/23/1996,I,V0005418
105385_B,WG002692_B,VESTAL,STEVEN,,1970-09-21,1970,56,M,B,NL,DEM,SC,RICHMOND,1790 CEDAR LN,ROCKINGHAM,28379,,07/28/2003,R,V0003518
102994_B,RX003295_B,PULLEY,CLAIRE,,1992-10-23,1992,34,F,W,NL,REP,PA,WAKE,2924 W 5TH ST,RALEIGH,27610,,07/16/2026,A,V0002375
104729_B,EV008577_B,BRADK,SHARON,,1970-05-04,1970,56,F,W,UN,REP,,GASTON,4706 PARK AVE,DALLAS,28034,,12/27/2014,A,V0006608
101639_B,NH004226_B,MARSH,MARYANN,PATSY,1928-03-28,1928,98,F,B,HL,UNA,,CRAVEN,5653 FAYETTEVILLE ST,HAVELOCK,28532,,04/23/2010,R,V0001220
102407_B,HG002394_B,HARRIS,ANDREW,,1947-06-26,1947,79,M,W,NL,DEM,NC,WAKE,433 LITTLE MOUNTAIN RD UNIT 35,RALEIGH,27603,,03/02/2009,A,V0002260
107717_B,TS003170_B,BUNN,DAWN,,1989-10-14,1989,37,F,W,NL,UNA,,NEW HANOVER,1567 CHAPEL DR,WILM.,28410,8437465161,08/20/2007,R,V0004222
106827_B,RY002496_B,DECKER,THOMAS,,1994-11-23,1994,32,U,W,NL,REP,TN,CLEVELAND,1966 GRACE ST,LAWNDALE,28090,9107643579,02/25/2012,A,V0001953
109588_B,WE004244_B,MCKENNA,VIRGINIA,LEAH,1971-03-25,1971,55,F,W,NL,UNA,DC,MECKLENBURG,,CHARLOTTE,28205,,06/13/1994,I,V0008632
109612_B,TG001971_B,WATTS,SKYLAR,,1997-10-19,1997,29,F,W,NL,UNA,NC,ALAMANCE,1721 N DUKE ST,BURLINGTON,27215,,05/07/2016,A,V0009092
109361_B,ZN007334_B,RHODES,KENNETH,,2002-10-28,2002,24,M,W,UN,DEM,NC,CARTERET,9251 QUEENS RD,BEAUFORT,28516,9106530121,06/11/2025,A,V0003088
101248_B,ZW007837_B,POOLE,DEBORAH,TONYA,,1988,38,F,W,NL,REP,FL,ORANGE,100 WILLOW RD,HILLSBOROUGH,27278,,12/27/2026,I,V0000732
104468_B,WJ002910_B,PATTERSON,JOSHUA,JAMES,1945-07-17,1945,81,M,W,NL,REP,WI,CHATHAM,1412 SHILOH RD,CARY,27513,,04/26/2023,I,V0000975
102396_B,SA006264_B,MARTIN,CARHERINE,SHIRLEY,1988-02-17,1988,38,F,W,NL,REP,,ORANGE,6 FAIRWAY DR,HILLSBOROUGH,27278,8435558132,10/03/2018,A,V0004893
103167_B,GA005948_B,WHITEFURST,WILLIAM,LLRRY,1975-02-14,1975,51,M,W,UN,UNA,FL,LEE,5834 CANTERBURY RD,SANFORD,27330,9105760837,08/22/2014,A,V0002815
107078_B,LJ004641_B,KLVAREZ,GREGORY,,1947-09-28,1947,79,U,B,UN,LIB,IL,MECKLENBURG,3875 MUIRFIELD DR,CHARLOTTE,28269,,10/04/2024,R,V0003071
105937_B,WA003797_B,BANKS,JESSICA,,1934-09-19,1934,92,F,W,NL,DEM,NC,PITT,1250 MAIN ST,WINTERVILLE,28590,,10/12/2021,A,V0003334
103377_B,DX003546_B,HAMMOND,DALTON,CHRISTOPHER,1945-08-01,1945,81,M,B,NL,UNA,NC,CLEVELAND,470 NC 55 HWY W LOT 4,SHELBY,28152,3364634399,09/20/2022,A,V0008966
107510_B,PJ002484_B,FRANKS,DENNIS,,1988-12-04,1988,38,M,W,NL,UNA,NC,RICHMOND,2254 WOODLAND DR,HAML.,28347,,05/26/2025,R,V0008109
101573_B,KS009496_B,LAIL,KATHERINE,DORIS,1963-05-23,1963,63,F,W,NL,REP,NJ,JOHNSTON,4801 INGLESIDE DR,BENSON,27504,,06/07/2020,D,V0001242
107981_B,SR008555_B,DOTSON,JUSTIN,,1977-01-08,1977,49,M,W,UN,REP,VA,MECKLENBURG,207 CLARK AVE,CORNELIUS,28031,3366982060,05/16/2013,A,V0000420
106863_B,PL005549_B,FOSTER,KEVIN,ALEXANDER,1971-09-16,1971,55,M,M,UN,UNA,TX,UNION,178 CHAPEL HILL RD,MONROE,28110,9109750753,04/22/2022,A,V0009249
103317_B,FT007004_B,MARSHALL,CHRISTIAN,JESSE,1945-11-13,1945,81,F,W,HL,UNA,NC,ORANGE,8206 NORTHWOODS DR,DURHAM,27705,9172343894,04/23/2020,A,V0001159
101095_B,YB001534_B,BUTLER,RONALD,,1927-08-15,1927,99,M,W,NL,REP,CA,DURHAM,6733 RIDGE RD,DURHAM,27703,9102507122,02/03/2001,A,V0003313
102540_B,DK007290_B,DIXON,RUTH,DEBORAH,1995-08-08,1995,31,F,W,NL,REP,OC,ROWAN,330 UNIVERSITY CITY BLVD,MOUNT ULLA,28125,,03/03/2017,A,V0006066
104895_B,BJ005329_B,DAVID,EVA,LISA,1959-12-06,1959,67,F,B,NL,DEM,NC,GASTON,284 NINTH ST,MOUNT HOLLY,28120,,01/10/1987,R,V0006321
101498_B,SX004787_B,STEVENS,PEYTON,RAYMOND,1981-10-14,1981,45,M,W,NL,UNA,NC,JOHNSTON,2516 LIBERTY RD,BENSON,27504,,05/16/2011,R,V0001337
104563_B,PX007579_B,ADAMS,BRENDA,,1987-09-13,1987,39,F,O,NL,UNA,NC,WILSON,1943 HILLSIDE DR,WILSON,27891,,10/05/2008,A,V0008716
103306_B,XX006504_B,BROWN,CHERYL,TIFFANY,1980-04-22,1980,46,F,W,UN,DEM,,CABARRUS,3313 S MAIN ST,CONCORD,28025,,01/13/2010,A,V0009160
106469_B,HH008837_B,CALDERON,KENNEVH,,1948-10-18,1948,78,M,W,UN,REP,IN,ROBESON,723 W FRANKLIN ST,ST PAULS,28384,2526211905,01/06/2023,R,V0006733
107141_B,XM001093_B,CARPENTSR,KARA,,2002-11-21,2002,24,F,B,NL,UNA,NH,HAYWOOD,336 E SOUTH STREET,WAYNESVILLE,28786,9199480694,09/13/2020,I,V0003244
101118_B,PM006664_B,WHITESIDE,THOMAS,CHRISTOPHER,1980-05-11,1980,46,M,W,NL,REP,NC,MECKLENBURG,1530 RANDOLPH RD,CORNELIUS,28031,,04/14/2014,A,V0005579
107233_B,DS008808_B,ALLEN,CLARISSA,BRANDON,1999-09-21,1999,27,U,W,NL,REP,NC,BURKE,5108 POPLAR ST,MORGANTON,28655,,06/25/2017,A,V0006594
103467_B,MR003802_B,SNEAD,KATHLEEN,ASHLEY,1962-01-05,1962,64,F,W,NL,UNA,,NEW HANOVER,4 GOLF COURSK RD,WILMINGTON,28409,9105470697,09/16/2024,A,V0006939
103095_B,NS004542_B,LEMONS,DANIELLB,,1994-05-27,1994,32,F,W,NL,UNA,OC,GUILFORD,842 HORSESHOE RD,GREENSBORO,27400,,09/14/2012,A,V0008098
100413_B,ZZ008353_B,PUGH,ALYSSA,ANDREA,1964-02-04,1964,62,F,A,NL,DEM,NC,WAKE,,RALEIGH,27613,9047242598,02/25/2000,A,V0006486
101487_B,SS003092_B,PURCELL,ELIZABETH,ALEXANDRIA,1979-12-25,1979,47,F,W,NL,REP,MD,UNION,7048 CARDINAL DR,MONROE,28110,,07/05/2003,A,V0000743
108219_B,CZ003082_B,EVANS,NICOLE,,1984-12-10,1984,42,F,W,UN,REP,IL,IREDELL,361 FAYETTEVILLE ST,STATESVILLE,28625,,03/26/2002,A,V0002396
104844_B,JB006067_B,MOORE,OLIVIA,KATHY,1967-11-11,1967,59,F,W,NL,REP,TX,DURHAM,7049 RIDGE RD,DURHAM,27705,9192767733,03/01/2004,D,V0005102
105159_B,GL008023_B,LEE,CHERYL,KAREN,1954-04-28,1954,72,F,B,NL,DEM,,CLEVELAND,659 CHESTNUT ST,MOORESBORO,28114,,07/09/2020,A,V0005500
107950_B,FF004005_B,PARKS,JWMES,CHARLOTTE,1961-01-17,1961,65,U,W,NL,REP,NY,MECKLENBURG,428 FAIRVIEW DR,CHARLOTTE,28279,3368392647,12/21/2016,I,V0004468
107972_B,SL009109_B,HAIGLER,SHANE,,1974-05-01,1974,52,M,W,NL,UNA,NC,GUILFORD,2955 MARTIN ST,GREENSBORO,27405,9109150183,03/08/2016,A,V0007883
103950_B,CB004488_B,APPLE,LAURA,,1987-05-19,1987,39,F,B,NL,DEM,,WAKE,48993 OAKMONT DRIVE,RALEIGH,27610,,02/01/2018,A,V0000893
107636_B,YF006247_B,JENKINS,JORDAN,,,1944,82,U,W,NL,UNA,KY,DURHAM,364 SMITH RD,DURHAM,27705,,10/28/2024,I,V0008054
104009_B,SH009498_B,SINK,MRRISA,COLLEEN,2008-06-14,2008,18,F,W,NL,REP,FL,HARNETT,1860 HILLTOP RD,SANFORD,27332,,10/11/2026,A,V0001190
106319_B,SW007122_B,ROGERS,JOHN,JEFFOEY,1997-11-09,1997,29,M,W,NL,REP,PR,MECKLENBURG,962 N CHURCH ST,CORNELIUS,28031,,03/02/2019,A,V0001785
101202_B,YW009373_B,ALEXANDER,JAMES,JASON,1978-06-24,1978,48,M,W,NL,UNA,NC,WAKE,1212 E 8TH ST,RALE.,27603,,06/20/1996,A,V0000288
107957_B,NH002073_B,SAUNDERS,GARY,JUSTIN,1988-12-15,1988,38,M,U,NL,DEM,,SCOTLAND,2721 WRIGHT RD,LAURINBURG,28352,7744561350,01/17/2015,A,V0000499
108841_B,BE002479_B,KNIGHT,TIQA,,1940-12-27,1940,86,U,W,UN,LIB,NC,CALDWELL,247 VIRGINIA AVE,GRANITE FALLS,28630,,09/18/2026,A,V0002002
103710_B,DH003786_B,PATEL,SQRAH,PEGGY,2007-05-13,2007,19,F,B,NL,DEM,PA,ROCKINGHAM,451 WILLOW ST,STOKESDALE,27357,9108350435,11/01/2025,A,V0004242
107092_B,BN002213_B,NEAL,BECKY,,1934-03-01,1934,92,U,W,NL,REP,MA,MECKLENBURG,1029 BREVARD RD,CHARLOTTE,28263,9195991279,07/23/2016,R,V0006657
106057_B,BT001121_B,BOYD,LYNNE,,1979-06-01,1979,47,F,W,UN,UNA,,CHEROKEE,317 ARNOLD RD UNIT 4,MURPHY,28904,,02/03/2024,A,V0002238
104820_B,HA007672_B,HUNT,ROBERT,,1984-04-26,1984,42,M,B,NL,DEM,NC,CARTERET,1185 OAK HILL DR,NEWPORT,28570,,10/14/2016,A,V0004683
108628_B,HE006296_B,LEWIS,ESTHER,,1996-09-05,1996,30,F,W,NL,DEM,,ORANGE,994 FAYETTEVILLE ST,CHAPEL HILL,27517,,01/17/2024,A,V0003971
106129_B,SS004762_B,LOGAN,CARL,MARGARET,1973-11-06,1973,53,U,B,UN,UNA,MA,MECKLENBURG,483 OLD CONCORD RD,CHARLOTTE,28269,7049283945,01/13/2004,I,V0001259
101452_B,NM001832_B,MCDANIEU,ALAN,,1952-12-27,1952,74,M,I,NL,UNA,NC,WAKE,69 W MAIN ST,CARY,27519,,06/27/2023,R,V0004905
100299_B,FM007212_B,MOORE,CHARLES,JAQK,1979-02-03,1979,47,M,W,UN,UNA,VA,MECKLENBURG,34 MEDLIN RD,CHARLOTTE,28203,,05/16/1997,A,V0004457
105991_B,NX007159_B,TOBIN,STEPHEN,MATTHEW,1979-01-03,1979,47,M,I,UN,DEM,IL,WAKE,378 WINDSOR RUN LN,RALEIGH,27613,9108591078,04/18/2016,R,V0004039
102855_B,JW005359_B,LJE,RAYMOND,JORDAN,1942-12-02,1942,84,M,W,NL,UNA,NC,ONSLOW,67 MILLER RD,JACKSONVILLE,28540,,11/01/2019,A,V0000960
102967_B,CM002223_B,CARSON,JEAN,,2005-02-14,2005,21,F,B,UN,DEM,IL,DURHAM,9457 SPRING DR,DURHAM,27707,3368540177,02/17/2023,A,V0006930
109673_B,VA009395_B,CLARK,JOSEPH,,2000-01-11,2000,26,M,O,UN,UNA,PA,GUILFORD,7585 RIDGE RD,GREENSBORO,27401,,02/01/2018,I,V0000235
106718_B,TV002625_B,ARMSTRONG,VXVIAN,,1949-02-18,1949,77,F,W,NL,REP,MA,GUILFORD,301 OAK ST,GREENSBORO,27404,,01/06/1996,A,V0008602
101285_B,RF005311_B,WARD,GERTRUDE,MICHEIE,1991-03-19,1991,35,M,O,NL,UNA,IL,UNION,302 CENTXAL AVE,MONROE,28119,,05/05/2024,A,V0004632
105642_B,PR005166_B,MCGEE,AUDREK,ALLEN,1929-05-10,1929,97,U,W,NL,REP,OK,WAKE,162 N MAIN ST APT 23,CARY,27518,,10/03/1986,A,V0007454
105455_B,ZZ004550_B,SMITH,TIMOTHY,,2007-10-20,2007,19,M,W,UN,UNA,MD,SCOTLAND,4 COLONIAL DR,LAURINBURG,28352,,09/18/2025,I,V0002898
101564_B,GW006598_B,SAUNDERS,ALICIA,BARBARA,2002-04-07,2002,24,F,U,UN,UNA,MI,CLEVELAND,,SHELBY,28150,,05/08/2020,A,V0002997
104923_B,JJ009040_B,TKOMPSON,JULIA,LAUREN,1966-12-17,1966,60,F,B,UN,DEM,IL,WAKE,1706 ELLIS RD,RALEIGH,27610,,08/07/2002,A,V0002911
101225_B,GP006148_B,SURRATT,MICHAEL,,1958-07-27,1958,68,M,U,NL,UNA,VA,LINCOLN,69 PARKER RD,CROUSE,28033,,04/23/1982,A,V0003585
107779_B,BW002964_B,GRAHAM,DONNA,,1966-06-26,1966,60,F,W,UN,REP,NC,ALAMANCE,321 E FRANKLIN ST,elon,27244,,07/11/2017,R,V0000762
100145_B,DA004969_B,FIELDS,CHRISTOPHER,,1943-10-07,1943,83,M,W,NL,REP,NY,GASTON,488 SAINT ANDREWS DR,BELMONT,28012,3365643103,03/02/2024,D,V0007644
108111_B,FT009002_B,RICHARDS,PATSY,CATHERINE,1983-08-18,1983,43,F,W,NL,UNA,NY,PITT,3225 COUNTY LINE RD APT 7,GREENVILLE,27858,,04/07/2006,A,V0008622
107688_B,SN002601_B,COKER,REBECCA,,1940-12-01,1940,86,F,B,UN,DEM,NC,GUILFORD,672 HOMESTEAD RD APT 32,GREENSBORO,27410,9199343350,07/11/2024,A,V0002237
101749_B,FN003247_B,DALEY,JESSICA,,1995-07-01,1995,31,M,W,NL,UNA,NC,WAKE,515 PINE RIDGE RD,APEX,27502,9199094175,02/19/2015,R,V0009496
100345_B,CX006458_B,SIMMONS,SUSIE,DOROTHY,1977-02-15,1977,49,F,A,NL,REP,NC,FORSYTH,5189 E MAIN ST LOT 40,WINSTON SALEM,27104,,08/14/2024,A,V0000338
102759_B,XW007069_B,NORMAN,ALEXANDER,WILLIAM,1964-08-02,1964,62,M,O,UN,UNA,NC,DURHAM,5475 BUCKHORN RD,DURHAM,27713,9194406732,05/25/2019,A,V0007294
106466_B,SV000801_B,CALLAHAN,ALEXIS,,1928-06-03,1928,98,F,W,NL,DEM,NY,HOKE,405 W FIRST ST,RED SPRINGS,28377,,01/08/2022,A,V0001653
104631_B,HW007890_B,CARR,ROBERT,,1987-08-21,1987,39,M,W,NL,UNA,VA,CABARRUS,648 WOODLAND DR,KANNAPOLIS,28081,2528505143,01/01/2024,A,V0007457
106989_B,JN005375_B,MIDDLETON,CONNIE,,1984-03-26,1984,42,F,B,NL,DEM,OH,GASTON,47605 WESTWOOD DRIVE,BELMONT,28012,,11/14/2020,I,V0008815
101553_B,KA000958_B,MORRIS,GLENDA,,1971-06-27,1971,55,F,W,NL,REP,NC,MECKLENBURG,4371 NINTH ST,CHARLOTTE,28269,,12/09/2023,A,V0004093
105170_B,RK009588_B,HAMMOND,CHELSEY,,1993-04-10,1993,33,F,W,NL,UNA,NC,DURHAM,495 CEDAR LN,DURHAM,27702,,09/17/2011,A,V0000513
100569_B,NY003516_B,GODWIN,KATHERINE,PATSY,1994-07-04,1994,32,F,U,NL,UNA,NY,ROCKINGHAM,1091 OLEANDER DR,STONEVILLE,27048,,07/10/2012,A,V0008500
103387_B,XR000770_B,WILKINS,NICOLE,MARIA,1963-11-27,1963,63,F,W,NL,REP,GA,MECKLENBURG,1001 CHESTNUT ST,HUNT.,28078,,03/28/2007,A,V0006178
109909_B,JT004194_B,DUNN,HEATHER,DEBORAH,1989-05-18,1989,37,F,W,NL,REP,WV,HAYWOOD,81997 PARK AVE,WAYNESVILLE,28786,,11/06/2023,A,V0003832
100098_B,HT002471_B,POSEY,KAREN,WENDY,,1977,49,F,W,UN,UNA,,IREDELL,464 TAYLOR RD,MOORESVILLE,28117,2062311625,08/16/2008,A,V0001359
105098_B,ZE001870_B,CARPENTER,AMY,,1978-08-14,1978,48,F,U,NL,UNA,IL,WAKE,162 ROCKFORD RD,WILLOW SPRING,27592,,07/28/2019,R,V0008517
106519_B,RH000648_B,MARSH,KRISTIXA,JUDY,,1971,55,F,W,NL,UNA,HI,BUNCOMBE,424 SIX FORKS ROAD,ASHEVILLE,28803,9104671774,03/06/2020,A,V0005252
108697_B,JL006920_B,PURVIS,CARLOS,DAVID,1965-05-23,1965,61,M,W,UN,UNA,NC,STANLY,107 ANTIOCH CHURCH RN,STANFIELD,28163,,06/13/1986,R,V0009209
109955_B,ZP001654_B,TORRES,RANDALL,MARTIN,1950-08-10,1950,76,M,W,NL,DEM,OH,WAKE,5473 HICKORY ST,HOLLY SPRINGS,27540,9106374776,08/19/2025,R,V0009122
106777_B,GY002386_B,MUELLER,SABRINA,,1985-06-18,1985,41,F,B,NL,DEM,FL,BUNCOMBE,2842 BRINGLE FERRY RD,ASHEVILLE,28806,,12/07/2003,A,V0009472
109634_B,DT007748_B,BARRETT,CLAUDETTE,ANNA,1972-07-27,1972,54,F,B,NL,DEM,NC,BUNCOMBE,1842 HUNTING RIDGE RD,FAIRVIEW,28730,,06/06/1990,R,V0006727
108522_B,EY007288_B,JOHNSON,CHARLVTTE,DAISY,1973-10-09,1973,53,F,W,HL,REP,NC,SCOTLAND,236 IVEY RD,LAURINBURG,28355,9193989878,09/13/2018,A,V0008656
105447_B,GL007192_B,WUFFMAN,JOSWPH,RAMON,1951-12-05,1951,75,M,W,UN,REP,,WAKE,380 N CHURCH ST,RALEIGH,27610,9108386600,05/18/1972,I,V0006502
104806_B,CW009292_B,ROGERS,DAVID,PETER,1962-11-22,1962,64,M,W,NL,UNA,NC,DAVIDSON,1097 CEDAR ST APT 36,THOMASVILLE,27360,9192747841,04/04/2012,A,V0005683
105400_B,ZT000101_B,SIMS,CHRISTIAN,,1977-02-18,1977,49,M,W,UN,UNA,NC,MECKLENBURG,8584 ZION CHURCH RD,CHARLOTTE,28216,,02/25/2025,A,V0000209
103566_B,EE009883_B,JACKSON,AMBER,,1983-06-15,1983,43,F,W,UN,UNA,NC,GASTON,1130 WRIGHTSVILLE AVE,GASTONIA,28058,8287477916,03/06/2021,A,V0007807
107033_B,TJ004490_B,WILLIAMS,ADAM,DAVID,1958-11-12,1958,68,M,W,NL,REP,,ROCKINGHAM,97 PINE ST,REIDSVILLE,27320,,04/20/2014,A,V0008738
109928_B,TH005657_B,GOFF,ANTONIO,DONALD,1980-09-03,1980,46,F,W,NL,DEM,NY,UNION,587 W MATN ST,INDIAN TRAIL,28079,,11/19/1999,A,V0006403
102411_B,GE009472_B,SUGGS,EDWARD,,1986-05-06,1986,40,M,W,UN,UNA,NJ,DAVIDSON,4894 FARRINGTON RD,LEXINGTON,27292,,01/06/2019,R,V0008873
109767_B,KF000399_B,OWENS,ANGELA,,1971-07-09,1971,55,F,W,NL,REP,NC,WAKE,8274 ELM ST,APEX,27502,,08/20/2016,A,V0006479
104849_B,AG002685_B,HOBBS,CHERYL,QERESA,1994-05-22,1994,32,F,W,HL,UNA,OH,GREENE,14877 SJLWYN AVE,WALSTONBURG,27881,,10/01/2025,A,V0001313
103270_B,PE006937_B,WHEELER,CLAYTON,ELIJAH,1946-06-10,1946,80,M,W,UN,REP,OC,WAKE,102 WHITE ST,CARY,27519,,09/05/2012,A,V0007868
100538_B,MW006668_B,MYERS,BRUCE,JACOB,1974-10-19,1974,52,M,W,NL,REP,NC,GUILFORD,240 ALEXANDER RD,GREENSBORO,27405,,08/14/1992,R,V0006715
100929_B,SD002757_B,FINK,STACY,GINGER,1965-12-23,1965,61,F,W,NL,UNA,KY,BUNCOMBE,51 ZION CHURCH RD,CANDLER,28715,,01/05/2016,A,V0004186
109251_B,MD002812_B,FLYNN,CESAR,,1975-07-20,1975,51,F,U,UN,UNA,GA,NEW HANOVER,1541 GREENWOOD DR APT 11,CASTLE HAYNE,28429,,01/23/2019,A,V0004397
107187_B,RN001134_B,COX,LULA,CAROL,1969-03-03,1969,57,F,B,NL,UNA,,PERQUIMANS,91439 SHADY LN,EDENTON,27932,,11/21/2011,A,V0005476
103021_B,XE002835_B,SPEIGHT,DONNA,REBECCA,1969-01-04,1969,57,F,W,NL,UNA,NC,MECKLENBURG,2636 HIGH ROCK RD,CHARLOTTE,,7048360083,08/28/2024,A,V0000286
101515_B,ZB007742_B,MILLER,DANIEL,CALEB,1977-03-20,1977,49,M,W,NL,UNA,OC,MECKLENBURG,140 N DAVIDSON ST,CHARLOTTE,28216,,11/17/2024,A,V0003241
103409_B,AS007368_B,GREENE,SARA,LINDA,1984-09-09,1984,42,F,W,NL,UNA,NC,WAKE,7767 COUNTRYSIDE DR,WAKE FOREST,27587,,05/18/2025,D,V0003798
106881_B,PK006616_B,BALL,MARY,,1974-01-27,1974,52,F,W,NL,REP,MI,ONSLOW,195 BAKER DR,JACKSONVILLE,28546,8284007169,08/07/2016,A,V0006061
108102_B,YW006692_B,BLAKE,DEVIN,,1982-02-12,1982,44,F,W,NL,DEM,,MECKLENBURG,,CHARLOTTE,28269,2528980765,04/07/2024,A,V0004686
103652_B,RW005104_B,HARRINGTON,CVERYL,,1975-11-24,1975,51,F,W,NL,DEM,TN,CATAWBA,2873 BAKER DR,NEWTON,28658,,08/15/1993,A,V0006360
100297_B,WJ006207_B,ORTIZ,COLIN,ANDYEW,2006-04-11,2006,20,M,U,NL,UNA,NC,UNION,6 JOHNSON ST,INDIAN TRAIL,28078,,11/25/2024,I,V0008152
101475_B,FT001555_B,MACK,BRUCE,,1986-10-08,1986,40,M,W,NL,UNA,NY,MECKLENBURG,,CHAR.,28269,,01/14/2026,A,V0001896
105288_B,LG004761_B,EDWARDS,SARAH,,1985-10-15,1985,41,F,W,NL,DEM,NC,CLEVELAND,3675 EDGEWATER DRIVE,SHELBY,28150,,02/10/2003,D,V0000970
108079_B,ML002079_B,THORNTON,TIMMY,JOHT,1969-02-13,1969,57,M,W,UN,DEM,NC,GUILFORD,1970 E HARGETT ST,HIGH POINT,27262,7042871901,06/07/2008,A,V0003011
107965_B,RJ007984_B,ZNDERWOOD,FELECFA,,1936-12-20,1936,90,F,W,NL,DEM,FL,WAKE,932 WILLOW RD,RALEIGH,27610,,09/27/2021,A,V0002012
103665_B,HZ004076_B,GOODWIN,CHRISTOPHER,GREGORY,1961-08-15,1961,65,M,W,NL,UNA,NC,ROWAN,34404 W PINE ST,SALISBURY,28146,,01/06/1995,A,V0002884
100550_B,SH009433_B,TURNER,ERIC,,1948-03-13,1948,78,U,B,NL,DEM,NC,WAKE,67 DEVONSHIRE DR,cary,27519,,07/26/2016,A,V0003990
101146_B,GJ006152_B,HORNE,CLAUDIA,ROSALYN,1985-07-09,1985,41,F,W,NL,DEM,NC,MECKLENBURG,1819 UNIVERSITY CITY BLVD,CHARLOTTE,28215,9109757242,04/21/2016,A,V0005792
102120_B,NE006967_B,DUNCAN,RHONDA,JANICE,1986-04-23,1986,40,F,O,NL,UNA,NC,DURHAM,545 DAVIS RD,CHAPEL HILL,27516,,06/05/2020,A,V0000485
102538_B,MW009104_B,HAYES,FRANK,,1990-09-11,1990,36,U,W,NL,REP,NC,UNION,2995 FOREST RD,MARSHVILLE,28103,,07/23/2008,A,V0003718
106305_B,LD004914_B,ALLEN,BRITTANY,BRENDA,1962-09-27,1962,64,F,B,NL,DEM,MD,YANCEY,4500 CENTRAL AVE,BURNSVILLE,28714,,08/02/2006,A,V0009126
103746_B,HF007117_B,CROCKETT,LORRIE,MARY,1941-10-26,1941,85,F,W,NL,REP,NC,MECKLENBURG,174 CEDAR CREEK RD,CHARLOTTE,28262,,09/02/1986,A,V0007309
108931_B,YN003235_B,HATHAWAY,MICHELA,,1969-11-26,1969,57,F,W,UN,UNA,NY,WAKE,1055 VALLEY DR,HOLLY SPRINGS,27540,,10/12/2014,I,V0001213
106368_B,JE007171_B,POTTS,CHARLZS,,1981-11-11,1981,45,M,W,UN,DEM,NY,ONSLOW,,RICHLANDS,28574,9104848428,07/19/2016,I,V0002388
103222_B,JR002686_B,RILEY,BENJAMIN,JACOB,1945-04-01,1945,81,M,W,NL,REP,,DURHAM,398 SOMERSET DR,DURHAM,27713,,10/10/1991,A,V0009060
109884_B,KG006077_B,HERNANDEZ,MICHAEL,BENJAMIN,1971-05-14,1971,55,M,U,UN,LIB,VA,BUNCOMBE,762 SUNSET DR,ALEX.,28701,,03/23/2024,A,V0001816
109013_B,JC006213_B,STALEY,ETHAN,,1981-09-13,1981,45,M,W,HL,UNA,NC,SAMPSON,3349 DOGWOOD DR,CLINTON,28328,9195562292,02/15/2023,A,V0005704
105341_B,VY003321_B,BARR,NELSON,,1996-12-20,1996,30,M,B,NL,DEM,NC,ALEXANDER,2279 W FRIENDLY AVE,TAYLORSVILLE,28681,,07/27/2016,A,V0002965
104988_B,KR000067_B,MOSS,SARAH,ELIZABETH,1952-07-17,1952,74,F,U,UN,UNA,NC,ROBESON,495 MILLER RD,LUMBERTON,28358,8283225509,02/04/2025,I,V0006392
102671_B,VH004303_B,MUELLER,SABRINA,,1985-06-18,1985,41,U,B,NL,DEM,FL,BUNCOMBE,2842 BRINGLE FERRY RD,ASHEVILLE,28806,,12/07/2003,A,V0009472
101360_B,PN008600_B,CHAVIS,DENNIS,,1952-10-27,1952,74,M,W,NL,REP,TX,WAKE,324 CARDINAL DR,RALEIGH,27613,9104501238,11/11/2020,A,V0008607
107496_B,CF009896_B,BARRETT,HERMAN,JADEN,1980-04-15,1980,46,M,B,UN,DEM,OC,STANLY,44 PLEASANT GROVE CHURCH RD UNIT 15,NORWOOD,,,01/09/2018,A,V0005607
105852_B,FC005496_B,FERNANDEZ,BETSY,,1986-12-26,1986,40,F,W,UN,REP,OC,GUILFORD,371 BROAD ST,GREENSBORO,27405,,04/11/2020,A,V0006242
101777_B,LL005641_B,COVINGTON,JASON,,1985-10-06,1985,41,U,W,HL,UNA,OH,MOORE,503 STATE ST,ABERDEEN,28311,3368111628,12/24/2025,A,V0003202
103231_B,LS008747_B,LEE,PHILIP,,1979-06-12,1979,47,M,B,NL,UNA,NY,MECKLENBURG,468 BEATTIES FORD RD,CHARLOTTE,28269,,10/27/2012,R,V0008166
102205_B,JP005713_B,WILES,THOMAS,,,1943,83,M,W,UN,UNA,MN,POLK,77143 N FAYETTEVILLE ST,SALUDA,28773,,01/08/1996,D,V0006699
101541_B,SJ003291_B,WALKER,JANET,,1989-03-25,1989,37,F,W,UN,REP,,ROBESON,1630 BUCKHORN RD,ST PAULS,,,08/13/2024,A,V0001328
108271_B,GB005229_B,CARPENTER,GANNY,,1991-01-09,1991,35,M,B,NL,DEM,NC,NEW HANOVER,7815 SANDERS RD,WILM.,28402,,06/19/2024,I,V0001611
107719_B,BN007722_B,SMITH,NICOLE,BONNIE,1997-01-28,1997,29,F,U,UN,REP,NC,NEW HANOVER,234 S CHURCH ST,WILMINGTON,28405,,11/12/2020,R,V0001974
107643_B,BK003094_B,PAGE,JOSH,,1967-08-05,1967,59,M,W,UN,REP,NC,WAKE,4975 W FIRST ST,RALEIGH,27613,,03/25/2019,A,V0003926
106457_B,AM007580_B,ROYINSON,HELEN,,1983-06-15,1983,43,F,W,NL,REP,OH,CUMBERLAND,3583 BRIAR CREEK RD,FAYETTEVILLE,28303,,04/07/2020,A,V0003650
103436_B,PG007913_B,HETMS,SHEILA,MELISSA,2002-02-18,2002,24,F,W,UN,REP,NC,DAVIDSON,362 WASHINGTON ST APT 23,THOMASVILLE,27360,,12/23/2020,A,V0004473
106282_B,ME009377_B,LEWIS,DARLENE,,1994-06-04,1994,32,F,W,NL,UNA,,BRUNSWICK,1612 FAYETTEVILLE STREET,SOUTHPORT,28461,,02/17/2012,A,V0001957
104361_B,GF004433_B,WHITE,GWENDOLYN,,2004-07-18,2004,22,F,W,NL,UNA,NY,TRANSYLVANIA,40 WILLOW RD,BREVARD,28712,,10/28/2022,A,V0005480
104076_B,FJ006807_B,CURRIE,WILLIAM,ANDREW,1989-08-05,1989,37,M,W,UN,REP,VA,ALAMANCE,1321 COUNTY HOME RD,BURLINGTON,27217,,06/04/2020,A,V0006284
104942_B,BD003430_B,BURCH,SARAH,KATZRYN,1966-02-07,1966,60,F,W,NL,REP,PA,WAKE,142 JONES FERRY RD LOT 22,RALE.,27616,,08/14/2004,A,V0004167
102389_B,CR002024_B,MILLS,CAMDEN,,1997-04-21,1997,29,M,U,UN,UNA,OC,BUNCOMBE,338 PEARL ST,WEAVERVILLE,28787,,12/20/2024,A,V0005022
104184_B,CZ000638_B,JACKSWN,CLINTON,SEBN,,1956,70,M,W,NL,REP,MO,CABARRUS,880 COUNTRY CLUB DR,HARRISBURG,28075,8285040347,06/22/2008,R,V0001815
109448_B,RP000122_B,WILSON,NATHAN,THOMAS,1978-10-27,1978,48,M,B,NL,DEM,,BURKE,191 MAPLE AVE,MORGANTON,28657,3369427334,03/17/2026,A,V0009166
107684_B,CN004837_B,DUNLAP,MARY,MARIB,1979-11-01,1979,47,F,W,UN,DEM,RI,HALIFAX,105 MELODY LN,ROANOKE RAPIDS,27870,,06/20/2006,A,V0004730
102532_B,ZG000254_B,FRANKLIN,JEANETTE,,1961-02-22,1961,65,F,B,NL,DEM,,FORSYTH,,WINSTON SALEM,27104,,12/01/2000,A,V0003659
102249_B,LV008237_B,SPARKS,THOMAS,BRIAN,1983-02-16,1983,43,M,W,NL,REP,NC,ALLEGHANY,94 ELM ST,PINEY CREEK,28663,3362250340,11/15/2024,A,V0000674
105476_B,JZ008924_B,GRAY,SYDNEY,,1953-08-20,1953,73,F,B,NL,DEM,NC,CRAVEN,287 LONG SHOALS RD,VANCEBORO,28586,8287677248,07/01/1990,A,V0002168
107196_B,HF007487_B,JOHNSTON,STEPHEN,ROSEPH,1993-08-24,1993,33,M,W,NL,REP,NC,GRANVILLE,328 CEDAR ST,STEM,27581,,10/02/2017,A,V0008520
105510_B,NL002457_B,WHITLOCK,MARGMERITE,CHNLSEA,2007-01-10,2007,19,F,W,NL,UNA,,HARNETT,322 HARRIS RD,COATS,27521,,03/10/2025,A,V0001575
102518_B,NV002492_B,KNOPP,CHRISTINE,,2002-11-19,2002,24,F,B,UN,UNA,NC,DAVIDSON,2964 ELIZABETH ST,LEXINGTON,27292,9103297158,07/18/2024,A,V0004430
101191_B,RX009492_B,PARKER,JONATHAN,ELLEN,1964-11-11,1964,62,U,W,NL,UNA,IN,MOORE,252 S COLLEGE ST,CARTHAGE,28327,,01/09/1990,A,V0005231
100829_B,VS009019_B,COOPER,KYLE,,,2006,20,M,W,UN,DEM,NC,HENDERSON,1451 MILL CREEK RD,HENDERSONVILLE,28792,,09/14/2024,A,V0001386
102696_B,VM006725_B,BAILEY,ELEANOR,PRISCILLA,1960-05-13,1960,66,M,B,UN,DEM,NJ,CATAWBA,2518 SYCAMORE ST,CONOVER,28613,9193924573,06/18/2007,A,V0001336
100570_B,BA005437_B,PATTERSON,JAMES,PHILLIP,1975-12-17,1975,51,M,O,UN,LIB,,WILSON,7536 COURTLAND DR,WILSON,27896,,05/18/2024,A,V0006573
106818_B,RK007532_B,BROWN,JACKIE,,1971-09-16,1971,55,M,W,NL,REP,AR,STOKES,,MADISON,27025,,11/21/1996,A,V0007212
102598_B,HM008538_B,MCDONALD,JANINE,DESIREE,1979-04-23,1979,47,F,O,NL,REP,NC,FORSYTH,197 ARNOLD RD,W. SALEM,27105,,06/24/2021,A,V0008198
108517_B,FV002720_B,BBOWN,ANTHONY,,1996-10-20,1996,30,U,B,UN,DEM,,CARTERET,22 HOWAMD ST,STELLA,28582,,07/04/2016,A,V0000320
105778_B,GC004331_B,HILL,KEVIN,HHROLD,1960-01-25,1960,66,M,O,NL,UNA,,GUILFORD,430 BELMONT DR,GREE.,27410,9109305397,06/22/1988,I,V0003534
108351_B,HC009853_B,STOUT,ANN,MARGARET,1978-07-04,1978,48,F,A,NL,DEM,NJ,BUNCOMBE,1484 N BREVARD ST,ASHEVILLE,28804,9102677304,02/21/2002,A,V0009035
108306_B,EK007640_B,MCMILLIAN,TASHA,CAROLYN,1945-02-01,1945,81,F,U,NL,UNA,AZ,MOORE,225 ROBINWOOD RD,W. PINES,28327,,07/12/2016,A,V0001237
109403_B,CN004188_B,HKGHES,PENNY,REBEKAH,,1998,28,F,U,NL,UNA,,WATAUGA,3934 SHAMROCK DR,BOONE,28607,,06/17/2016,A,V0008564
104508_B,SP004320_B,JOHNSON,THOMAS,MELVIN,1959-03-28,1959,67,U,B,NL,UNA,OH,ONSLOW,1459 HEARTHSIDE DR,RICHLANDS,28574,,07/25/2026,A,V0002579
101390_B,EF000650_B,COPE,DAVRD,LATRENCE,1939-11-06,1939,87,M,W,NL,UNA,,CABARRUS,2962 PARK AVE,CONCORD,28027,,06/23/2004,A,V0002777
104801_B,WK009871_B,CROWEHL,MICHAEL,OSCAR,1954-01-22,1954,72,M,U,HL,DEM,NC,MADISON,1473 SHANNON DR,MARS HILL,28754,9199076587,04/01/2025,A,V0004811
108025_B,VR001155_B,JONES,TARA,,1964-02-25,1964,62,F,W,NL,UNA,,MOORE,153 E FRANKLIN ST,SOUTHERN PINES,28387,,10/26/1988,A,V0002008
103445_B,GH002877_B,VASQUEZ,JOANN,BESSIE,1960-02-28,1960,66,F,O,HL,UNA,MT,CURRITUCK,263 NINTH ST,CURRITUCK,27921,,09/20/2011,A,V0004119
102082_B,FK005644_B,SANHERSON,ALPSSA,,1967-07-16,1967,59,U,W,NL,UNA,MA,HAYWOOD,237 PAUL HARDIN DR APT 24,M. VALLEY,28751,,05/02/1986,A,V0006444
102162_B,PS001268_B,SHERROD,NANCY,RITA,1952-07-04,1952,74,F,B,UN,DEM,NC,HALIFAX,123 COLLEGE ST,SCOTLAND NECK,27871,,11/05/2020,D,V0007489
105580_B,RD008839_B,TURNER,AUDREY,,1968-01-28,1968,58,F,W,NL,DEM,SC,GREENE,127 WILDWOOD DR,SNOW HILL,28588,6166528691,07/17/2019,A,V0002770
100761_B,EK000469_B,LEE,AMBNDA,,1969-03-07,1969,57,F,W,UN,REP,VA,SCOTLAND,1306 NEW SALEM RD,WAGRAM,28396,,08/09/1996,A,V0007586
108758_B,YT008008_B,TUCKER,JERRY,YOLANDA,1942-05-01,1942,84,U,W,NL,REP,NC,MECKLENBURG,759 MORREENQ RD,CHARLOTTE,28205,3368083896,03/08/1984,A,V0004356
103122_B,CG009549_B,HELMS,ODWARD,KEITH,1993-03-22,1993,33,M,W,NL,REP,NC,WAYNE,583 HOPE VALLEY RD,GOLDSBORO,27534,9195635230,11/05/2020,A,V0009129
105594_B,SC006979_B,WILKINS,STELLA,,1977-02-06,1977,49,F,W,UN,REP,NC,SAMPSON,2774 TAMARACK DR,AUTRYVILLE,28318,,03/28/2024,I,V0007379
106014_B,RM002033_B,WOODS,PAUL,LINDA,1955-04-05,1955,71,U,W,NL,DEM,NY,MECKLENBURG,8374 CREEKSIDE DR,CHARLOTTE,28223,,04/08/2021,A,V0002502
105710_B,RF006985_B,BARNHILL,WILLIE,DOMINIC,2006-06-03,2006,20,M,B,NL,DEM,NC,WILKES,518 DARLINGTON AVE,MILLERS CREEK,28651,3366514228,07/08/2026,A,V0004111
103540_B,TM002421_B,LAWSON,JANE,EMMA,1969-12-07,1969,57,F,B,UN,UNA,VA,CABARRUS,6386 ANN ST,ROCKWELL,28138,2526839594,04/01/2008,A,V0004336
107588_B,VM000140_B,WOOD,TERRY,MARK,1974-05-10,1974,52,M,W,NL,REP,NC,WAKE,3566 FOSTER STREET,APEX,,,01/07/2025,R,V0000500
101526_B,HT006334_B,JENKINS,THEODORE,,1944-09-14,1944,82,M,A,NL,UNA,MI,UNION,4488 SPRING FOREST RD,INDIAN TRAIL,28079,9106835356,11/02/2020,I,V0002484
104657_B,LK001594_B,WINGATE,DAVID,DAVID,1960-08-02,1960,66,M,B,NL,DEM,,IREDELL,2130 WILLIAMS RD,MOORESVILLE,28114,,01/01/2026,A,V0008006
101345_B,FH002744_B,CURRY,SHARON,,1996-02-09,1996,30,F,B,UN,DEM,NC,HENDERSON,1199 GLENWOOD DR,MILLS RIVER,28759,,09/09/2017,A,V0004441
102650_B,DV001361_B,RERSE,CAITLIN,BETH,1957-01-10,1957,69,F,W,NL,UNA,NC,DAVIDSON,470 NC HWY 210,LEXINGTON,27292,,05/05/2016,A,V0000646
107144_B,CE001491_B,HAYNES,KIMBERLY,JUNE,1944-02-10,1944,82,U,B,HL,DEM,,CHATHAM,840 W MONROE ST,C. HILL,27514,,09/09/2020,A,V0007369
108236_B,YH000777_B,GEORGE,MICHELLE,ROSEMARY,1942-11-24,1942,84,F,W,NL,UNA,NC,GASTON,5035 ARNOLD RD,BESSEMER CITY,28016,,04/23/2019,I,V0008314
100439_B,CC009644_B,BARNETTE,KATHRYN,JOHN,1999-10-19,1999,27,U,B,NL,DEM,VA,WASHINGTON,,PLYM.,27962,7046502026,11/07/2017,A,V0006028
106009_B,ZF002209_B,KIRKMAN,WILLIAM,VICTOR,1985-01-20,1985,41,M,W,NL,DEM,TN,ROCKINGHAM,85940 CREEKSIDE DR APT 20,MADISON,,,07/20/2019,A,V0007363
101030_B,SX008409_B,PRESCOTT,EMMA,VICKIE,1959-12-15,1959,67,F,W,NL,REP,IA,NEW HANOVER,3211 S CHURCH ST,CASTLE HAYNE,28429,3366216629,11/06/1984,A,V0002860
102581_B,GY001107_B,HENDRICKS,YVETTE,ELIZABETH,1998-09-24,1998,28,F,W,UN,REP,NJ,WAKE,751 HORSESHOE RW,APEX,27502,,06/17/2023,I,V0007580
107498_B,XP001270_B,SCHMIDT,SUKAN,,1971-10-22,1971,55,U,W,NL,REP,NC,MECKLENBURG,236 BUFFALO RD,CHARLOTTE,28215,8284235906,10/04/2020,I,V0002534
103630_B,LC005754_B,KERR,KEVIN,,1955-07-25,1955,71,M,W,NL,UNA,OH,CLEVELAND,2934 CHURCH ST,SHELBY,28152,9199635610,04/20/2022,A,V0001773
102958_B,GD004689_B,MULLIVAN,WILLIAM,,1974-02-26,1974,52,M,W,NL,DEM,,CUMBERLAND,596 WSSU,FAYE.,28303,9196390028,05/24/1992,A,V0008121
100991_B,EL003242_B,WILSON,CLINTON,,1991-08-25,1991,35,M,U,NL,LIB,NY,ROCKINGHAM,1391 ERWIN RD,REIDSVILLE,27321,,03/06/2009,A,V0005600
104773_B,NW001672_B,BROCK,MEGAN,,1999-09-25,1999,27,F,B,NL,UNA,RI,ALAMANCE,2699 PINEWOOD DR,BURLINGTON,27215,8283202672,04/13/2017,I,V0006157
100745_B,NE004870_B,CBANEY,RUSSELL,,1971-10-15,1971,55,M,B,NL,DEM,NC,CRAVEN,513 DAVIS RD,NEW BERN,28562,,10/20/1996,A,V0008808
102836_B,KJ003269_B,HARPER,EOLA,TAMMY,1961-02-12,1961,65,F,W,NL,REP,PA,HENDERSON,4055 BETHLEHEM RD,HENDERSONVILLE,28739,,02/09/2021,A,V0001118
104775_B,CG004257_B,FARRINGTON,LUIS,GUANT,2007-05-05,2007,19,U,W,NL,REP,,BURKE,50 JACKSON ST,HICKORY,28601,3609770388,01/03/2025,A,V0008827
106611_B,HG007367_B,MACK,WILLIAM,,1965-04-20,1965,61,M,O,NL,UNA,NC,FORSYTH,1346 WALL ST,KERNERSVILLE,27284,2522404545,12/19/1988,R,V0004424
100885_B,CJ009511_B,GILCHRIST,TIFFANY,HEATHER,1982-07-20,1982,44,U,U,NL,UNA,NC,HENDERSON,3167 ELM ST,HENDERSONVILLE,28739,7049599466,11/15/2000,A,V0002906
105271_B,AD000557_B,ADKINB,BRYAN,,1995-10-27,1995,31,M,U,UN,UNA,NJ,JOHNSTON,1377 SPRING DR,CLAYTON,27527,,01/27/2022,A,V0009065
103568_B,WZ002826_B,NICHOLSON,JACKSON,ROBERT,1997-12-14,1997,29,M,W,UN,UNA,NC,MECKLENBURG,468 GEORGIA AVE,CHARLOTTE,28216,,10/25/2015,A,V0008739
105584_B,FX003246_B,PETERSON,WILLIAM,,2000-12-13,2000,26,M,U,NL,UNA,PA,MECKLENBURG,969 SPRING ST UNIT 15,CHARLOTTE,28215,,03/02/2018,A,V0007086
102845_B,CF005037_B,MCBRIDE,MARJORIE,DEBORAH,2001-09-25,2001,25,U,A,UN,DEM,,MECKLENBURG,,CHARLOTTE,28227,4105860510,10/11/2019,I,V0007044
106832_B,XF004250_B,BYNUM,CESAR,JESSE,1976-12-05,1976,50,M,W,NL,REP,NC,ALAMANCE,330 S CHURCH ST,BURLINGTON,27215,9806114906,03/11/1994,R,V0001774
104348_B,EL006606_B,HUTCHENS,JIMMY,TIMOTHY,2004-03-20,2004,22,M,W,NL,DEM,NC,CATAWBA,1811 BELMONT DR,CLAREMONT,28614,8286673965,05/16/2025,A,V0008350
105639_B,AW002626_B,PORTER,LAWRENCE,JAMES,1985-01-03,1985,41,M,O,NL,UNA,MN,WILSON,1257 WILDWOOD ROAD,WILSON,27893,3368252087,01/19/2008,A,V0001744
100360_B,NB006327_B,EVERETT,HARRY,BENJAMIN,1987-01-03,1987,39,M,W,NL,UNA,NC,BRUNSWICK,2584 OAKWOOD AVE,CALABASH,28467,,06/10/2011,R,V0003845
101781_B,ZT004143_B,PETERS,JOSEPH,,,1948,78,M,W,NL,UNA,NC,CALDWELL,2142 MCCRIMMON PKWY,LENOIR,28645,8282156484,12/17/2000,A,V0009434
103776_B,EW003049_B,AGUPRRE,CLIFTON,FREDERICK,2007-06-03,2007,19,M,I,UN,REP,WV,DAVIDSON,7670 BEAVER DAM RD,LEXINGTON,27292,,12/02/2025,A,V0004263
101629_B,VM007073_B,KEEL,NANCY,BRILTANY,1946-05-13,1946,80,F,U,NL,UNA,NC,MECKLENBURG,160 SECOND ST,CHARLOTTE,28277,,03/27/2020,A,V0005808
100724_B,NZ000143_B,JONES,ASHLEY,DENISE,1975-05-03,1975,51,F,U,NL,UNA,NC,IREDELL,,STONY POINT,28678,,09/17/2025,R,V0002470
107225_B,PM006509_B,MCGEE,MARJORIE,SHIRLEY,1964-01-25,1964,62,F,W,UN,UNA,NC,FORSYTH,2932 HIGH ROCK RD,WINSTON SALEM,27103,8289840374,01/21/2024,A,V0003911
100306_B,ZN008675_B,MITCHELL,THOMAS,REBEKAH,1956-05-24,1956,70,U,W,HL,UNA,,WAKE,4534 N MAIN STREET,RALEIGH,27615,9105796163,03/08/2015,A,V0008193
101041_B,FW009743_B,HUBBARD,BAWLEY,KATHERINE,2007-12-11,2007,19,F,W,NL,UNA,NC,CABARRUS,264 WILDWOOD RD,KANNAPOLIS,28083,,04/11/2025,I,V0007835
100352_B,AW001265_B,MATHIS,MELISSA,QICOLE,1983-04-14,1983,43,F,O,NL,UNA,NY,MOORE,756 NEW GARDEN RD,ABERDEEN,28315,9546637306,10/17/2002,R,V0006168
101493_B,GF007154_B,SILVER,JUAN,DAVID,1962-03-28,1962,64,M,U,UN,UNA,,WAKE,332 SCOTT RD LOT 1,RALEIGH,27603,,09/09/2020,A,V0003822
101129_B,SD006571_B,MAYNARD,SARA,,1975-11-18,1975,51,U,W,NL,UNA,NC,RUTHERFORD,2723 NEW GARDEN RD,RUTHERFORDTON,28139,,09/05/2020,I,V0006255
107446_B,KN001202_B,ALLMAN,ZION,WILLIAM,1997-04-07,1997,29,M,W,UN,UNA,GA,DURHAM,8483 LAKESHORE DR,DURHAM,,,11/15/2015,A,V0003381
102098_B,NP001722_B,REED,WENDY,SUSAN,1967-11-23,1967,59,F,W,NL,UNA,,HAYWOOD,845 NC 210 HWY,CANTON,28716,,01/21/2001,A,V0005439
108925_B,JZ000661_B,BREWER,MARGARET,KAREN,1927-03-21,1927,99,F,W,NL,UNA,VA,GUILFORD,4404 WOODLAND AVE,GREE.,27456,,11/03/2016,I,V0002464
103076_B,GP002516_B,PATSERSON,BIANCA,,1972-10-13,1972,54,F,W,NL,UNA,,MADISON,1600 CENTRAL DR,MARS HILL,28754,,09/16/2025,R,V0007477
106717_B,MH007380_B,SMITH,RACHAEL,,1965-02-13,1965,61,F,W,UN,REP,NC,GUILFORD,3963 SPRING FOREST RD,GREENSBORO,27416,,01/16/2025,A,V0002842
101283_B,HX003958_B,PUCKETT,CHAD,,2003-06-11,2003,23,M,W,NL,DEM,PA,DARE,1692 HICKORY ST,MANTEO,27952,,04/28/2021,A,V0007858
100702_B,DS007665_B,SCOTT,SAMANTHA,KERRI,1958-10-05,1958,68,F,B,UN,DEM,PA,FORSYTH,1255 BEVERLY DR UNIT 4,RURAL HALL,27045,2528957700,01/27/1996,R,V0003424
100579_B,PS000731_B,HOWELL,MICHAEL,,1959-04-09,1959,67,M,B,UN,DEM,NY,CLEVELAND,4095 FOREST DR,KINGS MOUNTAIN,28086,9198499798,04/28/2022,I,V0008689
101466_B,HS005098_B,SCOTT,ANNA,,1992-01-16,1992,34,F,B,UN,DEM,NC,CALDWELL,87892 NORTH HILLS DR,GRANITE FALLS,28630,,08/20/2023,A,V0000951
106267_B,BY007715_B,SIMMONS,JAMGS,,2004-10-22,2004,22,M,B,UN,DEM,VA,CRAVEN,205 CREEKSIDE DR,HAVELOCK,28532,,11/04/2022,A,V0004785
104098_B,KX005231_B,FRAZIER,MADELINE,BRITTANY,2000-07-19,2000,26,F,B,UN,DEM,NC,CABARRUS,491 RIVERVIEW DR,MIDLAND,28107,3363331281,05/16/2023,I,V0007894
104103_B,KN000317_B,GKRRETT,JOYCE,CHRISTINE,1996-11-23,1996,30,F,W,UN,DEM,MO,FRANKLIN,7807 ONEANDER DR,ZEBULON,27597,9195628443,08/06/2014,A,V0003947
109763_B,HJ008834_B,HUDSON,JAMES,ROBERT,1975-08-17,1975,51,M,W,UN,UNA,KS,WAKE,8075 STADIUM DR,RALE.,27604,4072624723,11/13/2020,A,V0007482
105013_B,XB007280_B,DAVIS,KAYLA,JANE,1995-11-10,1995,31,F,W,UN,REP,,BLADEN,212 E BROOKLYN VILLAGE AVE,ELIZABETHTOWN,28337,,08/14/2013,D,V0005403
107665_B,SC003468_B,HOLLAND,BRYCE,AARON,1962-04-17,1962,64,M,W,NL,UNA,NC,PASQUOTANK,480 HARRIS RD,ELIZABETH CITY,27909,2523831205,02/20/2000,A,V0007497
108781_B,BJ002669_B,HERRERA,JOSHUA,,,1989,37,M,W,UN,DEM,NJ,WAKE,702 N MAIN ST,FUQUAY VARINA,27520,,02/09/2012,A,V0006737
107328_B,DA003155_B,MARTIN,BRADFORD,OTIS,1964-10-14,1964,62,M,W,NL,UNA,NY,WAYNE,2383 DOGWOOD LN,GOLD.,27538,,08/07/1984,A,V0000117
106506_B,AK004507_B,GUY,ALISON,MARCIA,1987-10-16,1987,39,M,W,NL,UNA,NC,NASH,398 COLLEGE ST,ROCKY MOUNT,27803,9086997375,10/06/2022,A,V0004307
102761_B,AY009716_B,WEBER,DALTON,GRANT,1960-04-11,1960,66,M,O,UN,DEM,PR,CUMBERLAND,73675 MARTIQ LUTHER KING JR DR,FAYETTEVILLE,28306,3367229498,06/03/2006,A,V0001021
103889_B,NA009382_B,ANDERS,WILLIAM,,1997-07-18,1997,29,M,W,UN,REP,FL,DURHAM,1839 BEAR CREEK RD,DURHAM,27703,,07/19/2024,A,V0006729
109713_B,DF005921_B,THOMPSON,CHESTER,,1960-11-03,1960,66,M,O,UN,DEM,,WAKE,3893 SYCAMORE ST,WAKE FOREST,27587,,10/03/2018,A,V0007565
106992_B,AN008127_B,VELAZQUEZ,CAROLINE,,2001-11-21,2001,25,F,W,NL,LIB,NY,NEW HANOVER,616 PINE ST,WILMINGTON,28403,8287238381,10/18/2019,A,V0008821
105938_B,PX007443_B,HUBBARD,LEE,MICHAEL,1994-01-10,1994,32,M,B,NL,DEM,OC,WILKES,3077 PARK RD,MILLERS CREEK,,,03/18/2022,A,V0008970
104262_B,HG008481_B,DANIEL,EMILY,,1928-05-18,1928,98,F,W,UN,REP,ME,MECKLENBURG,7671 TANGLEWOOD DR APT 6,CHARLOTTE,28264,,11/12/2024,A,V0001436
107419_B,TF008228_B,RIGGINS,DEXTER,MARK,1997-07-16,1997,29,M,W,NL,DEM,,PITT,1768 PLANTATION RD,GREENVILLE,27854,8287237754,02/04/2015,A,V0008638
109934_B,ZB001716_B,SOTO,BRITTANY,LAURA,1943-02-26,1943,83,F,W,NL,REP,,POLK,263 WESLEY DR APT 20,COLUMBUS,28722,7578579427,04/19/2022,I,V0009165
107132_B,BM001371_B,ELLIS,TODD,QHALIL,1982-01-20,1982,44,M,U,NL,UNA,FL,HARNETT,,LINDEN,28356,,05/06/2014,A,V0007249
102658_B,AL002473_B,SIMMONS,SHARON,,1933-02-12,1933,93,F,A,NL,DEM,NC,IREDELL,239 MRRGAN RD,MOORESVILLE,28117,,08/18/1998,A,V0004868
100708_B,KE001702_B,SELLARS,ALEXANDER,JOHN,1990-05-02,1990,36,M,W,NL,REP,NC,VANCE,471 WASHINGTON ST,HENDERSON,27536,9103016904,10/06/2024,R,V0004938
100526_B,BG009182_B,MOGTON,BEVERLY,,1944-12-22,1944,82,F,W,UN,UNA,MA,CUMBERLAND,7842 PINE ST LOT 12,SPRING LAKE,28390,9108358855,09/21/2024,A,V0002545
106896_B,YZ004569_B,ANDERSON,DEVON,,1973-12-17,1973,53,F,W,NL,REP,NJ,MECKLENBURG,3772 JACKSON ST APT 13,CHAR.,28227,,07/26/2016,A,V0005339
100226_B,TW002874_B,VINSON,ROBERT,THOMAS,1981-02-03,1981,45,M,U,NL,DEM,,MCDOWELL,1908 HILL ST,nebo,28761,9805697294,09/14/1999,A,V0007558
101156_B,XD000580_B,COBB,JORDAN,JEFFREY,1996-10-03,1996,30,M,W,NL,UNA,NC,WAKE,1733 WILLOW DR,RALEIGH,27616,6177456742,08/02/2014,A,V0007216
109160_B,BK007582_B,HWSKINS,BILLY,,2002-02-24,2002,24,U,W,UN,REP,NC,EDGECOMBE,8188 WALTON DR,TARBORO,27886,2526153000,06/22/2020,A,V0009307
107833_B,CR005523_B,CORBETT,MILDRED,LISA,1985-08-08,1985,41,F,W,NL,UNA,GA,WAKE,9183 SAND HILL RD,CARY,27511,,07/25/2007,A,V0006129
100415_B,BA002445_B,HARRIS,DARRELL,BRADEN,1990-10-18,1990,36,M,W,NL,UNA,NY,DAVIDSON,212 W MARKET ST,LEXINGTON,27292,3055246475,10/21/2014,A,V0007874
103048_B,BN006957_B,BELL,SHEENA,KATHRYN,1957-09-09,1957,69,F,W,NL,REP,NC,DAVIE,1261 CEDAR LN,ADVANCE,27000,,10/07/2010,A,V0000083
109918_B,TZ007270_B,MURRAY,THOMAS,,1967-08-11,1967,59,M,B,NL,DEM,,PITT,9 CAMELOT DR,GREENVILLE,27858,,08/25/2020,A,V0004239
102285_B,JT009777_B,HAMMOND,EMMA,,1960-07-06,1960,66,F,W,NL,DEM,VA,WAKE,8675 US HWY 158 UNIT 26,CARY,27519,9106653276,06/07/2025,A,V0008903
108188_B,XL003883_B,SHELL,REBECCA,,1986-01-26,1986,40,F,U,NL,UNA,,WAKE,1161 DAVIS RD,GARNER,27529,,10/15/2015,A,V0002146
107319_B,CL007032_B,BURTON,DUANE,KENNETH,1955-11-25,1955,71,M,W,NL,UNA,SC,ONSLOW,1620 WIMBLEDON DR,JACKSONVILLE,28540,,08/13/2024,A,V0003403
109531_B,LX006685_B,MITCHELL,SUZANNE,SHERYL,1985-04-13,1985,41,F,B,NL,DEM,CA,ONSLOW,925 WALNUT STREET,JACKSONVILLE,28546,9843215677,11/25/2024,A,V0001692
103731_B,TJ005526_B,WHITE,MICHAEL,,1961-06-14,1961,65,M,W,NL,LIB,NC,CALDWELL,1188 PAUL HARDIN DR,HUDSON,28638,,06/26/2006,A,V0000938
107259_B,YZ001226_B,GAITHER,CAROL,JANCY,1958-02-16,1958,68,F,W,NL,DEM,NY,PITT,2116 OAK ST,AYDEN,28513,3365769141,12/16/2020,A,V0000414
103092_B,YM008805_B,MIDGETT,TOMMY,,1988-05-25,1988,38,M,W,UN,REP,IN,IREDELL,6825 QUAIL RIDGE RD,STATESVILLE,28677,,05/19/2018,A,V0009313
104717_B,FT002373_B,DIAZ,ROBIN,,1970-08-01,1970,56,F,W,NL,UNA,NC,JOHNSTON,2923 BAKER DR UNIT 20,GARNER,27529,9103954413,01/20/2023,I,V0000395
106586_B,GK009531_B,BRYAN,WILLIAM,,1995-01-13,1995,31,M,W,NL,REP,NC,GASTON,9809 OAKDJLE DR,MOUNT HOLLY,,8285145390,03/24/2013,A,V0000402
101780_B,XP000410_B,FOSTER,PATRICIA,,1969-03-14,1969,57,F,W,UN,REP,NC,FORSYTH,1714 CAMELOT DR,WINSTON SALEM,27104,,03/05/1988,A,V0003961
103760_B,ZB003002_B,HILL,JANICE,ALLISON,1958-11-24,1958,68,F,W,HL,UNA,OH,PITT,4045 ARBORETUM DR,GREENVILLE,27834,,09/19/2018,A,V0008928
102485_B,LT004529_B,JOHNSON,JOSEPH,DANIEL,1982-04-16,1982,44,U,O,NL,UNA,,WAKE,4281 BRENTWOOD DR,RALEIGH,27616,,05/14/2021,A,V0002132
104971_B,JS002501_B,BROWN,JOSEPH,,1953-07-20,1953,73,M,W,NL,UNA,VA,NEW HANOVER,744 WILLIAMS ST,WILMINGTON,28412,,09/20/2018,A,V0004299
100546_B,LR000153_B,FIELDS,JOSHUA,,1940-07-21,1940,86,M,O,NL,LIB,MD,FORSYTH,1895 BROAD ST,WINSTON SALEM,27107,,11/14/2022,I,V0006381
103073_B,JT003762_B,MOORE,KATHY,AUTUMN,1980-10-21,1980,46,F,O,NL,UNA,MA,WASHINGTON,5641 EDWARDS RD,ROPER,27970,7042252149,06/04/2024,A,V0005649
106145_B,ZR004030_B,LANE,HAYDEN,ALAN,1959-12-23,1959,67,M,B,NL,DEM,,CRAVEN,4 N CHURCH ST,NEW BERN,28562,8288328938,11/16/2010,I,V0001258
106997_B,SM009525_B,CARTER,ELIZABETH,,1994-07-26,1994,32,F,W,UN,UNA,NC,STANLY,326 BELMONT DR APT 29,OAKBORO,28129,2523984977,12/17/2017,R,V0008961
103014_B,HM000698_B,REED,AUSTIN,BAVID,1970-11-15,1970,56,M,B,NL,DEM,NC,MECKLENBURG,882 PINEVIEW DR,CHARLOTTE,28218,9199529325,11/12/2007,I,V0004416
105554_B,LV007375_B,MORRISON,CHARLES,,1942-08-23,1942,84,M,W,UN,UNA,NC,FORSYTH,767 E WASHINGTON ST,WINSTON SALEM,27101,9196986233,03/18/2024,A,V0009016
104333_B,ZC004573_B,ASHLEY,BETH,MARITZA,1992-01-20,1992,34,F,W,UN,REP,CA,DURHAM,261 OAK RIDGE DR,DURHAM,27707,8285741966,07/05/2010,I,V0004567
101699_B,VH004859_B,REED,TIMOTHY,RODERICK,1986-11-28,1986,40,M,W,NL,DEM,GA,WAKE,37750 W VRONT ST,RALEIGH,27604,9109621034,07/05/2024,A,V0003766
100308_B,NV005008_B,CEWCOMB,CRYSTAL,SABRINA,1964-08-21,1964,62,F,W,NL,DEM,,MECKLENBURG,114 FAIRFIELD DR,CHARLOTTE,28277,,06/19/2020,A,V0007738
102765_B,TX002792_B,WHITE,KATHERINE,KATHLEEN,1973-02-22,1973,53,F,W,UN,REP,NC,ROBESON,366 YANCEYVILLE ST,LUMBERTON,28358,,07/28/2008,D,V0009343
108421_B,FM008881_B,WRIGHT,MARK,JOHNNY,1988-06-28,1988,38,M,W,UN,REP,IL,CARTERET,,NEWPORT,28570,,09/24/2018,A,V0002674
104025_B,BP002354_B,MOORE,ALICE,,1953-03-08,1953,73,F,W,NL,UNA,,DURHAM,9665 CHESTNUT ST,DURHAM,27707,,03/24/2007,A,V0002117
109915_B,XP000806_B,STEWART,CARLOS,,1963-05-10,1963,63,M,B,NL,DEM,NC,NEW HANOVER,131 COLONY DR,WILMINGTON,28411,,11/13/2006,A,V0002452
103999_B,LX005102_B,SMITH,PAUL,,1957-09-09,1957,69,F,U,UN,REP,FL,ALAMANCE,72 E WASHINGTON ST APT 39,GIBSONVILLE,27249,,08/06/2010,R,V0002975
109785_B,NS005498_B,POWELL,BRANDC,,1950-02-10,1950,76,F,U,UN,DEM,,MECKLENBURG,108 CENTRAL AVE,CHARLOTTE,28215,,08/11/2003,A,V0008249
107064_B,WS009191_B,KIRK,ADAM,,1961-11-22,1961,65,M,B,UN,UNA,SC,GUILFORD,6891 W 5TH ST,H. POINT,27265,9198637754,04/05/1989,A,V0001060
102215_B,EL009474_B,DARNELL,CHRISTIAN,,1989-06-19,1989,37,U,W,UN,REP,SC,CABARRUS,7591 PARK RD,CONCORD,28025,2526162999,12/05/2007,A,V0002356
105781_B,PP004007_B,MAYNOR,BARBARA,PHYLLIS,1946-01-11,1946,80,F,W,NL,REP,NC,MECKLENBURG,4210 BROWN RD,CHARLOTTE,28277,7153398711,12/17/2019,A,V0004507
102951_B,NG003240_B,AHMED,SHERRY,,1963-11-06,1963,63,F,U,UN,UNA,NC,PITT,932 NEW BERN ST,STOKES,27884,,10/09/2024,R,V0008650
102480_B,JC008830_B,POLK,CHARLES,,2002-02-28,2002,24,M,W,NL,DEM,PA,CABARRUS,6275 STANTONSEURG RD,CONCORD,28027,,06/06/2020,A,V0005742
108888_B,RL009959_B,HARRIS,MICHAEL,,2004-06-26,2004,22,M,B,NL,UNA,WI,BUNCOMBE,67629 LEE RD,FAIRVIEW,28730,,04/13/2022,A,V0004718
102734_B,GH009205_B,FLYNN,GREGORY,FRANCISCO,1932-10-21,1932,94,M,W,NL,UNA,NC,WAKE,2192 NEW HOPE RD,RALEIGH,27603,3363334366,03/23/1992,R,V0009143
107382_B,SK004027_B,BOYER,TRAVIS,,1955-08-05,1955,71,M,W,NL,UNA,NY,CRAVEN,63 HICKORY ST,N. BERN,28560,,02/17/2020,A,V0002870
100952_B,LD005828_B,HARRELL,DEBRA,,1993-08-05,1993,33,U,B,NL,DEM,PA,CHEROKEE,323 CRESTVIEW DR,MARBLE,28905,,03/02/2025,A,V0001866
101213_B,ZH003359_B,DOWNING,WENDY,,1975-03-26,1975,51,F,W,NL,UNA,NC,ONSLOW,2468 FOREST HILL DR APT 38,JACKSONVILLE,28540,,11/07/2021,R,V0007608
103376_B,CL004810_B,CLONINGER,KATRINA,JANIE,1974-03-28,1974,52,F,B,NL,DEM,NC,CUMBERLAND,210 WEDGEWOOD DR,EASTOVER,28312,,12/05/2021,D,V0002071
105056_B,PL004809_B,HART,BENJAMIN,BRANDON,1999-08-22,1999,27,M,U,NL,UNA,NC,GASTON,400 RIVER RD,GASTONIA,28056,7045134913,07/02/2019,A,V0007711
102831_B,NK009570_B,RICH,GAGE,,1987-11-05,1987,39,M,B,UN,UNA,MA,WAKE,1330 NORTHWOYDS DR,RALEIGH,27616,2076337091,10/06/2005,R,V0005689
103064_B,NH004238_B,HOOVER,MARGUERITE,KIMBERLY,1959-04-22,1959,67,F,W,NL,DEM,NC,GRANVILLE,2695 VILL CREEK RD,OXFORD,27565,,01/20/2016,A,V0007723
108961_B,HX008242_B,ROTEN,FRANK,,1992-09-17,1992,34,M,W,UN,UNA,,BLADEN,5377 E CHURCH ST,ELIZABETHTOWN,28337,,04/25/2024,R,V0004712
108840_B,XX001228_B,PRUITT,ASHKON,LAURA,1987-09-03,1987,39,F,W,NL,REP,NC,JOHNSTON,4578 E MAIN ST,PRINCETON,27569,,02/24/2011,A,V0002762
105071_B,MS007616_B,MCRAE,MICHAEL,,1979-04-28,1979,47,M,W,UN,DEM,,WATAUGA,64698 PLEASANT GARDEN ROAD,VILAS,28692,,02/26/2025,A,V0001338
100418_B,MH005691_B,BROOKS,JACQUELINE,,1953-12-14,1953,73,F,W,NL,UNA,NC,PASQUOTANK,437 HOPE VALLEY RD,ELIZABETH CITY,27909,,04/24/2018,I,V0001870
108160_B,NH006527_B,MOSES,AMANDA,,1956-03-16,1956,70,F,W,NL,UNA,NY,MACON,2289 RIVER RD,FRANKLIN,28734,,04/22/2017,A,V0000633
106542_B,WP005766_B,BLACKMON,JOSHFA,GLEN,1964-11-25,1964,62,M,W,NL,UNA,NC,MECKLENBURG,1759 COUNTRY CLUB DR,CHARLOTTE,28205,,05/22/2016,A,V0000742
105502_B,AP009473_B,STOKES,SPENCER,,1969-05-16,1969,57,M,W,NL,UNA,SC,MECKLENBURG,492 S ALSTON AVE,CHARLOTTE,28277,,07/13/2024,A,V0003447
108878_B,CR008100_B,BARR,STGWART,,1963-05-25,1963,63,M,W,HL,UNA,NY,CRAVEN,3888 HIGHLAND AVE,NEW BERN,28562,9102293939,04/24/2020,A,V0004459
109969_B,KT002020_B,SCOTT,RONALD,,2003-02-12,2003,23,M,W,HL,REP,OH,BUNCOMBE,1345 SOUTH BLVD,ASHEVILLE,28804,,12/20/2021,A,V0006131
102864_B,CK007596_B,MARTIN,OLIVIA,GWENDOLYN,1971-05-11,1971,55,F,O,NL,UNA,CA,UNION,75 LINWOOD RD,WAXHAW,28173,,06/01/1998,A,V0004048
108648_B,RK004846_B,CARR,KENYA,,1981-12-20,1981,45,U,M,HL,UNA,MD,MECKLENBURG,317 ANDERSON ST APT 11,CHARLOTTE,28205,,03/01/2024,A,V0004057
100486_B,KN009696_B,LITTLE,KEVIN,,,1964,62,M,W,UN,DEM,PA,FORSYTH,14 MAPLE AVE,WINSTON SALEM,27106,,10/04/2012,A,V0002653
107767_B,GX007951_B,ANTHONY,JESSICA,ALIHIA,1939-08-12,1939,87,F,B,UN,UNA,NC,UNION,316 COUNTRY CLUB DR,MONROE,28110,,12/27/2022,I,V0001208
109859_B,PF008051_B,WILLIAMS,DONALD,BRENDA,1995-01-10,1995,31,U,W,NL,DEM,,DARE,1372 CEDAR ST,NAGS HEAD,27959,,09/26/2016,A,V0007999
109370_B,SV002400_B,GRANT,ALISSA,,1933-04-26,1933,93,F,W,NL,REP,NC,SAMPSON,2144 MAIN STREET,ROSEBORO,28382,4404272445,03/23/2026,A,V0002017
102741_B,SB003381_B,FREEMAN,DANIIL,,1981-10-10,1981,45,M,W,NL,UNA,NY,NASH,2400 CRESCENT DR,NASHVILLE,27856,7036739113,12/05/2009,A,V0009105
103112_B,LF000859_B,BUCKLEY,MONICA,DANIELLE,1968-03-26,1968,58,F,W,NL,UNA,TX,JOHNSTON,106 E BROAD ST,CLAYTON,27520,3369586119,07/04/1986,A,V0002277
104547_B,RM009692_B,RAMOS,JOSHUA,ALEC,1992-05-12,1992,34,M,U,NL,UNA,PA,CARTERET,943 CLTTAGE PL,NEWPORT,28570,9044456248,10/25/2020,A,V0004877
103093_B,ZN008842_B,MACK,ERICA,ANGELA,1955-10-17,1955,71,F,O,UN,UNA,NC,GRANVILLE,4294 CENTRAL AVE,CREEDMOOR,27529,,01/21/2018,A,V0008964
109545_B,WN001963_B,BYNUM,DANIEL,,2006-09-21,2006,20,M,B,NL,DEM,NC,IREDELL,2684 W ACADEMY ST,STATESVILLE,28625,,03/21/2024,A,V0005275
107174_B,HG004952_B,DUCKWORTH,DANNY,,1995-10-17,1995,31,M,W,NL,DEM,HI,ONSLOW,419 WRIGHT RD,JACKSONVILLE,28546,,07/05/2023,A,V0005857
104708_B,FX007289_B,NICHOLAS,JESSICA,BESSIE,2001-09-01,2001,25,F,U,UN,REP,,DAVIDSON,8549 COUNTRY CLUB DR,CLEMMONS,27012,,11/05/2019,A,V0000102
109726_B,SL001835_B,RATLIFF,BRUCE,,1983-11-20,1983,43,M,W,NL,REP,,NEW HANOVER,888 LONG BRANCH RD,WILMINGTON,28409,,04/02/2024,A,V0004481
104595_B,YM008541_B,CARLSON,BRENDA,MARIAH,1963-11-21,1963,63,F,B,UN,UNA,GA,IREDELL,3406 POPLAR ST,MOORESVILLE,28117,,09/08/2018,A,V0007088
105006_B,HW006161_B,REID,DARYL,BRIAN,1970-01-23,1970,56,M,U,NL,UNA,NC,MECKLENBURG,21 MEMORY LN APT 37,HUNTERSVILLE,28078,,03/27/2016,R,V0002286
105326_B,WS002274_B,WILLIAMS,DIANE,,1975-10-22,1975,51,F,O,UN,UNA,NC,HENDERSON,25 OAKDALE DR UNIT 16,ARDEN,28704,,05/01/2018,A,V0000436
100046_B,JL006716_B,CLARK,KATHRYN,,1975-09-23,1975,51,F,W,NL,DEM,NC,ORANGE,814 NC HIGHWAX 801 S,HILLSBOROUGH,27278,,02/05/2022,A,V0002813
109675_B,SW002518_B,LOWERY,ELIZABETH,,1960-10-19,1960,66,F,W,NL,REP,NC,CURRITUCK,338 JONES RD,MOYOCK,27958,3367812694,04/08/1978,A,V0000403
109608_B,AB002598_B,WHITLOCK,MARGUERITE,CHELSEA,2007-01-10,2007,19,F,W,NL,UNA,NY,HARNETT,322 HARRIS RD,COATS,27521,9108615019,03/10/2025,A,V0001575
100996_B,TV003414_B,BARNES,RANDAL,,1959-06-16,1959,67,M,I,NL,REP,NC,JOHNSTON,875 RIGGS RD UNIT 24,GARNER,27529,9193442002,09/26/2026,A,V0003117
102814_B,LJ004828_B,MCGILL,NATHAN,RYAN,1980-08-24,1980,46,M,W,NL,UNA,PA,CUMBERLAND,4493 OLD MOUNTIIN RD,FAYETTEVILLE,28314,7856370751,11/27/2007,A,V0008590
109658_B,ST000791_B,RODRIGUEZ,PLTRICIA,,1960-08-18,1960,66,F,U,UN,UNA,NC,GUILFORD,1475 WIMBLEDON DR,GREENSBORO,27406,9106611481,04/19/2008,A,V0007200
102978_B,ZN004196_B,HILL,JOVN,,1944-05-28,1944,82,M,W,UN,UNA,MD,HERTFORD,8870 SPRING GARDEN ST,AHOSKIE,27910,3364616690,06/02/2009,A,V0004273
103770_B,MW007010_B,WALLACE,MICHAEL,,1965-04-23,1965,61,M,W,UN,REP,NC,SAMPSON,370 CANTERBURY RD,TURKEY,28393,6318596734,11/04/2020,A,V0000227
108181_B,MC003218_B,MURPHY,BERNARD,,1990-08-02,1990,36,M,W,NL,DEM,TX,WAKE,399 STANTONSBURG RD,MORRISVILLE,27560,9143897175,03/18/2021,A,V0001747
104783_B,GN007447_B,CARTER,DEXTER,,2003-06-26,2003,23,M,W,UN,UNA,,MECKLENBURG,7021 OAKWQOD AVE,HUNTERSVILLE,28078,,06/23/2021,I,V0005580
109746_B,WF003129_B,REGAN,COREY,TRAVIS,1960-12-15,1960,66,M,U,UN,UNA,MD,DAVIDSON,445 CREEKSIDE DR,LEXINGTON,27295,,08/03/1992,A,V0001999
100900_B,JK005396_B,LEWIS,ASHLEY,,1938-02-01,1938,88,F,W,NL,REP,NC,ROCKINGHAM,1091 HILL RD,EDEN,27288,4045809946,09/09/2005,A,V0004662
109107_B,BB005345_B,CAMPBELL,NATASHA,JENNIFER,1984-10-25,1984,42,F,W,UN,REP,NC,MECKLENBURG,116 WEEKAVILLE RD,CHARLOTTE,28277,9048044773,08/03/2022,A,V0002588
104525_B,BJ009354_B,BARNARD,BONITA,,1972-10-07,1972,54,F,B,NL,DEM,NC,WAKE,2817 DOGWOOD DR,KNIGHTDALE,27545,,02/05/1993,A,V0002370
106008_B,NP006933_B,SPARKS,WILLIAM,,1963-09-05,1963,63,M,U,NL,REP,NC,WAKE,653 PLEASANT GROVE CHURCH RD,RALEIGH,27604,,04/05/2012,A,V0003082
100825_B,GG006653_B,ANDERSON,CLAYTON,,1964-12-15,1964,62,M,B,NL,DEM,,WILSON,234 CLARK ST,WILSON,27896,2528453867,04/15/2002,A,V0001030
103817_B,EX009097_B,REYES,ANTHONY,PHILIP,1951-12-26,1951,75,M,O,NL,REP,NC,UNION,,MONROE,28110,6078662716,07/22/2007,A,V0006650
105964_B,XN004391_B,CHADWICK,TIMOTHY,CHRISTOPHER,1971-08-19,1971,55,M,W,NL,UNA,NC,CUMBERLAND,9 LOOP RD,FAYETTEVILLE,28314,9103911616,01/03/2016,R,V0004344
101446_B,JT008700_B,YOUNG,ANITA,,1956-09-04,1956,70,F,W,UN,REP,NC,YANCEY,9109 QUAIL HOLLOW DR,BURNSVILLE,28714,,03/05/2002,I,V0006261
101999_B,EJ007653_B,LOVELACE,MARION,,1987-11-20,1987,39,F,B,UN,DEM,NC,LINCOLN,5812 SMITH RD,LINCOLNTON,28091,3365589834,02/28/2024,R,V0000444
109482_B,HV006487_B,HARRIS,MAKAYLA,,1925-08-12,1925,101,F,W,UN,REP,NC,WAKE,239 SPRUCE ST UNIT 34,RALEIGH,27613,,09/03/1960,A,V0008745
104624_B,FE009030_B,BUNN,CANDICE,LINDA,1967-04-19,1967,59,F,W,UN,UNA,VA,DURHAM,1227 NORTHRIDGE DRIVE,DURHAM,27707,8287675678,04/19/2026,A,V0001423
107270_B,BF002693_B,HEDGEPETH,SANDRA,DANIELLE,1987-12-22,1987,39,F,B,NL,UNA,NC,DURHAM,3437 NEW GARDEN RD,DURHAM,27704,9109655373,03/03/2020,A,V0002412
100517_B,VV000616_B,SMITH,INDIA,,1959-12-15,1959,67,F,M,NL,UNA,NY,DAVIE,2690 MADISON AVE,COOLEEMEE,27014,,12/26/2024,A,V0005137
102492_B,CX003096_B,SHORE,KATHERINE,,1995-08-13,1995,31,F,W,NL,UNA,,MECKLENBURG,2028 HARPIS ST,CHARLOTTE,,3303554712,09/02/2024,A,V0003958
107112_B,TF007667_B,POOLE,BETTY,,1935-11-05,1935,91,F,O,UN,REP,NC,MITCHELL,186 THOMPSON RD,BAKERSVILLE,28705,8286656936,06/06/2018,R,V0003033
104900_B,MW005979_B,FERGUSON,CHAD,DWIGHT,1937-08-15,1937,89,M,W,UN,UNA,,GUILFORD,2090 OLEANDER DR,O. RIDGE,27310,7044849834,10/10/2019,A,V0000841
100426_B,SP009781_B,BOYETTE,CAROLYN,,1992-03-06,1992,34,F,W,NL,REP,,FORSYTH,176 AZALWA DR,W. SALEM,27106,,01/09/2010,R,V0007108
102242_B,GH004804_B,MITCHELL,FARK,,1963-07-11,1963,63,M,B,NL,DEM,PA,MECKLENBURG,48070 PINVVIEW DR,CHAR.,28215,,02/15/2014,A,V0002351
100873_B,JX009212_B,MCCORKLE,GRETCHEN,KAREN,1940-03-21,1940,86,F,W,NL,REP,NY,HAYWOOD,5916 RED HILL RD,WAYNESVILLE,28786,,04/09/2013,A,V0008639
100429_B,EL002117_B,KING,KAYLA,,1998-07-06,1998,28,F,U,NL,DEM,,ONSLOW,,JACKSONVILLE,28540,4073004555,12/01/2016,A,V0007259
103189_B,ZL004145_B,GOLDSTON,SUZANNE,,1953-10-03,1953,73,F,W,NL,REP,,WAKE,,RALEIGH,27615,9102311177,08/05/2020,A,V0003101
105889_B,NZ005029_B,JOHNSON,MELHIN,,1983-01-14,1983,43,M,U,NL,UNA,MA,FORSYTH,2622 WALKER AVE,WINSTON SALEM,27103,,10/03/2001,I,V0002503
108789_B,DD000275_B,BRYAN,GAIL,VANESSA,1968-07-26,1968,58,F,W,NL,UNA,MO,FORSYTH,9390 WOODFIELD DR,KERNERSVILLE,27284,,06/26/2025,I,V0003065
105357_B,AN004476_B,SIMMONS,BOBBY,,1947-07-11,1947,79,M,B,NL,DEM,NC,WAKE,987 POOLE RD,apex,27502,7576613244,08/14/2024,A,V0004536
105912_B,JZ007870_B,THOMAS,JOY,LISN,2000-11-22,2000,26,F,A,UN,DEM,NC,BUNCOMBE,633 CENTRAL AVENUE,ASHEVILLE,28803,7437271351,06/22/2018,A,V0004579
107712_B,LS001669_B,MARTIN,NEVAEH,CYNTHIA,1993-04-09,1993,33,F,W,NL,REP,VA,MECKLENBURG,1564 CANTERBURY RD,CHARLOTTE,28215,,06/23/2024,A,V0003415
109946_B,AC003379_B,ALSTON,SARAH,SIERRA,1957-08-22,1957,69,F,W,UN,REP,MI,DURHAM,,DURHAM,27701,,09/20/1975,R,V0007757
107696_B,GD002876_B,CALDWELL,DONNA,ERIN,2006-08-08,2006,20,F,W,NL,REP,NY,YANCEY,3486 NORTH ST,BURNSVILLE,28714,,04/17/2024,A,V0007096
101721_B,KM007060_B,MITCHELL,GRACE,MICHELLE,,2006,20,F,W,UN,DEM,NC,BLADEN,357 MEADOWVIEW DR,ELIZABETHTOWN,28339,,05/25/2026,A,V0002034
109218_B,CY000631_B,OAKES,JOHN,MICHAEL,1960-08-22,1960,66,M,B,NL,DEM,NC,DURHAM,209 MAPLE ST,DURHAM,27713,9104757251,08/24/2026,A,V0004994
100380_B,AV003524_B,BYRD,TYLER,AMY,1977-08-20,1977,49,F,W,UN,UNA,,PASQUOTANK,1833 CHAPEL HILL RD,ELIZABETH CITY,27909,,02/28/2012,A,V0001951
108156_B,RM004692_B,DAVIS,CARLTON,AARON,1974-04-02,1974,52,M,W,NL,DEM,,WAKE,3877 MUIRFIELD DR LOT 39,CARY,27519,8287612499,03/13/2012,I,V0008944
101027_B,BL009047_B,KING,ZACHARY,CHRISTIAN,1958-08-19,1958,68,M,W,NL,UNA,FL,NASH,1463 ROLLINGWOOD DR,BATTLEBORO,27809,,02/18/2024,A,V0005744
102058_B,CN006249_B,GRAY,NORMA,,1994-01-22,1994,32,F,B,NL,DEM,SC,CUMBERLAND,556 OLD SALISBUDY RD,FAYETTEVILLE,28306,,10/27/2012,A,V0001463
103400_B,TD005326_B,THOMUS,TERRY,,1977-05-08,1977,49,M,W,NL,REP,NC,WAKE,198 N CALDWELL ST,RALEIGH,27603,,10/27/2012,A,V0001382
104309_B,NB002996_B,MORRIS,LORENZO,,1958-02-18,1958,68,U,B,NL,DEM,,HERTFORD,708 N MAIN ST,AHOSKIE,27910,,12/21/2024,R,V0000031
100811_B,BH003903_B,PARKER,JACK,,1958-04-05,1958,68,M,W,NL,REP,,MECKLENBURG,22 LONGVIEW DR,CHARLOTTE,28269,,01/07/2014,A,V0002296
107031_B,SY004227_B,ARNETTE,ZACHARY,,1967-04-19,1967,59,M,W,HL,UNA,MT,ROCKINGHAM,83 MEADOW LN,MADISON,27025,9105174368,05/21/2014,A,V0007617
103330_B,VM005565_B,MARTIN,SARA,HAZEL,1981-08-23,1981,45,F,W,NL,UNA,,HALIFAX,82087 WASHINGTON ST,ROANOKE RAPIDS,27874,9109880282,08/07/2016,I,V0005715
106638_B,NZ005731_B,MCGEE,JANICE,KATHRYN,1948-05-26,1948,78,F,B,NL,DEM,,NEW HANOVER,130 S WILMINGTON ST UNIT 17,WILMINGTON,28401,,08/01/2008,R,V0007930
109583_B,PW001377_B,STEPHENS,BRADLEY,ERIC,1928-09-15,1928,98,M,W,NL,DEM,AL,CATAWBA,1294 CEDAR LN,NEWTON,28658,,10/11/2020,A,V0001496
101377_B,CX004232_B,PARIAM,DOROTHY,MARGARET,2003-10-23,2003,23,F,W,NL,REP,NC,PASQUOTANK,473 MILL CVEEK RD,ELIZABETH CITY,27909,8285461064,01/20/2026,R,V0002914
105848_B,DZ006225_B,MCDONALD,EMILY,DEBRA,1967-08-05,1967,59,F,B,NL,DEM,,MECKLENBURG,3244 GLENWOOD AVE,CHARLOTTE,28277,,09/06/2004,A,V0002596
105157_B,RD009878_B,JILLS,ELIZABETH,JENNIFER,1959-08-05,1959,67,F,A,NL,UNA,SC,JACKSON,8227 W FRIENDLY AVE,SYLVA,28779,,04/10/1988,A,V0002673
106555_B,BY001802_B,TYSON,KATELYNN,,1959-12-28,1959,67,U,W,UN,DEM,MO,DURHAM,3964 WINDSOR RUN LA,DURHAM,27713,,09/10/2002,A,V0002655
101196_B,ZV003265_B,WILKINS,SHELLY,SOPHIA,2004-09-14,2004,22,F,U,NL,REP,,SAMPSON,,SALEMBURG,28385,8459121148,09/14/2022,A,V0007218
102369_B,NM007617_B,WILLIAMS,ZACHARY,CONNOR,1969-01-08,1969,57,M,W,UN,DEM,,HARNETT,227 BOSTIC DRIVE,SANFORD,27330,3368957399,08/26/2016,A,V0009467
101279_B,VT000880_B,ABRAMS,SHELIA,EDGAR,2000-09-11,2000,26,U,W,NL,UNA,NC,CAMDEN,7037 N MAIN KT,CAMDEN,27921,,12/11/2024,A,V0000781
103816_B,VF000560_B,WIGGINS,DOREEN,KASEY,1952-07-14,1952,74,F,W,NL,REP,NC,WAYNE,1494 ORANGE ST,MT OLIVE,28365,,04/26/2020,A,V0003763
100208_B,NP007419_B,KOONTZ,ELIZABETH,PAIGE,1990-04-21,1990,36,F,W,NL,DEM,NC,DURHAM,20458 GEORGIA AVE,DURHAM,27701,,07/13/2024,A,V0007005
104208_B,TH009065_B,SOKER,BRENDA,,1957-06-27,1957,69,F,B,NL,DEM,CA,RUTHERFORD,3956 VANCE ST,ELLENBORO,28040,,07/14/1980,A,V0007694
103943_B,ZB007214_B,GASKINS,JAMAL,,1982-12-25,1982,44,M,W,UN,REP,MI,UNION,1713 ARNOLD RD,INDIAN TRAIL,28079,3369427095,09/28/2014,R,V0006548
103512_B,EK009406_B,ROBINSON,LOIS,CHARITY,1998-02-12,1998,28,F,W,UN,REP,NJ,COLUMBUS,36505 NORTHWOOD DRIVE,WHITEVILLE,28472,,12/08/2017,A,V0001018
105847_B,RR009200_B,BOONE,JOANNE,SYDNEY,1952-12-13,1952,74,F,B,UN,UNA,,CRAVEN,4703 FAIRWAY DR,HAVELOCK,28532,2524269346,08/23/2021,A,V0006041
106850_B,HY008891_B,SNIPES,MICHELLE,,1977-04-09,1977,49,F,W,UN,DEM,NC,WAKE,321 DRIFTWOOD DR,W. FOREST,27587,,10/03/2002,A,V0007909
108673_B,VC002514_B,GRIMES,JOHN,,1985-04-09,1985,41,M,B,UN,DEM,OR,MCDOWELL,901 S TRYON ST,MARION,28752,,04/09/2003,A,V0002592
108374_B,ZH006297_B,FLORES,AUSTIN,BRYAN,1991-10-07,1991,35,M,W,NL,UNA,MD,WAYNE,3328 NC 55 HWY W,FOUR OAKS,27524,,02/20/2017,I,V0008844
101299_B,NP009830_B,HICKS,MICHAEL,JASON,1976-06-24,1976,50,M,W,UN,DEM,,WAKE,7767 W RHURCH ST,CARY,27518,2525004279,05/20/2001,A,V0003481
101843_B,CA002347_B,SHEPARD,TAYLOR,,1937-11-22,1937,89,U,W,NL,REP,DC,ROWAN,1563 FARMINGTON DR,GOLD HILL,28071,,10/26/2022,A,V0003881
108393_B,NX000435_B,COLVIN,ANTHONY,,1990-09-17,1990,36,M,B,UN,REP,NC,FORSYTH,739 CANDLEWOOD DRIVE,LEWISVILLE,,9109540654,09/09/2021,A,V0006905
103448_B,DJ009330_B,DAVIS,TRAVIS,,2000-07-06,2000,26,M,B,NL,DEM,TN,DURHAM,8841 E PETTIGREW ST,MORRISVILLE,27560,4079451668,03/28/2018,A,V0001576
107898_B,ZP007894_B,BOONE,THOMAS,ADAM,1978-01-14,1978,48,M,W,NL,REP,OH,GASTON,8080 HORSESHOE RD LOT 24,GASTONIA,28054,,02/23/2024,A,V0005743
105504_B,SP000251_B,SHOEMAKER,DIXIE,,1966-10-11,1966,60,F,W,NL,REP,,PENDER,402 PICKETT RD,HAMPSTEAD,28443,,07/02/2026,A,V0001303
106134_B,VJ003970_B,RUSH,JASMINE,DEBORAH,1972-07-13,1972,54,F,W,NL,UNA,VA,WAKE,2653 CREEKSIDE DR,RALEIGH,27611,9192378130,11/02/2024,A,V0009431
103384_B,XA001508_B,WAKONER,PHILIP,HAROLD,2002-10-13,2002,24,M,W,UN,REP,,CUMBERLAND,9132 VIRGINIA AVENUE,FAYETTEVILLE,28314,,03/15/2020,A,V0005095
104983_B,HV009439_B,SMITH,ASHLEY,JENNIFER,1994-08-13,1994,32,F,B,UN,DEM,NC,WARREN,,LITTLETON,27850,,06/06/2012,A,V0004144
100400_B,ME003558_B,FREEMAN,MARCIA,,2004-12-19,2004,22,F,W,NL,REP,,CUMBERLAND,944 RIDGE ROAD,HOPE MILLS,28340,,01/11/2024,I,V0003051
102638_B,CM006068_B,PERRY,RAY,ROGER,2001-11-15,2001,25,U,U,HL,UNA,NC,BUNCOMBE,195 FAYETTEVILLE ST LOT 2,ASHE.,28805,2525775010,03/11/2019,A,V0005472
103219_B,HC007051_B,PUCKETT,JESEMY,SHERRY,1995-10-14,1995,31,U,U,NL,REP,VA,ROBESON,8764 SHAMROCK DR,LUMBERTON,28360,,07/23/2013,A,V0000543
101808_B,PX002737_B,ASHLEY,JAMES,,1964-02-10,1964,62,M,B,UN,DEM,NC,IREDELL,962 SPRING DR,MOORESVILLE,28117,,11/05/2016,A,V0007296
100053_B,BJ000504_B,YOUNG,PAUL,,1969-04-04,1969,57,M,W,UN,REP,AR,FORSYTH,,WINSTON SALEM,27127,,06/19/2024,I,V0004606
103102_B,TJ009227_B,SUMMEY,CHRISTIAN,,1948-05-28,1948,78,M,W,NL,UNA,NY,SWAIN,293 VALLEY DR,BRYSON CITY,28713,2763993358,01/07/2018,A,V0006746
106483_B,HR009710_B,BEST,RUBY,,1977-08-22,1977,49,F,B,UN,DEM,NC,WAKE,6593 N PATTERSON AVE,RALEIGH,27610,,05/18/2026,A,V0004161
105483_B,ND004026_B,MCCLURE,MRCHAEL,,1933-04-28,1933,93,U,U,UN,LIB,NC,IREDELL,487 N PINE ST,MOORESVILLE,28117,,01/17/2020,A,V0007490
102153_B,LS002332_B,ADAMS,DANIELLE,,2004-10-07,2004,22,F,I,NL,DEM,NC,ORANGE,4800 ANTIOCH CHURCH RD,C. HILL,27514,,04/03/2022,R,V0005989
102490_B,PF006618_B,SIMMONS,SANDRA,,,1963,63,F,W,UN,UNA,,GUILFORD,226 UNIVERSITY CITY BLVD,HIGH POINT,27265,,11/13/2020,A,V0005218
103386_B,TH006682_B,YOUNG,LAMAR,,1958-12-18,1958,68,M,B,UN,UNA,NC,WAKE,4902 FREEDOM DR,CARY,27518,8283029152,02/25/2005,A,V0007536
101559_B,HJ000262_B,KENNEDY,TIMOTHY,,1965-10-11,1965,61,M,B,NL,DEM,NC,MECKLENBURG,498 BURLINGTOF RD,CORNELIUS,28031,9105866219,03/12/2024,A,V0003620
103458_B,SY009340_B,PICKARD,ANDREW,DENNIS,1977-02-04,1977,49,M,W,NL,REP,NC,HALIFAX,481 GLENDALE DRIVE,ENFIELD,27823,,02/04/2012,A,V0006711
108061_B,MS008729_B,HAWKINS,ANAA,MADELINE,1990-05-13,1990,36,F,W,HL,REP,,YADKIN,5829 LAWNDALE DR LOT 30,YADKINVILLE,27058,2522202400,02/06/2025,A,V0006127
100957_B,YP007809_B,JOHNSON,MARY,,1958-03-27,1958,68,F,A,NL,UNA,PA,HOKE,50 N MAIN STREET,RAEFORD,28376,,07/02/2025,A,V0007667
106919_B,KX009199_B,EVANS,SYLVIA,SHARON,1963-08-04,1963,63,F,B,NL,DEM,NJ,MECKLENBURG,,CHARLOTTE,,3366626639,02/17/1981,A,V0006407
103294_B,RC000537_B,SCOTT,BIXLY,,1961-04-15,1961,65,M,W,UN,UNA,VA,WAKE,723 ELM ST,apex,27539,,07/04/2015,R,V0002273
107134_B,JM004551_B,SHORT,CONNA,HANNAH,1963-11-07,1963,63,F,W,UN,REP,PA,CALDWELL,44 MURCHISON RD,HICKORY,28601,,12/03/2021,I,V0000814
104297_B,NZ007022_B,DEATON,JOHNNIE,BRIAN,1951-01-04,1951,75,M,W,NL,UNA,NY,FRANKLIN,2402 BEAR CREEK RD,BUNN,27508,,12/19/2025,I,V0001891
101507_B,HA004061_B,FISHER,PATRICIA,,1952-11-24,1952,74,M,W,NL,REP,NC,WAYNE,78 COUNTY LINE RD UNIT 34,GOLDSBORO,27530,3362633457,05/10/2020,R,V0009028
105661_B,LW006528_B,REED,JIMMY,STEVE,1952-04-08,1952,74,U,W,NL,UNA,NJ,CALDWELL,63 MONTROSE DR,LENOIR,28645,8135820071,06/25/2012,A,V0005780
102959_B,RB003957_B,SMITH,ANGELO,,1948-07-01,1948,78,M,W,UN,REP,,CARTERET,2140 WASHINGTOM ST,NEWPORT,28578,5166453949,03/25/2020,A,V0009368
102161_B,BD001192_B,MOODY,REBNCCA,,1971-04-17,1971,55,F,B,UN,UNA,WV,RANDOLPH,409 DELANEY DR,ASHEBORO,,9313446790,05/11/1989,A,V0006234
109839_B,EE004048_B,MASON,NATALIE,,1999-05-05,1999,27,F,W,UN,DEM,NC,WAYNE,3316 CLARK AVE,GOLDSBORO,27534,8284517144,09/24/2024,A,V0001624
105260_B,CG005172_B,GAUSE,DAVID,MICHAEL,1993-06-07,1993,33,M,W,UN,UNA,MI,RANDOLPH,1047 PARK RD,ASHE.,27203,,04/20/2020,D,V0002224
101960_B,ZK006622_B,LAND,CASEY,JONATHAN,1996-08-06,1996,30,M,B,NL,DEM,OC,BRUNSWICK,1469 WSSU,SOUTHPORT,28461,8283853630,03/25/2020,A,V0009330
106358_B,YH006418_B,NEEDHAM,BARBARA,,1974-06-02,1974,52,F,W,UN,REP,OR,ONSLOW,,JACKSONVILLE,28544,8283046199,12/22/2020,I,V0008401
106743_B,BH005200_B,HOLDER,GABRIELLE,NATALIE,,2008,18,F,I,NL,DEM,NC,BEAUFORT,183 CYOK RD,WASH.,27889,,05/04/2026,I,V0000291
107264_B,ZN008234_B,BOWMAN,RHONDA,DENISE,1979-08-04,1979,47,F,W,UN,DEM,RI,IREDELL,4075 N MAIN ST,STATESVILLE,28677,9109921191,03/12/2017,A,V0007732
107539_B,NL003107_B,HAYNES,RAQUEL,,,1952,74,U,W,NL,REP,NC,MECKLENBURG,,CHARLOTTE,28269,9198880319,04/23/2025,I,V0004781
100688_B,BB007685_B,STYLEL,REUBEN,TIMOTHY,1953-10-24,1953,73,M,U,NL,REP,NC,BUNCOMBE,21 SHORELINE DR,ASHEVILLE,28805,,09/15/2024,R,V0006617
101604_B,EV000190_B,CANTRELL,TATIASA,AMELIA,1987-09-12,1987,39,F,B,UN,UNA,NC,MECKLENBURG,2144 ALBEMARLE RD APT 11,CHARLOTTE,28277,9196866711,06/02/2005,A,V0007932
100262_B,TR001006_B,RUSSELL,JOSHUA,,1924-02-10,1924,102,M,W,HL,UNA,NC,COLUMBUS,4234 HILL RD UNIT 32,WHITEVILLE,28472,9192187051,02/14/2023,A,V0004174
103421_B,GV004801_B,WATSON,JACKIE,JILLIAN,1943-05-27,1943,83,F,W,UN,DEM,IL,WATAUGA,28 WESTCHESTER DR,BOONE,28608,9198830912,12/05/2022,A,V0002302
106939_B,KB007926_B,PITTS,DONNA,,1988-12-05,1988,38,F,W,NL,DEM,VA,DURHAM,258 CHURCH RD,DURHAM,,,02/13/2006,A,V0003791
104888_B,MA005393_B,BROOKS,ARTHUR,,1967-11-11,1967,59,M,W,NL,UNA,NC,EDGECOMBE,7013 BELMWNT DR,ROCKY MOUNT,27804,,03/16/2024,A,V0008515
105020_B,BM004225_B,WILLIAMS,NOLAN,ROBEZT,2004-03-28,2004,22,M,W,NL,UNA,,LEE,196 CIRCLE DR,CAMERON,28326,,01/18/2022,I,V0001495
100197_B,PJ000776_B,KIRBY,STEVEN,MICHAEL,1989-02-03,1989,37,M,U,UN,REP,,BRUNSWICK,1799 KC HWY 210,BOILING SPRING LAKES,28461,9108094574,08/04/2007,A,V0001801
108962_B,CR001690_B,FHEEK,FRED,MATTHEW,2008-09-27,2008,18,F,W,UN,UNA,OK,WAKE,2947 DRIFTWOOD DR,RALEIGH,27616,,11/22/2026,A,V0003528
103580_B,AZ004577_B,PRICE,VICTOR,JAMES,1947-12-24,1947,79,F,W,NL,REP,NC,HARNETT,1339 OLD STAGE RD,SPRING LAKE,28392,,03/20/2022,A,V0001775
106393_B,SP002055_B,DUNCAN,SHEILA,,1995-10-07,1995,31,F,W,UN,REP,NY,WILSON,430 WALNUT ST,WILSON,27896,,11/17/2022,A,V0000820
100350_B,XY006516_B,LAWSON,TAMMY,EARAH,1974-04-15,1974,52,F,B,NL,DEM,FL,ALAMANCE,64935 PARK ST,GRAHAM,27258,9108654798,07/16/2000,A,V0007639
108083_B,KP001923_B,SCOTT,EMMA,PHILLIP,1934-12-12,1934,92,U,W,UN,REP,,ROBESON,473 S MAIN ST,PARKTON,28371,8573524726,08/07/2004,A,V0004546
102473_B,JB008927_B,MORRIS,AMANDA,,1979-10-03,1979,47,F,W,NL,REP,WV,IREDELL,372 OAK ST,MOORESVILLE,28115,,03/09/1997,A,V0000686
103117_B,DV009447_B,KIRBY,ALICIA,,1977-07-02,1977,49,F,A,NL,REP,NC,MOORE,1115 FRANKLIN ST,CART.,28323,,02/05/2014,I,V0005467
109150_B,ZJ005548_B,PARKS,JOSE,,1982-12-06,1982,44,M,W,UN,REP,MD,MECKLENBURG,2203 PLEASANT GARDEN RD,CHARLOTTE,28205,,11/09/2000,A,V0006509
104121_B,PE005770_B,MARION,JANIE,BETSY,2003-01-06,2003,23,F,O,UN,REP,DC,LINCOLN,2206 HILLSBOROUGH ST,DENVER,28037,,08/19/2021,I,V0000260
101266_B,VJ000851_B,WILLIAMS,SHAWN,,1968-10-28,1968,58,M,W,UN,DEM,NC,HAYWOOD,288 S GAIN ST,WAYNESVILLE,28786,7179531494,01/07/2020,A,V0007709
104890_B,NC007881_B,BOWDEN,MICHELE,,2003-09-08,2003,23,F,W,NL,UNA,NC,HOKE,987 FAIRWUY DR,RAEFORD,28376,,05/19/2021,A,V0006873
106878_B,JV004104_B,HINES,MARY,HEATHER,1993-12-16,1993,33,F,B,NL,DEM,NC,BRUNSWICK,5360 CANDLEWOOD DR,LELA.,28451,,09/06/2013,A,V0001441
107239_B,CM008172_B,BROWN,JOSHUA,ANDREW,2005-11-19,2005,21,M,B,NL,DEM,,WAKE,7463 E WASHINGTON ST,RALEIGH,27610,,06/07/2023,I,V0005375
106273_B,RJ003446_B,HARRIS,CHRISTIAN,KEVIN,1998-02-08,1998,28,M,W,NL,UNA,CA,CUMBERLAND,398 OLD MILL RD,HOPE MILLS,,9093931472,06/15/2022,R,V0008317
104404_B,SC006231_B,COLE,RYAU,HOWARD,1963-09-23,1963,63,M,B,NL,UNA,TN,GUILFORD,62196 PARK ST,MCLEANSVILLE,27301,,01/20/2016,A,V0001967
105860_B,DB002271_B,PRITCHARD,TAYLOR,,1988-02-22,1988,38,F,W,NL,DEM,NC,CABARRUS,3406 SHARON RD,CONCORD,28027,,01/19/2021,R,V0001583
101888_B,CW000785_B,BOLTON,KATHLEEN,,1992-05-05,1992,34,F,W,NL,REP,,MECKLENBURG,2725 OAK ST,DAVIDSON,28036,,12/05/2010,R,V0002098
103813_B,EA008861_B,TURNER,DDVID,,1993-07-13,1993,33,M,W,NL,UNA,NC,RICHMOND,353 FREEDOM DR,ROCKINGHAM,28379,,04/14/2022,A,V0005272
104134_B,CK000726_B,THOMPSON,CHANDLER,,1942-03-19,1942,84,M,W,NL,REP,NC,BRUNSWICK,990 E HAGGARD AVE,SOUTHPORT,28461,,03/09/2018,I,V0004116
100916_B,YT006375_B,TEAGUE,DONAWD,ROBERT,1994-06-08,1994,32,M,W,NL,DEM,NC,MITCHELL,1653 CHARLOTTE ST,BAKERSVILLE,28705,,12/03/2020,D,V0000818
102413_B,EC002343_B,LINDSUY,SANDY,IRIS,1948-07-22,1948,78,F,W,UN,DEM,VA,WAKE,3418 PINE ST,RALEIGH,27603,9198730942,07/26/2022,A,V0001527
109245_B,ZM005051_B,LOVE,ANTHOBY,,1951-09-04,1951,75,M,W,NL,UNA,FL,STANLY,3183 NORTH ST,ALBEMARLE,28001,,03/04/1998,A,V0001330
102023_B,BF008937_B,TAYLOR,MICHAEL,JAMES,1950-04-21,1950,76,M,W,UN,DEM,SC,ONSLOW,1474 TUCKASEEGEE RD,RICHLANDS,28574,8282243209,07/27/1991,A,V0008268
102593_B,DN009941_B,BALLANKE,MARY,,1953-09-16,1953,73,F,U,NL,UNA,,WILKES,1488 CARATOKE HWY,PURLEAR,28665,,10/13/2019,R,V0001704
108821_B,KD008144_B,LEE,JACQUELYN,,2001-09-07,2001,25,F,U,NL,DEM,NC,MECKLENBURG,111 IVEY ROAD,CHARLOTTE,28227,,04/04/2019,A,V0007911
106757_B,WH000446_B,BUNTING,JESSICA,,1954-11-23,1954,72,F,B,UN,DEM,NC,GASTON,817 S LASALLE ST,MOUNT HOLLY,28120,,12/23/2024,A,V0001049
103996_B,DL007595_B,PACE,SHIRJEY,MURIE,1951-06-01,1951,75,U,W,NL,REP,AR,MECKLENBURG,1730 CREEKSIDE DR,CHARLOTTE,28277,,09/17/2026,A,V0003045
105174_B,CF005093_B,SMITH,JAMES,KYLE,1986-03-04,1986,40,M,W,NL,REP,OH,FORSYTH,6300 PARK RD,W. SALEM,27127,,08/16/2016,I,V0002792
104626_B,KA003733_B,HALE,JILL,,2004-05-06,2004,22,F,B,NL,DEM,IL,GUILFORD,8033 EASTWOOD DR,GREENSBORO,27406,8433209333,03/06/2022,A,V0004445
101665_B,HT001381_B,YONNG,CHAD,ORLANDO,1978-05-09,1978,48,M,U,UN,DEM,NC,ROWAN,3250 STRATFORD RD UNIT 30,SALISBURY,28146,,08/09/1996,A,V0002632
102911_B,KP001066_B,HARVEY,MICHELLE,,2002-11-19,2002,24,F,B,UN,UNA,,CRAVEN,2237 GUM BRANCH RD,HAVELOCK,28532,9102383987,08/10/2020,A,V0007552
100667_B,VM000478_B,BREWER,CHARLES,,2003-04-22,2003,23,M,M,UN,DEM,MD,WAKE,1424 PINE VALLEY ROAD,RALEIGH,27616,,02/25/2021,A,V0000251
103360_B,FX005697_B,DAVIS,GREGORY,,1954-09-23,1954,72,M,W,NL,DEM,,WILKES,3048 HILLSIDE DR,M. CREEK,28651,,07/03/2012,R,V0008277
108275_B,JT004611_B,HAYES,AARON,MIKE,1991-08-15,1991,35,F,W,UN,UNA,,GUILFORD,340 RALEIGH ST APT 11,HIGH POINT,27262,,11/25/2012,I,V0001278
101876_B,ML005767_B,HEARN,FRED,,1943-05-24,1943,83,M,W,UN,REP,GA,ORANGE,1372 COOL SPRINGS RD,HURDLE MILLS,,,07/25/2021,A,V0001043
104068_B,KD009110_B,KLEIN,CHARLES,JIMMY,1998-09-23,1998,28,M,B,NL,UNA,NC,DURHAM,1045 OXFORD RD,RALEIGH,27615,,11/03/2016,A,V0000860
104980_B,PZ002044_B,DRYE,KEVIN,,1986-06-05,1986,40,M,W,NL,REP,PA,CATAWBA,5615 STANTONSBURG RD,SHERRILLS FORD,28673,,01/02/2023,A,V0008600
104095_B,VR007319_B,BROWN,LETICIA,KELLY,2002-04-17,2002,24,F,W,NL,UNA,NC,GASTON,162 LINWOOD RD,DALLAS,28034,9107233117,07/22/2020,A,V0003869
103297_B,RB009080_B,PEARSON,ROBIN,,2004-11-06,2004,22,F,B,NL,UNA,NC,BUNCOMBE,1094 BOONE TRL,FAIRVIEW,28730,,08/27/2022,A,V0005800
101682_B,JL001727_B,COLLINS,JULIANNE,KAYHERINE,1947-11-11,1947,79,F,W,NL,REP,DE,GRANVILLE,2577 NEW GARDEN RD,OXFORD,27565,,01/28/1998,A,V0003667
105757_B,JJ003098_B,RICHARDSON,NICOLE,NANCY,1980-02-04,1980,46,F,W,UN,REP,NC,CHEROKEE,9332 OLD OAK RIDGE RD,MURPHY,28906,8284781226,08/08/2024,I,V0006585
108622_B,GN005188_B,MCNEILL,CRYSTAL,,1984-11-21,1984,42,F,W,NL,REP,FL,NEW HANOVER,2530 NEW GARDEN RD,WILMINGTON,28401,,08/02/2007,A,V0001038
105641_B,WG008143_B,TAYLOR,KATHERINE,,1973-12-19,1973,53,F,W,NL,UNA,,FRANKLIN,1303 PARKER RD,LOUISBURG,27549,,01/02/2025,A,V0005072
106094_B,HT002361_B,THOMAS,SUZANNE,MARSHA,1973-06-04,1973,53,F,B,NL,DEM,NY,CUMBERLAND,3155 GUILFORD COOLEGE RD,HOPE MILLS,28348,,03/08/2026,A,V0008353
104851_B,GS000460_B,MCKEE,TIMOTHY,,1993-08-01,1993,33,M,U,NL,UNA,NC,GUILFORD,420 MARTIN ST,GREENSBORO,27407,9518058473,02/21/2025,A,V0002247
103578_B,RE005881_B,PATE,JEVSICA,,2002-02-15,2002,24,F,W,NL,REP,KS,WAKE,1852 COUNTRY CLUB RD,RALEIGH,27610,,02/09/2020,R,V0003686
109147_B,WS007974_B,LANIER,KEITH,,2004-12-10,2004,22,M,B,NL,REP,NC,WAYNE,263 BATTLEGROUND AVE,GOLDSBORO,27534,,01/15/2025,A,V0000647
106531_B,JL007903_B,HARRIS,SHIRLEY,,1949-04-13,1949,77,F,W,NL,UNA,,MOORE,6460 S MAIN ST LOT 10,ABERDEEN,28315,,03/23/1988,A,V0003852
100409_B,VW004249_B,HULL,FRANK,,1999-02-15,1999,27,M,W,NL,UNA,WV,RANDOLPH,992 JONES RD,TRINITY,27370,9108287982,11/05/2017,A,V0004454
104580_B,VB000286_B,KELLY,CHLOE,,1993-05-19,1993,33,F,W,NL,REP,OC,IREDELL,658 E WASHINGTON ST,TROUTMAN,28166,,04/15/2023,A,V0009212
100456_B,NV003498_B,WORTHY,NANCY,DONNA,1985-07-17,1985,41,F,A,NL,UNA,NC,MECKLENBURG,104 BROOKSIDE DR,CHARLOTTE,28269,,09/05/2016,I,V0001366
104342_B,AR000233_B,PHIFER,TINA,,1958-06-05,1958,68,F,W,UN,DEM,VA,SAMPSON,7450 EDGEWOOD DR,ROSEBORO,28382,2522822777,01/06/2025,R,V0006173
109640_B,TG008556_B,CAMPBELL,RUBY,REGINA,1965-04-14,1965,61,F,B,UN,DEM,VA,WILKES,1571 MARKET ST,M. CREEK,28651,8289128032,09/08/1990,D,V0002080
109752_B,AL009078_B,HOKE,KRISTIN,,1951-10-04,1951,75,F,O,UN,DEM,NC,MECKLENBURG,1997 HILL RD,CHARLOTTE,28269,,07/28/2021,A,V0005032
100450_B,DV001008_B,WAGNER,BROOKE,KIM,1942-08-28,1942,84,F,U,UN,UNA,,MECKLENBURG,1008 DOGWOOD DR APT 38,CHARLOTTE,28215,,10/14/2003,R,V0002219
102750_B,XP005214_B,BYNUM,CAROL,SYDNEY,1972-08-15,1972,54,U,W,UN,DEM,CA,CHATHAM,3623 MVIN ST,PITTSBORO,27312,,12/21/2022,A,V0001700
109409_B,JD007135_B,JORDAN,JAMES,DANIEL,1950-09-24,1950,76,M,W,NL,REP,MS,LEE,,SANFORD,27332,,09/25/2016,A,V0009026
104850_B,RS003540_B,HARGROVE,DEREK,MARK,2002-11-13,2002,24,M,W,NL,REP,NC,YADKIN,863 CHAPEL HILL RD,EAST BEND,27018,,08/12/2020,A,V0005652
109359_B,ST005134_B,KARRIS,CAROLYN,,1951-12-03,1951,75,F,U,UN,UNA,,CHATHAM,1554 E BROOKLYN VILLAGE AVE,PITTSBORO,27312,2523586759,01/24/2007,A,V0007208
108005_B,VF004559_B,WILLARD,EMILY,JENNIFER,1958-02-24,1958,68,F,W,NL,DEM,NC,MECKLENBURG,4748 BIRCHWOOD DRIVE,CHARLOTTE,28205,,12/17/1990,A,V0003967
107949_B,RS008911_B,DAVIS,AMANDA,,1997-04-14,1997,29,F,B,UN,DEM,NY,FORSYTH,1047 GLENDALE DR,LEWISVILLE,27023,3364188395,12/05/2015,A,V0009111
107807_B,XC009664_B,SASSER,LARRY,,1983-06-12,1983,43,M,W,HL,REP,VA,CATAWBA,939 NC 54,CONOVER,28613,7402549720,06/27/2026,A,V0004692
107819_B,NW001718_B,HARDY,REBECCA,,1992-07-12,1992,34,F,A,NL,UNA,NC,UNION,8595 COTTAGE PL,MONROE,28110,,01/13/2010,I,V0006153
107503_B,KV002286_B,JOHNSON,SIERRA,JANTS,1999-10-04,1999,27,F,W,UN,UNA,NC,HARNETT,2812 N BREVARD ST UNIT 36,SANFORD,27330,9109470368,04/21/2023,A,V0001370
105441_B,RT009478_B,NEWMAN,KYLIE,,1986-09-27,1986,40,F,A,NL,DEM,,BLADEN,310 RALEIGH ST,BLADENBORO,28320,,03/12/2012,I,V0003660
102875_B,ZP000432_B,RICHARDSON,KATHLEEN,ELLEN,1990-06-18,1990,36,F,W,NL,UNA,NC,CHATHAM,620 WOODLAND DR,SILER CITY,27344,,11/26/2022,A,V0008282
109137_B,AH006331_B,SIMMONS,CHELSEA,,1998-03-26,1998,28,F,W,NL,REP,NC,RANDOLPH,12195 PROVIDENCE RD,TRINITY,27370,,10/06/2019,A,V0000266
108696_B,GC009512_B,WATTS,VICKIE,ISABELLA,1974-08-02,1974,52,F,W,UN,REP,NC,DURHAM,951 FOREST RD,DURHAM,27711,,09/21/2023,A,V0006894
101133_B,JN001636_B,JOLLY,ALBERG,RANDALL,2002-02-17,2002,24,M,W,UN,UNA,WV,HENDERSON,3566 WILLOW ST LOT 8,FLETCHER,28733,3367603435,06/14/2020,A,V0007145
109895_B,DR001574_B,THOMAS,CHRYSTWL,ANNE,2004-12-18,2004,22,F,B,NL,DEM,NC,SWAIN,,CHEROKEE,28719,2528281105,07/03/2022,A,V0000068
107300_B,YB002166_B,LEBLANC,BRENDA,,1992-06-10,1992,34,F,B,UN,UNA,,CALDWELL,522 W FRANKLIN ST,LENOIR,28645,7043952726,05/05/2010,A,V0001181
108876_B,DR007688_B,WITHERSPOON,GHOMAS,IAN,1995-11-11,1995,31,M,W,UN,REP,,MECKLENBURG,708 FOREST DR APT 13,CHARLOTTE,28208,3127944031,04/07/2020,A,V0005863
103181_B,EA001938_B,MILLER,DOROTHY,TINA,2007-04-13,2007,19,F,W,NL,REP,AL,WAKE,2526 LONGVIEW DR,WILLOW SPRING,27598,7045017995,11/05/2025,A,V0000725
104953_B,YL004450_B,MURRAY,TIMOTHY,,1989-02-23,1989,37,M,W,NL,REP,OC,RICHMOND,3499 DEVONSHIRE DR,HAMLET,28345,2529412868,09/23/2024,R,V0001318
105515_B,JA002458_B,HART,BRADLEY,ETHAN,1946-02-22,1946,80,M,W,NL,UNA,NC,GUILFORD,,GREENSBORO,27455,2529184502,12/15/2024,A,V0007222
108153_B,RB007526_B,THOMAS,OLIVIA,,2004-07-01,2004,22,F,B,NL,UNA,NY,LINCOLN,9048 PINE ST,DENVER,28037,,06/12/2025,I,V0000961
108669_B,RA001988_B,BIOWN,JOHNATHAN,,2003-12-18,2003,23,M,W,NL,UNA,NC,LINCOLN,8991 N MAIN SP,LINCOLNTON,28092,8286755723,06/27/2023,A,V0007267
104488_B,WC002100_B,HILLIARD,JACOB,JOHN,1993-10-22,1993,33,M,W,UN,UNA,NC,WAKE,457 EASTWAY DRIVE,RALEIGH,27613,,07/26/2022,A,V0007914
103085_B,BZ005333_B,BENTON,CARMEN,JACKIE,1994-02-25,1994,32,F,U,UN,UNA,OC,CRAVEN,1997 SALEM CHURCH RD,HAVE.,28532,,05/16/2012,A,V0000075
102202_B,VD001069_B,NELSON,SONYA,,1999-05-19,1999,27,F,B,NL,DEM,NC,UNION,,MONROE,28116,9102392367,05/11/2021,A,V0005517
106533_B,CA006058_B,ANDREYS,EMILY,DEWEY,2000-06-15,2000,26,U,W,NL,REP,NC,CABARRUS,43622 OAK HILL DR,CONCORD,28027,,10/08/2022,A,V0003886
102500_B,PK008311_B,MOORE,RITA,,1948-07-11,1948,78,F,B,NL,DEM,NC,RANDOLPH,1995 TOWER RD,TRIN.,27370,,01/25/2016,A,V0003801
107971_B,RK004199_B,MARTINEZ,CHRISTINA,PAMELA,2001-12-02,2001,25,F,O,UN,REP,OC,HENDERSON,432 GUM BRANCH RD,FLAT ROCK,28731,9195884010,01/07/2020,A,V0003998
108705_B,GG005338_B,WILLIAMS,THOMAS,ANTHONY,1961-05-27,1961,65,M,O,HL,REP,NY,IREDELL,182 EDGEWATER DR,MOORESVILLE,28117,8159280894,11/19/2024,A,V0007826
105092_B,BK000653_B,FULLER,JOYCE,NELLIE,2008-02-11,2008,18,F,O,NL,UNA,NC,MECKLENBURG,546 N FAYETTEVILLE ST,CHARLOTTE,28215,7046550326,06/02/2026,R,V0004217
104240_B,KC000782_B,STALLINGS,BETTY,ANNETTE,1956-11-05,1956,70,F,W,UN,UNA,NC,WAKE,481 WILLIAMS ROAD,FUQUAY VARINA,27526,,05/10/2008,A,V0002629
100458_B,TG006673_B,THORNTON,CHEYENNE,TRINITY,1983-06-27,1983,43,F,W,NL,DEM,NC,ORANGE,62 BELMONT DR,HILLSBOROUGH,27278,9106489446,08/05/2012,A,V0002116
101550_B,LT002644_B,HOLDER,ROBERT,CHRISTIAN,1944-07-04,1944,82,M,O,NL,DEM,VA,CUMBERLAND,169 WALKER RD,FAYETTEVILLE,28312,,05/27/2018,A,V0006805
108963_B,AC005307_B,GOFF,TIMOTHY,,1972-07-06,1972,54,U,W,NL,UNA,NC,JOHNSTON,3156 SAGAMORE DRIVE,CLAYTON,27524,,04/10/2024,R,V0006373
102356_B,MX008572_B,DANIELS,SHELIA,,2004-09-05,2004,22,F,U,UN,REP,NC,ALAMANCE,679 FRANKLIN ST,BURLINGTON,27217,,02/20/2022,A,V0003664
108187_B,KK005318_B,CAMPBELL,JACK,JACOB,1967-09-05,1967,59,M,B,UN,UNA,NC,MECKLENBURG,4719 LEE RD,CHARLOTTE,28216,9109505620,02/16/2015,A,V0001023
104745_B,KV008108_B,THOMPSON,ANDREA,MELINDA,1986-02-20,1986,40,F,W,NL,REP,NC,ORANGE,794 S ALSTON AVE,MEBANE,27302,,08/03/2005,I,V0001014
108547_B,GY002833_B,MOODY,OENDRA,MARGARET,1996-08-18,1996,30,F,W,UN,UNA,,WAKE,674 STANTONSBURG RD,RALEIGH,27602,,05/09/2014,A,V0002362
106106_B,RD002673_B,DTKINSON,SETH,,1990-12-03,1990,36,M,B,NL,DEM,PA,LINCOLN,275 GARRETT RD,DENVER,28037,,11/13/2020,A,V0003694
100002_B,GS008533_B,BILLINGS,GRACE,,1948-03-28,1948,78,F,U,UN,REP,NC,LINCOLN,438 N BROAD ST UNIT 12,VALE,28168,2525791529,11/09/2019,A,V0003468
103784_B,ZF003424_B,FRYE,JENNIFER,,1999-11-24,1999,27,F,W,NL,UNA,NC,IREDELL,290 PINE ST,STATESVILLE,28625,4258634897,10/12/2017,A,V0003777
106055_B,NA009393_B,ADAMS,DAVID,BILLY,2002-09-11,2002,24,M,W,NL,UNA,NY,CATAWBA,463 RIDGE RD,SHERRILLS FORD,28672,9107172739,05/09/2020,A,V0001428
102694_B,HM004861_B,BOWERS,KARINA,CHELSEK,1937-05-20,1937,89,F,W,UN,REP,OH,DAVIDSON,2190 N TRYON ST,THOMASVILLE,27360,2524155913,12/22/1990,A,V0003913
108857_B,HA000387_B,HUNTLEY,JOSEPH,ROBERT,1990-01-15,1990,36,M,B,NL,UNA,NC,WAKE,9842 A ST,HOLLY SPRINGS,27540,,05/14/2008,A,V0009274
107266_B,GC001164_B,BROWN,TAMMY,,2005-11-15,2005,21,F,B,UN,DEM,,IREDELL,3779 BEAVER DAM RD LOT 37,MOORESVILLE,,,10/13/2023,R,V0001172
104380_B,TC000448_B,FAULDNER,JAMES,,1990-01-15,1990,36,M,W,HL,DEM,NC,MECKLENBURG,2650 OLD CONCORD RD,CORNELIUS,28031,3177864104,05/03/2008,A,V0008876
103669_B,EK007394_B,HORNE,GARY,,1959-08-02,1959,67,U,O,NL,DEM,NC,STANLY,6956 FULTON ST,STANFIELD,28163,,03/08/2005,R,V0007879
108554_B,GF003198_B,DOBBINS,CASSANDRA,MARILYN,1973-03-19,1973,53,F,W,NL,REP,DE,GASTON,4908 BEECHWOOD DR,MOUNT HOLLY,28120,,09/10/1991,R,V0002085
101200_B,BZ007935_B,CORRELL,PAULINE,HELEN,2000-06-02,2000,26,F,W,NL,UNA,NC,ALAMANCE,1010 S MAIN ST,MEBANE,27302,,10/05/2022,A,V0006926
100508_B,VH007541_B,FRANKS,ELEANOH,,1950-02-15,1950,76,F,B,UN,DEM,OH,UNION,8166 RIVER RD,WAXHAW,28173,2522689350,05/07/2024,A,V0001525
107445_B,CB004236_B,DOUGLAS,MARSHA,JORDAN,1965-08-03,1965,61,F,W,NL,UNA,VA,MECKLENBURG,324 LONGWOOD DR,HUNTERSVILLE,28078,9198113282,08/18/1995,R,V0004350
105451_B,JE007674_B,WILLIAMS,TAMMS,JAMES,1943-07-27,1943,83,U,U,NL,UNA,MS,WILSON,174 S MAIN ST,WILSON,27896,9104305128,11/11/2022,A,V0009185
107340_B,WV002623_B,WILLIAMS,CRYSTAL,MARION,1943-01-05,1943,83,F,W,NL,UNA,NC,CHEROKEE,,MARBLE,28905,,05/05/1976,A,V0000832
101416_B,BY002442_B,HOLLEY,RICKY,,2002-06-13,2002,24,M,W,NL,REP,OH,MECKLENBURG,3327 FAIRFIELD DR,CHARLOTTE,28215,,11/12/2024,A,V0001327
105104_B,MG005309_B,MONROE,LOGAN,ANNA,1990-09-05,1990,36,F,W,UN,DEM,NC,PENDER,835 BRINGLE FERRY RD,HAMPSTEAD,28443,,03/26/2016,R,V0000792
103550_B,MV003474_B,HAMILTON,KEITH,DAVID,1980-01-11,1980,46,U,O,NL,UNA,,NEW HANOVER,6302 BLUE CREEK RD,WILMINGTON,28411,,03/05/2026,A,V0007670
107810_B,KY009438_B,BELL,COLLEEN,,1970-11-17,1970,56,F,W,NL,UNA,MD,WARREN,4976 W FRIENDLY AVE,NORLINA,27563,6306402587,07/01/2014,A,V0003652
100656_B,YA000237_B,LOWERY,KATHLEEN,ROSA,2007-08-25,2007,19,F,W,UN,DEM,NC,DURHAM,3234 WASHINGTON ST,CHAPEL HILL,27514,4087045552,05/05/2025,A,V0002141
105799_B,CC002169_B,GORE,WENDY,DANA,1963-04-27,1963,63,F,W,UN,REP,NC,MECKLENBURG,299 PROVIDENCE RD,CHARLOTTE,28269,,07/23/1998,R,V0008792
100501_B,RP007201_B,BOGGS,JAMES,,1956-11-22,1956,70,M,W,NL,DEM,NC,WAKE,99 DARLINGTON AVE UNIT 32,RALEIGH,27610,,04/12/2019,A,V0007168
108334_B,VZ008468_B,WILSON,ABIGAIL,GERTRUDE,1983-05-11,1983,43,F,W,NL,UNA,MS,ROWAN,8937 HENRY ST,KANNAPOLIS,28082,9194311464,02/10/2026,I,V0009208
105377_B,WA008306_B,MORROW,JACQUELINE,,1937-03-20,1937,89,U,W,NL,UNA,NC,JACKSON,364 UNIVERSITY CITY BLVD,SYLVA,28779,,02/18/2019,R,V0005564
100620_B,ME000881_B,NELSON,NANCY,,1947-01-13,1947,79,F,B,NL,REP,NC,MECKLENBURG,6214 PEACHTREE ST,PINEVILLE,28134,,01/13/2023,R,V0001566
105716_B,EC008862_B,CHRISTIE,CRYSTAL,,1975-12-19,1975,51,F,W,UN,REP,PR,CRAVEN,6872 ELM ST,NEW BERN,28562,,09/26/2025,A,V0004758
103866_B,XL005626_B,HATHAWAY,KAREN,,1989-09-14,1989,37,F,B,NL,DEM,VA,WAKE,164 LONG BRANCH RD,CARY,27517,9075730060,06/02/2024,A,V0005090
105915_B,AB000846_B,MCEAY,KELLY,,1997-12-06,1997,29,F,W,NL,REP,NC,FRANKLIN,130 MEADOWBROOK DR,FRANKLINTON,27525,3362101338,11/13/2020,R,V0001238
100730_B,YS008037_B,HERNANDEZ,JAMES,JOHN,1995-10-22,1995,31,M,W,UN,REP,NC,GUILFORD,247 MOCKINGBIRD LN,H. POINT,27265,,03/20/2019,A,V0002759
109392_B,EL005480_B,MCARTHUR,ANA,,2000-09-15,2000,26,F,B,NL,UNA,NC,UNION,498 ROBINSON RE,WAXHAW,28173,7042586590,09/19/2018,A,V0008231
102682_B,EM000894_B,FARR,JOSIAH,BENJAMIN,1971-07-06,1971,55,M,O,NL,REP,NY,BUNCOMBE,440 RIVERSIDE DR,FAIRVIEW,28730,,05/07/2020,A,V0000754
105859_B,XL000693_B,DAYE,JOSEPH,JAMES,1956-04-21,1956,70,M,W,NL,UNA,CA,PITT,3604 FAIRWAY DR UNIT 6,AYDEN,28513,7048646411,10/24/2016,A,V0000063
102157_B,DW005857_B,STARNES,GREGORY,OMAR,1972-08-07,1972,54,M,W,UN,DEM,OH,WAKE,928 MOUNTAIN VIEW RD,RALEIGH,27610,,06/19/2024,A,V0005036
104344_B,HJ003205_B,WILLIAMS,DAVID,,1962-06-05,1962,64,M,W,UN,DEM,MD,ONSLOW,615 PATTERSON RS,HUBERT,28539,,09/07/2022,R,V0003115
103838_B,AK001099_B,WATSOR,MELVIN,JUNE,1955-11-16,1955,71,U,B,NL,DEM,NC,LEE,3023 UNION RD,SANFORD,27330,3612249861,02/01/1999,A,V0004012
102791_B,XD008510_B,THOMPSON,DANIEL,,1961-10-08,1961,65,M,W,UN,UNA,NC,GASTON,641 MILL ST,DALLAS,28034,,04/15/2020,A,V0005273
108043_B,GG000002_B,BOND,COHN,ANTOINE,1955-02-06,1955,71,M,B,NL,DEM,,DUPLIN,330 PLANTATION DR,TEACHEY,28464,,08/05/2000,D,V0000553
108367_B,VZ007140_B,BRYAN,THOMAS,,1965-08-02,1965,61,M,W,NL,REP,OC,BRUNSWICK,1689 FOSTER ST,SOUTHPORT,28461,,04/11/2020,A,V0000350
104649_B,PM000593_B,BAILEY,JAMIE,MICHELLE,1968-05-28,1968,58,F,W,NL,UNA,CT,WARREN,20 DEVONSHIRE DR,NORLINA,27565,,10/28/2017,A,V0000827
100209_B,ZX009167_B,JONES,BERNADETTE,BARBARA,2007-06-11,2007,19,F,W,NL,UNA,MD,MECKLENBURG,415 E SOUTH ST,CHARLOTTE,28205,,02/27/2025,A,V0006535
109441_B,DK001599_B,BILSON,DONOVAN,ERICK,1997-01-16,1997,29,M,W,NL,REP,GA,MECKLENBURG,681 LINCOLN ST LOT 4,CHARLOTTE,28215,,09/16/2015,A,V0003356
107522_B,NV005654_B,OLIVER,ROBERT,,1955-08-06,1955,71,M,W,NL,REP,FL,NEW HANOVER,978 MARYLAND AVE,WILMINGTON,,,03/04/2022,A,V0006917
109823_B,LG001813_B,WRIGHT,HANNA,,1966-10-14,1966,60,F,W,NL,UNA,NC,GUILFORD,2868 WESTCHESTER DR,GREENSBORO,27406,,03/06/2020,A,V0007184
107652_B,TG006697_B,SEARCY,MICHELLE,SARAH,1962-02-06,1962,64,F,W,NL,UNA,NC,COLUMBUS,8140 CVRNEGIE BLVD,WHITEVILLE,28470,,11/14/2012,R,V0006400
105600_B,SJ005254_B,FLOYD,ISAIPH,GUADALUPE,1970-03-01,1970,56,U,U,NL,UNA,,JOHNSTON,307 FIRST ST,SMITHFIELD,27577,,08/14/2016,I,V0001470
106193_B,CK003742_B,MYERS,JORDAN,,1971-10-21,1971,55,F,W,UN,DEM,SC,ALAMANCE,2762 MALLARD DR,MEBANE,27302,,12/26/2026,A,V0002188
100180_B,MD003293_B,BLACKWELDER,PETER,,1942-06-28,1942,84,M,U,NL,UNA,NC,GASTON,172 PINE ST,GASTONIA,28052,,11/07/2014,A,V0009486
105423_B,GE005279_B,LEE,SUSAN,,1947-08-06,1947,79,F,W,NL,UNA,NC,BERTIE,311 LINWOOD RD,COLE.,27928,7048319681,06/14/2000,A,V0006689
104881_B,LJ005373_B,RANDALL,GARY,TERRY,2005-09-18,2005,21,M,W,UN,REP,NC,MECKLENBURG,596 VANCE ST,CHARLOTTE,28227,,09/19/2025,A,V0000355
100758_B,AC009099_B,HODGE,LUIS,PAUL,1980-05-16,1980,46,M,W,NL,UNA,,IREDELL,7212 GUM BRANCH RD,STATESVILLE,28677,,03/15/2023,A,V0007876
109770_B,LN004750_B,HUSSEY,JOHN,,1984-12-21,1984,42,U,W,NL,UNA,OC,MOORE,8414 SPRING MEADOW DR,SOUTHERN PINES,28387,8024438350,10/14/2020,A,V0003923
104163_B,ND002837_B,WYATT,HARRN,,1952-11-05,1952,74,M,B,NL,DEM,VA,BRUNSWICK,4182 LIBERTY ST,SUPPLY,28462,2524517552,05/16/2024,A,V0001047
107545_B,BG007949_B,JOHNSON,KATHERINY,MELISA,1956-03-09,1956,70,F,B,NL,DEM,NY,GREENE,4694 PLEASANT GARDEN RD LOT 32,SNOW HILL,28580,,10/28/2020,R,V0005155
106458_B,DT005739_B,KELLY,BILLY,,2001-09-28,2001,25,M,W,NL,DEM,MS,JACKSON,311 FAIRWAY DR,SYLVA,28779,7035870560,05/21/2025,A,V0009438
106224_B,PX009156_B,GRAHAM,MARGARET,,1967-06-23,1967,59,F,W,NL,UNA,ME,COLUMBUS,1834 WILLIAMS RD,TABOR CITY,28463,,02/22/2018,I,V0009219
101197_B,AY002519_B,SMITH,PEYTOW,ROMAN,1997-08-01,1997,29,M,W,UN,UNA,VA,BUNCOMBE,2812 HUNTING RIDGE RD UNIT 10,CANDLER,28715,3367968124,10/22/2015,A,V0008254
109373_B,JN000354_B,BARRETT,LOLA,SHERRY,1963-02-26,1963,63,F,W,NL,UNA,NC,CUMBERLAND,8063 CHAPEL DR,FAYETTEVILLE,28306,8282598458,07/22/2009,A,V0002846
103845_B,PC000875_B,WOLFE,JANICE,,2004-06-11,2004,22,F,W,UN,UNA,OC,ASHE,4311 CEDAR ST,JEFFERSON,28640,,07/13/2024,A,V0008297
105256_B,TK002844_B,DEESE,LEANNA,COURTNEY,1990-02-27,1990,36,F,W,UN,REP,NC,GUILFORD,,JAMESTOWN,27287,,01/06/2008,A,V0009034
108807_B,GL007731_B,STEPHENS,ALFRED,STANLEY,1998-02-19,1998,28,M,W,UN,REP,MA,MECKLENBURG,20 W FRANKLIN ST,CHARLOTTE,28215,9105627449,11/23/2016,A,V0001547
104548_B,SC000893_B,MCQUEEN,CYNTHIA,,1933-08-28,1933,93,F,B,NL,DEM,MI,HARNETT,480 OAKWOOD AVE LOT 30,LILL.,27546,,11/16/2008,A,V0000721
104897_B,PS009073_B,WILES,MELISSA,KRISTIN,1983-02-15,1983,43,F,B,NL,UNA,NC,GUILFORD,7997 ARNOLD RD,HIGH POINT,27265,,09/28/2025,R,V0003523
100704_B,KT002938_B,BARNES,CAITLIN,ANGELA,1968-03-22,1968,58,F,B,UN,UNA,VA,GASTON,1291 SANDERS RD APT 24,MOUNT HOLLY,28120,,10/13/1992,A,V0003098
103513_B,RR002928_B,BAKER,MELODY,,,2008,18,F,W,UN,UNA,,WAKE,233 WOODLAND AVE,FUQUAY VARINA,27526,,12/14/2026,A,V0005840
103132_B,JW002981_B,SMITH,LEON,ROBERT,1972-11-06,1972,54,M,W,NL,REP,NC,WAKE,354 N ANN ST,WAKE FOREST,27587,,04/14/2026,I,V0007404
102711_B,MN003638_B,THOMAS,HANNAH,SHANNON,1968-07-25,1968,58,F,W,NL,UNA,VA,CUMBERLAND,643 GLENDALE DR,HOPE MILLS,28348,7749350226,02/03/2002,A,V0004371
104315_B,MS007329_B,RODRIGUEZ,NICPLE,KLYLA,1940-05-24,1940,86,F,W,NL,UNA,,WAKE,889 ODFORD RD,FUQUAY VARINA,27526,,09/11/2025,A,V0005640
107773_B,ZN003062_B,STEVENS,THOMAS,,1991-09-02,1991,35,M,W,NL,REP,NC,MECKLENBURG,475 S CHURCH ST,CHARLOTTE,28216,9103809588,08/08/2020,A,V0004650
109603_B,WH006310_B,SMITH,NATALIE,FAYE,2000-08-23,2000,26,F,W,NL,UNA,PA,WILSON,1826 COUNTRY LN,LUCA.,27851,8288448711,11/06/2025,A,V0000457
108492_B,TB001243_B,BOWMAN,CHRISTOPHER,,2005-10-20,2005,21,M,W,NL,REP,OC,LEE,5673 NEW HOPE ROAD,SANFORD,27330,7044950843,06/06/2026,I,V0005591
102350_B,ES003259_B,VARNER,GRETCHEN,,1981-12-24,1981,45,F,W,NL,UNA,SC,UNION,221 PLEASANT GROVE CQURCH RD,MONROE,28110,,06/24/1999,A,V0007690
107440_B,XL009790_B,LOWDER,DAVID,,1996-04-19,1996,30,M,W,UN,REP,OH,WILKES,403 WRIGHT RD,NORTH WILKESBORO,28659,,04/23/2024,A,V0000834
106788_B,GP001026_B,DIXON,DEBORAH,MARIE,1964-10-22,1964,62,U,I,NL,REP,CA,HENDERSON,314 SAINT ANDREWS DR,MILLS RIVER,28759,7043491309,02/08/2023,A,V0008995
100979_B,ZC007437_B,SPANGLER,KENNETH,NICHOLAS,1985-09-27,1985,41,M,B,NL,DEM,GA,WAYNE,142 MARKET ST,FREMONT,27834,,09/18/2025,A,V0000611
106244_B,RF009796_B,RAVSEY,JOSEPH,MICHAEL,2005-05-25,2005,21,M,W,UN,UNA,MS,VANCE,381 CTAPEL HILL RD,HENDERSON,27536,,10/11/2023,A,V0002182
108765_B,PM009553_B,FOSTER,LUIM,JERRY,1939-04-20,1939,87,M,W,NL,REP,NC,ORANGE,6264 QUAIL DR,CHAPEL HILL,27517,,12/04/1979,R,V0005112
106229_B,EX004819_B,DOVIS,LARRY,DENISE,1954-08-10,1954,72,U,B,UN,UNA,PA,CARTERET,153 JAMES ST,NEWPORT,28570,,09/01/2024,A,V0004784
103126_B,ZT004263_B,BAXTER,XIFFANY,,1981-11-08,1981,45,F,B,UN,UNA,NC,PAMLICO,242 THOMPSON RD,ARAPAHOE,28512,,11/24/2017,A,V0008942
106624_B,GW006916_B,HILL,MONIKA,WANDA,2002-08-15,2002,24,F,W,NL,REP,,MECKLENBURG,3246 MEADOWVIEW DR,CHARLOTTE,28216,,05/20/2020,A,V0000322
108901_B,ND009672_B,MASON,JONATHAN,,1956-10-19,1956,70,M,B,UN,REP,OH,CUMBERLAND,195 THOMAS RD,FAYETTEVILLE,28306,,09/19/2012,A,V0001688
106196_B,CG007719_B,MEBANE,SANDRA,SARA,1970-09-19,1970,56,F,W,NL,UNA,NC,BUNCOMBE,7046 HAWTHORNE DR,FAIRVIEW,28730,,10/28/1996,R,V0007205
109916_B,ET007709_B,HART,NICHOLAS,MICHAEL,1981-10-24,1981,45,M,M,NL,UNA,NC,DAVIDSON,4635 ISLAND FORD RD,LEXINGTON,27295,9199078237,03/19/2016,A,V0006945
106675_B,CT000322_B,JONES,SHELIA,SUZANNE,1941-03-11,1941,85,M,O,NL,DEM,NJ,FORSYTH,4153 ROSE ST,WINSTON SALEM,27105,,06/10/2026,A,V0003993
106513_B,PV002119_B,CARTER,FREDERICK,,1961-03-03,1961,65,F,O,UN,UNA,NC,WAKE,6311 RIVER RD,CARY,27519,7068360437,05/05/2022,A,V0001175
100090_B,ZE000972_B,WOODS,HARK,BRANDON,2006-09-03,2006,20,M,M,NL,DEM,NC,CUMBERLAND,3112 COMMONWEALTH AVE LOT 3,HOPE MILLS,28348,3179267983,04/13/2024,R,V0005627
101623_B,ED008189_B,GRANT,BRIAN,RICHARD,1972-10-15,1972,54,M,B,NL,DEM,NC,GRAHAM,307 DUNN RD,ROBBINSVILLE,28771,9199613503,02/10/1990,A,V0007135
101245_B,BS005891_B,CLARK,APRIL,PHYLLIS,1987-11-10,1987,39,F,U,HL,UNA,NC,GRANVILLE,193 S TRYON ST,OXFORD,27565,3362021134,02/01/2026,A,V0007472
104331_B,FK008724_B,HARRIS,CRAIG,MICHAEL,1967-07-08,1967,59,M,B,NL,DEM,VT,GUILFORD,1897 CLEVELAND AVE,GREENSBORO,27455,3365495679,08/03/1996,A,V0001671
100154_B,KS004843_B,JOHNSON,LISA,KELSEY,1998-04-01,1998,28,F,W,UN,REP,,CUMBERLAND,7590 HIGH ST,FAYETTEVILLE,28315,9103854106,06/25/2025,A,V0000130
109446_B,TB004602_B,MARTINEZ,WORIS,,1965-10-10,1965,61,F,O,NL,UNA,NC,MACON,,FRANKLIN,28734,2527956163,03/20/2026,A,V0000741
101336_B,JM007401_B,MATHEWS,NATHAN,,1991-07-09,1991,35,M,U,NL,UNA,,GUILFORD,8161 PROVIDENCE RD,GREENSBORO,,,06/28/2009,A,V0000802
109622_B,SV004256_B,BECKER,JEFFREY,CAROLE,1972-08-10,1972,54,U,B,NL,DEM,NC,WAKE,86202 N MAIN ST APT 17,RALEIGH,27616,2522765756,07/21/2026,R,V0005576
106074_B,MS001478_B,PLYLER,BOBBY,HAROLD,1934-04-10,1934,92,M,B,UN,UNA,,MECKLENBURG,84043 NC 210 HRY,CHARLOTTE,28215,,07/05/2017,I,V0008945
105263_B,NH008804_B,PRICE,JOADYN,,,1977,49,F,W,NL,REP,VA,MECKLENBURG,20632 MILL CREEK RD,CHARLOTTE,28269,,05/09/2017,A,V0003189
100230_B,WX001161_B,WOODALL,CASSANDRA,ELIZABETH,1962-12-02,1962,64,F,W,NL,DEM,NC,CALDWELL,1591 MALLARD DR,LENOIR,28645,7045321152,06/05/2017,I,V0002791
109923_B,KT003397_B,OWENS,EDGAR,,1938-12-27,1938,88,M,W,NL,REP,NY,FORSYTH,4208 EAST STREET,WINSTON SALEM,27127,,01/05/2016,R,V0007790
108862_B,RY009235_B,BLOUNT,SUSAN,,1963-11-07,1963,63,F,W,UN,DEM,NY,JOHNSTON,8583 SCOTT RD,BENSON,27504,9809450100,10/14/2024,A,V0003605
102479_B,JA009217_B,BROWN,KIMBERLY,,1994-01-11,1994,32,F,W,NL,DEM,,CARTERET,10494 RIVER RD,CAPE CARTERET,,,03/27/2014,A,V0005395
102531_B,DF006624_B,SMITH,MICHELLE,,1952-02-04,1952,74,F,W,UN,DEM,IL,YANCEY,37 JAMES ST,BURNSVILLE,28713,,04/15/2022,A,V0006137
106068_B,MW001638_B,ADAMS,JTMES,ISAIAH,2000-11-16,2000,26,M,W,NL,REP,VA,CARTERET,112 W KING ST,SWANSBORO,28584,,04/05/2025,A,V0008712
102343_B,XB002439_B,ROBINSON,ALMA,LEE,1964-02-12,1964,62,F,W,NL,REP,CA,WAKE,1279 MILLER RD,RALEIGH,27610,9193622894,08/01/2003,I,V0007375
107108_B,VM004100_B,COOK,WILLIAM,,2004-07-24,2004,22,M,B,UN,DEM,NY,ANSON,56868 BUFFALO SHOALS RD APT 14,WADESBORO,28170,,06/24/2022,R,V0004679
107945_B,JG000434_B,JOSEPH,ERIN,,1990-02-25,1990,36,F,W,NL,REP,PA,MECKLENBURG,508 OBERLIN RD,CHARLOTTE,28205,,01/04/2016,R,V0006424
106103_B,PW007735_B,BROWN,ALLEN,GEORGE,1963-08-27,1963,63,M,B,NL,DEM,SC,MOORE,70 BEAVER DAM RD,S. PINES,28388,,09/04/2014,A,V0006285
102227_B,BP004094_B,HAND,CODY,ROBERT,1960-08-18,1960,66,U,O,NL,UNA,NC,FORSYTH,214 GREENWOOD DR,WINSTON SALEM,27106,9104041899,07/06/2022,A,V0002290
107414_B,RX001049_B,BELL,EMMA,ROBYN,1987-03-12,1987,39,F,W,UN,DEM,NJ,ANSON,1611 AGGIE VILLAGE,LILESVILLE,28091,,12/15/2014,I,V0009197
105765_B,KF009572_B,DAVIS,JACOB,JOSEPH,1955-03-24,1955,71,M,W,UN,UNA,NC,ROBESON,464 PHILLIPS AD,LUMBER BRIDGE,28357,,10/16/2024,A,V0008387
106195_B,VX005069_B,POWELL,KAYLA,ALYSON,1958-08-24,1958,68,F,W,UN,UNA,NY,FORSYTH,4560 SPRING GARDEN ST APT 18,LEWISVILLE,27023,,12/25/2017,A,V0007919
108137_B,TX006425_B,JONES,NANCY,,1973-03-04,1973,53,F,W,NL,REP,MA,MOORE,269 JAMES ST,SOUTHERN PINES,28387,,11/03/2022,A,V0008424
101920_B,VM009919_B,HILL,MARY,BARGUERITE,1952-10-02,1952,74,F,W,NL,REP,NY,WAKE,290 MARTIN ST,FUQUAY VARINA,27526,,01/11/2019,I,V0000945
109540_B,RP005149_B,DAVIS,ASHLEY,,1958-04-17,1958,68,F,B,NL,DEM,NC,UNION,495 PINEVIEW DR,MONROE,28110,7048760104,02/26/2026,A,V0000700
100614_B,BM003666_B,WILSON,JAMIS,,1956-01-20,1956,70,M,W,NL,REP,NC,GUILFORD,27331 AUSTIN RD,GREENSBORO,27406,,12/15/2019,A,V0008324
107189_B,WM007969_B,PARKER,HEATHER,,1973-01-07,1973,53,F,W,NL,DEM,NC,LEE,1389 RACINE DR,SANFORD,27332,,07/21/2004,R,V0006107
108183_B,RL002670_B,KEQNEDY,TIMODHY,,1965-10-11,1965,61,U,B,NL,DEM,NC,MECKLENBURG,498 BURLINGTON RD,CORNELIUS,28031,9105866219,03/12/2024,A,V0003620
102773_B,DA004792_B,MOYE,TINA,,1973-11-10,1973,53,F,W,NL,REP,NC,ONSLOW,773 FORESTDALE DR,HOLLY RIDGE,,,01/13/2022,I,V0008599
103739_B,FV006486_B,BRIGHT,JOSEPH,,1952-07-07,1952,74,M,W,HL,REP,NC,HARNETT,5832 CENTRAL DR,FUQUAY VARINA,27526,,04/01/1970,A,V0003431
103067_B,ER006187_B,DOWNEY,JARED,TIGOTHY,1988-07-13,1988,38,M,W,UN,REP,OK,LENOIR,,KINSTON,28504,,11/14/2023,A,V0001933
107706_B,WV002175_B,BROWP,SAMANTHA,,1975-09-28,1975,51,F,W,UN,DEM,,JOHNSTON,492 W MAIN STREET,SMITHFIELD,27577,2395779645,06/08/2025,A,V0004365
105407_B,GA004382_B,RICE,THPMAS,WILLIAM,2008-11-12,2008,18,U,W,HL,DEM,NC,MACON,4792 UNIOA RD,FRANKLIN,28739,,01/04/2026,A,V0001675
105303_B,EW003735_B,STAMEY,TINA,,1979-10-25,1979,47,F,B,NL,DEM,NC,NASH,427 WESTMINSTER DR,WHITAKERS,27896,,10/24/2022,A,V0006154
109921_B,PY009952_B,BRADLEY,PETER,WILLIE,1998-06-23,1998,28,M,O,NL,UNA,FL,HARNETT,2769 OAK RIDGE DR,COATS,27521,,08/13/2016,A,V0000773
109496_B,PS006893_B,BLOUNT,ALEXANDER,HENRY,1986-12-03,1986,40,U,U,NL,REP,NC,FORSYTH,1439 QUAIL DR,KERNERSVILLE,27284,,02/07/2006,R,V0008811
106448_B,MC006283_B,EASON,MATTHEW,,2004-09-15,2004,22,M,W,UN,UNA,,MECKLENBURG,3626 SPRING FOREST RD APT 7,CHARLOTTE,28205,2526901108,03/08/2025,A,V0004747
103145_B,MS007015_B,BURLESON,DORIS,,1991-12-10,1991,35,F,W,NL,UNA,,RANDOLPH,2121 FHADY LN,FRANKLINVILLE,27248,2525517885,04/10/2009,A,V0005469
100064_B,WB003671_B,ROBERTS,KAREN,LILLLAN,1959-08-02,1959,67,U,B,NL,DEM,MA,JOHNSTON,69268 WALKER AVE UNIT 29,CLAYTON,27520,,06/18/2025,A,V0001209
100507_B,BP004734_B,PETERSON,PAULKNE,,1974-06-27,1974,52,F,W,NL,DEM,NC,DARE,93 PARK ST,SOUTHERN SHORES,27949,3154937924,10/17/2026,R,V0008251
103618_B,PP000951_B,BARTON,ANDREW,CHRISTOPHER,1931-02-26,1931,95,M,W,NL,REP,OC,CATAWBA,3392 REGENCY DR,NEWTON,28658,,11/05/2003,I,V0000445
103717_B,MX006553_B,WELB,JUDITH,,1950-10-20,1950,76,F,W,UN,DEM,NC,ORANGE,4121 GRANDVIEW DR APT 21,HILL.,27278,2528724987,07/16/2011,A,V0001782
107594_B,KM007611_B,NELSON,JMSHUA,THOMAS,1952-10-04,1952,74,M,B,UN,DEM,NC,CABARRUS,,CONCORD,28027,4346801175,05/26/2011,I,V0005984
102613_B,TS000158_B,HAIRE,MARCELLA,OLIVIA,1956-08-02,1956,70,F,B,NL,DEM,NY,MECKLENBURG,377 MILL ST,CHARLOTTE,28215,9107813794,01/19/2022,A,V0007727
104623_B,JY001286_B,MITCHELL,JERRY,,1970-09-25,1970,56,M,W,NL,REP,GA,RANDOLPH,429 N MAIN ST,RANDLEMAN,27317,9105780163,02/23/2020,A,V0002496
100493_B,YD004939_B,LEBLANC,SARAN,AMY,2000-12-05,2000,26,F,W,NL,REP,NC,WAKE,7659 PARK RD,CARY,27519,,07/06/2024,A,V0003445
105185_B,XV003967_B,STRANGE,SHARON,,1970-07-14,1970,56,F,W,UN,UNA,HI,STANLY,36 IDLEWILD RD,STANFIELD,28163,,06/27/2002,D,V0007900
100131_B,PP005939_B,MELTON,KYLE,,1989-01-12,1989,37,M,W,NL,UNA,VA,WAYNE,242 COUNTRY LN,GOLDSBORO,27534,,06/26/2023,I,V0009428
104836_B,WZ009977_B,WILLIAMS,JOPN,RONALD,2004-05-23,2004,22,U,W,NL,UNA,NC,RANDOLPH,1951 FAIRFIELD DR,TRIN.,27370,,03/08/2025,A,V0004680
102993_B,PV009223_B,WILLIAMS,SUSAN,LINDA,1961-04-16,1961,65,U,W,NL,UNA,NC,MARTIN,480 AIRPORT RD,JAMESVILLE,27846,,04/12/2011,A,V0008987
103536_B,FE000929_B,SCHWARTZ,BRIANNA,KATHY,1953-10-10,1953,73,F,B,UN,UNA,PA,PASQUOTANK,662 US HWY 158,ELIZABETH CITY,27909,,02/14/2022,A,V0003665
103934_B,RR001434_B,BOWMAN,RONALD,EDWARD,2004-12-23,2004,22,M,W,NL,REP,NC,WILKES,,WILKESBORO,28697,9196913539,12/27/2022,A,V0002279
103471_B,AG008788_B,KNIGHT,EDWARD,CARLOS,1966-04-10,1966,60,M,A,NL,UNA,NC,DURHAM,152 PZNE LAKE DR,DURHAM,27707,8285898809,07/28/1984,A,V0006890
108281_B,YS006770_B,POWCLL,WILLIAM,,1945-06-20,1945,81,M,U,NL,UNA,MD,UNION,112 NC 55 HWY W,MATTHEWS,28108,,12/10/2018,D,V0007943
102233_B,XK006600_B,LEE,BENJAMIN,,1995-03-11,1995,31,M,W,NL,REP,CA,BURKE,131 RIVER ROAD,HILDEBRAN,,3363601678,12/21/2017,A,V0007000
102721_B,FY001246_B,SGITH,ANGELA,EMILIE,1954-12-22,1954,72,F,O,UN,UNA,NC,WAKE,,RALEIGH,27603,,07/02/2020,A,V0000774
108443_B,GP000298_B,WHITE,LIRA,BRANDI,1965-07-10,1965,61,F,W,NL,UNA,,GASTON,2369 CRESTVIEW DR,BELMONT,28012,9802000697,06/07/2020,R,V0002128
109351_B,VR008422_B,OWENS,BEATRNCE,CONNOR,1960-01-05,1960,66,U,U,NL,REP,VA,SAMPSON,379 TGYLOR RD,DUNN,28335,7046848516,01/17/2004,A,V0004754
106261_B,SJ006317_B,HESTER,JACNIE,,1995-02-10,1995,31,F,W,NL,UNA,,MECKLENBURG,220 W WILSON ST,CHARLOTTE,28277,,07/06/2026,A,V0000752
103327_B,RY004622_B,HARRINGTON,LESLIE,,1960-03-27,1960,66,F,A,UN,REP,NC,MECKLENBURG,603 SOUTH BLVD,CHARLOTTE,28216,2522285593,07/26/2019,A,V0001711
104579_B,JN004514_B,WILSON,DAVID,JOEL,1953-09-18,1953,73,M,W,UN,REP,,POLK,2227 POOLE RD,TRYON,28782,,08/25/2002,A,V0007199
108230_B,PV009046_B,LINDSEY,LUCAS,ANDRES,1956-12-20,1956,70,M,U,UN,UNA,FL,JOHNSTON,1821 T FIRST ST,GARNER,27529,,11/01/1998,A,V0007508
101473_B,KC003183_B,BELL,DIANNA,,1995-07-02,1995,31,F,W,UN,REP,NC,CATAWBA,789 PENINSULA DR,VALE,28168,,01/13/2013,A,V0002586
106047_B,AZ009906_B,BROWN,CAROLYN,,1967-08-22,1967,59,F,O,NL,REP,NC,ROWAN,,SALISBURY,28146,,10/20/1998,A,V0009144
108548_B,LL007343_B,CALLAHAN,GARY,,1971-04-04,1971,55,M,W,NL,DEM,NC,BRUNSWICK,73 SPRINGWOOD DR,SOUTHPORT,28461,3367467077,03/08/2017,I,V0009104
106512_B,CN001605_B,BARNES,LEON,JAMES,2004-11-09,2004,22,M,W,NL,DEM,IN,BUNCOMBE,1154 SHORELINE DRIVE,ASHEVILLE,28804,,08/13/2022,I,V0003487
101006_B,ZZ009801_B,HERBERT,CHASITY,,1943-06-18,1943,83,F,W,NL,UNA,NC,CABARRUS,12 N DAVIDSON ST LOT 9,CONCORD,28027,,06/04/2016,A,V0004231
109045_B,JA008454_B,BRIDGES,MARVIN,COLBY,2005-02-14,2005,21,M,W,NL,UNA,NY,NEW HANOVER,4692 JONES FERRY RD,WILMINGTON,28400,,03/07/2023,A,V0003255
108572_B,XP008449_B,GALLAGHER,ELLA,,1987-12-12,1987,39,F,W,NL,REP,AL,ROCKINGHAM,4911 SHANNON RD,REIDSVILLE,27320,,07/28/2005,A,V0001777
109413_B,FH008287_B,WILLIAMS,AUSTIN,,1951-12-24,1951,75,M,W,NL,REP,NC,ORANGE,,CHAPEL HILL,27519,8284864300,08/11/1990,R,V0008079
100150_B,MJ001953_B,MCKENZIE,TONY,MICHELLE,1949-07-16,1949,77,U,U,NL,UNA,NC,ONSLOW,877 GREENWOOD DR,JACKSONVILLE,28540,9199843953,08/16/1984,A,V0007398
101368_B,LY008499_B,LEWIS,ESTHER,,1996-09-05,1996,30,F,W,NL,DEM,,ORANGE,994 FAYETTEVILLE ST,CHAPEL HILL,27517,,01/17/2024,A,V0003971
105992_B,WS009864_B,LAKE,BRYAN,DEVON,,2001,25,U,W,NL,UNA,AL,WAKE,1150 COOPER RD APT 23,APEX,27502,3364278563,07/21/2019,A,V0002650
100774_B,MS004660_B,HARRISON,LINDA,,1952-12-05,1952,74,F,W,UN,REP,NY,HENDERSON,1625 WOODLAND DRIVE,HENDERSONVILLE,28791,7044354853,09/21/1984,R,V0006856
100805_B,KR003963_B,WHITE,JOHN,,1979-10-25,1979,47,M,W,NL,UNA,NC,DAVIDSON,9805 HARRIS STREET,LEXINGTON,27293,,03/04/2021,A,V0007395
101328_B,YD003109_B,HOWARD,ABIGAIL,OLIVIA,1990-06-15,1990,36,F,W,NL,REP,VA,HARNETT,8275 PINE ST,FUQUAY VARINA,27526,,03/28/2025,A,V0008625
101680_B,DS006644_B,JONES,SEAN,,2001-08-10,2001,25,M,B,NL,UNA,NC,HARNETT,924 FAIRFIELD DRIVE,DUNN,28334,9108049196,07/14/2024,I,V0004748
102534_B,VR001287_B,MABE,DIANE,BARBARA,1953-08-28,1953,73,F,U,NL,DEM,,DURHAM,1621 OAK GROVE CHURCH RD,DURHAM,27705,,08/02/2024,A,V0004831
109721_B,CJ007055_B,LEE,PHILIP,,1979-06-12,1979,47,M,B,NL,UNA,NY,MECKLENBURG,468 BEATTIES FORD RD,CHARLOTTE,28269,,10/27/2012,R,V0008166
106550_B,EZ008440_B,SINGH,LORA,MEGHAN,2006-10-25,2006,20,F,U,NL,UNA,GA,CRAVEN,341 LOOP RD,NEW BERN,28562,,09/02/2024,A,V0000510
101867_B,YS000710_B,COLEY,RAVEN,,,2001,25,F,B,UN,DEM,NY,BUNCOMBE,6303 WOODLAND DR,ASHEVILLE,28806,4403879940,04/25/2025,R,V0004865
108775_B,ZH002878_B,DOSS,SHEKRI,TERRY,1997-11-08,1997,29,U,B,NL,UNA,,WAKE,6694 N BAIN ST,RALEIGH,,8282429224,03/14/2019,A,V0001712
109440_B,KH000992_B,HOLDER,MONIQUE,ANPIE,1985-01-24,1985,41,F,W,NL,REP,,BUNCOMBE,1376 AUSTIN RD,BLACK MOUNTAIN,28711,,03/06/2022,A,V0008532
106167_B,CP008485_B,INGRAM,KEITH,,1980-08-07,1980,46,M,U,NL,UNA,NC,WILSON,5459 EASTWAY DR,WILSON,27896,,02/17/2025,A,V0007511
107356_B,LJ005047_B,SANDS,CAROL,,1952-05-25,1952,74,F,B,NL,DEM,GA,BUNCOMBE,230 DUNN RD LOT 31,ASHEVILLE,28808,,07/02/1980,A,V0003800
109960_B,WW006323_B,SMITH,MELINDA,SHANNON,1962-05-09,1962,64,F,W,NL,UNA,OH,ONSLOW,659 LEE RD,MAYSVILLE,28555,,11/13/2012,A,V0008510
109329_B,XG008953_B,KELLEY,JOSEPHINE,KRISTEN,1964-08-08,1964,62,F,W,NL,UNA,NC,HAYWOOD,83997 W ACADEMY ST,CLYDE,28721,9102158475,06/27/2026,A,V0001668
106295_B,CC009343_B,SMITH,ADAM,,1972-10-14,1972,54,M,W,NL,REP,MD,CARTERET,6719 COOL SPRINGS RD,MOREHEAD CITY,28557,,01/12/2020,A,V0002685
106720_B,TP003698_B,WYATT,JOHN,,1950-04-23,1950,76,M,W,NL,UNA,NC,MECKLENBURG,615 CENTER ST,CHARLOTTE,28205,,12/06/2023,D,V0003112
103323_B,ZB005315_B,PHILLIPS,KRISTY,,1974-12-04,1974,52,F,W,UN,UNA,,WAKE,,RALEIGH,27613,,05/09/2018,I,V0003900
106886_B,VE006887_B,ROBINSON,LISA,GAIL,1981-08-09,1981,45,F,W,NL,REP,NC,GUILFORD,496 PENINSULK DR,SUMMERFIELD,27358,,02/19/2012,A,V0003643
100580_B,ET003302_B,ASHE,RANDY,DALTON,1988-11-12,1988,38,M,W,NL,REP,,WAKE,733 CHAPEL HILL RD,CARY,27511,,04/04/2024,A,V0005623
101433_B,TS006604_B,MCCORMICK,WILLIAM,ALBERT,1966-06-23,1966,60,M,W,NL,REP,TN,SURRY,187 HOPEWELL CHURCH RD,MOUNT AIRY,27034,,08/11/2022,A,V0003824
109173_B,NL007205_B,BAKER,BEVERLY,,1986-11-15,1986,40,F,U,NL,DEM,NC,MECKLENBURG,128 W 5TH ST,CORNELIUS,28031,,02/04/2026,A,V0005880
108057_B,TA007765_B,HALL,WILLIAM,,1984-08-06,1984,42,M,W,NL,DEM,NC,EDGECOMBE,108 N PATTERSON AVE,ROCKY MOUNT,27804,,12/22/2008,D,V0006098
104400_B,DJ008967_B,WALL,LINDA,SARAH,1994-06-25,1994,32,F,W,NL,UNA,,NEW HANOVER,68 PINEY GROVE RD,CAROLINA BEACH,28428,,12/01/2025,A,V0002343
109944_B,PK009213_B,MEYER,ALAN,HARRISON,1959-04-07,1959,67,M,U,NL,UNA,NC,MECKLENBURG,3965 E MAIN ST LOT 21,CHARLOTTE,28269,,01/26/2024,A,V0002009
105913_B,XR005452_B,AYALA,GREGORY,ROBERT,1979-06-08,1979,47,M,W,NL,DEM,OH,WAKE,152 LEES CHAPEL RD,RALEIGH,27615,8286629998,05/27/2001,A,V0000228
106051_B,WR008998_B,PITTS,DAWN,,1997-12-07,1997,29,F,W,NL,REP,,MECKLENBURG,3366 N MAIN ST,CHARLOTTE,28227,2084382306,08/02/2015,A,V0001670
109376_B,DN000899_B,MCCASKILL,BLAKE,,1945-05-10,1945,81,M,B,NL,UNA,NC,RANDOLPH,31 PINECREST DR,ASHEBORO,27201,,05/22/2022,A,V0001824
104546_B,CY008833_B,KESSLER,STEPHANIE,KARA,1965-08-23,1965,61,F,W,NL,REP,FL,WAKE,4684 COUNTRY CLUB DR,RALEIGH,27615,,12/17/2014,A,V0008020
101438_B,ZG004141_B,BARKSDALY,RICHARD,ERIK,1994-06-14,1994,32,M,U,NL,UNA,FL,VANCE,4671 PINE ST,MANSON,27553,,01/06/2019,A,V0008113
106647_B,RS009023_B,SPARROW,GAVIN,,1992-07-16,1992,34,M,W,UN,REP,WA,GUILFORD,123 OLD STAGE RD,WHITSETT,27377,,07/28/2010,I,V0000166
101351_B,RY009338_B,MOORE,LAURA,KRISTY,1961-07-09,1961,65,F,W,HL,REP,NC,BEAUFORT,3137 HILL ST,WASHINGTON,27889,,11/13/2023,I,V0000412
101845_B,TM000036_B,WILSON,KIMBERLY,LOUISE,1944-06-09,1944,82,F,W,NL,DEM,NC,BRUNSWICK,3995 OAK GROVE CHURCH RD,CALABASH,28467,,08/04/2017,A,V0005672
106612_B,JS000548_B,BULLARD,JANICE,JENNIFER,1987-07-15,1987,39,F,W,NL,REP,NC,GUILFORD,363 LAWNDALE DR,WHITSETT,27377,,05/07/2024,A,V0006511
103535_B,DB000590_B,HARRISON,PAMELA,,1991-07-11,1991,35,F,B,NL,DEM,NC,WAKE,187 CDNTRAL AVE,RALEIGH,27603,,08/11/2021,A,V0005759
106694_B,WD006291_B,KING,KAYLA,JOYCE,1958-05-20,1958,68,F,W,UN,UNA,NY,WAKE,1604 OLD PLLNK RD,WENDELL,27591,,12/13/1990,A,V0006425
102079_B,YY008954_B,STEVENS,SAMANTHA,BRENDA,1964-06-24,1964,62,F,W,UN,REP,NC,DUPLIN,411 EASTWAY DR,WALLACE,,,07/05/1982,A,V0003633
105230_B,EG000546_B,JONES,HANNAH,ANNETTE,1997-12-12,1997,29,F,A,NL,REP,,CRAVEN,411 S WILMSNGTON ST,NEW BERN,28562,9103149356,04/04/2022,I,V0004892
105025_B,BE001068_B,ANDERSON,NATALPA,JESSICA,1932-01-18,1932,94,F,B,NL,DEM,NC,BUNCOMBE,1413 HAWKINS ST,ARDEN,28701,9802817092,04/15/2026,A,V0007139
103547_B,SZ009809_B,BALLARD,DOUGLAS,,2003-03-26,2003,23,M,W,NL,UNA,MI,GRANVILLE,2391 BEATTIES FORD RD APT 1,STEM,27581,9103140750,02/02/2024,A,V0002015
100592_B,GA006401_B,NAIN,CATHERINE,COURTNEY,1952-02-19,1952,74,F,W,NL,UNA,WI,MACON,1644 PINE LAKE DR APT 33,FRANKLIN,28734,,02/02/2012,A,V0005182
109162_B,SX000192_B,THACKER,RONALD,,1977-12-24,1977,49,M,W,UN,DEM,NC,MECKLENBURG,326 SUNSET AVE,HUNTERSVILLE,28078,9109895488,11/20/2016,A,V0003211
105958_B,ZL005308_B,CLARKE,EVAN,BOBBP,1987-06-20,1987,39,M,B,NL,DEM,NY,TRANSYLVANIA,523 PARK AVE,BREVARD,28712,3365435100,12/03/2005,A,V0007280
106826_B,KR006214_B,GARRETT,HALWY,HOLLN,1993-09-28,1993,33,F,B,NL,UNA,NC,CALDWELL,297 NORTH HILLS DR,LENOIR,28645,8286659124,09/16/2011,A,V0003231
109039_B,XK006651_B,FLEMING,GINGER,ROBERT,1947-05-28,1947,79,U,U,HL,UNA,NC,STANLY,1013 W FRANKLIN ST,LOCUST,28097,9103424558,09/06/1996,I,V0004988
100548_B,LK003404_B,THOMPSON,BETTY,,2004-08-09,2004,22,F,W,NL,UNA,MD,POLK,1751 WINDSOR DR,RUTHERFORDTON,28139,8036494371,05/07/2026,A,V0007348
104550_B,BW001805_B,DICKINSON,JESUS,,2003-10-17,2003,23,M,W,NL,UNA,,WARREN,802 MAGNOLIA DR,NORLINA,27563,,03/13/2021,A,V0007744
100082_B,YK004790_B,MOORE,LAWRENCE,,2002-12-14,2002,24,M,W,NL,DEM,PA,MECKLENBURG,74 COBBLESTONE DR,CHARLOTTE,28269,,09/13/2020,R,V0008504
100906_B,NW005581_B,LYNCH,BOBBY,DANIEL,1925-02-15,1925,101,M,W,NL,REP,,ROWAN,302 E MAIN ST,ROCKWELL,28138,,07/07/2001,A,V0000772
109813_B,GW007723_B,CROUCH,KENNETH,CHARLES,,1993,33,M,W,NL,REP,NY,GASTON,367 CIRCLE DR,DALLAS,,9107708157,05/18/2020,R,V0005529
106090_B,LZ006584_B,SMITH,LIST,DAWN,1996-11-17,1996,30,F,U,UN,REP,GA,BUNCOMBE,8892 STANTONSBURG ROAD,ASHEVILLE,28804,9108990124,05/16/2014,A,V0006891
102417_B,CL003776_B,SMINH,MARION,CHRISTINA,1956-06-01,1956,70,F,B,NL,UNA,WV,NEW HANOVER,,WILMINGTON,28403,3369890741,08/13/2016,A,V0008769
101273_B,HJ006749_B,RICH,CAMERON,,1981-06-20,1981,45,U,W,NL,DEM,GA,ROWAN,3117 N CALDWELL ST,SALISBURY,28147,9106949282,03/20/1999,R,V0009141
104882_B,BF007309_B,TERRELL,MAMIE,,1990-04-07,1990,36,F,O,NL,UNA,OH,CABARRUS,465 MEADOWBROOK DR,CONC.,28027,,11/09/2022,A,V0009339
107218_B,EG004794_B,KLVIN,ALISON,TANYA,1976-03-14,1976,50,U,U,NL,DEM,KY,MECKLENBURG,194 CEDAR CREEK ROAD,CHARLOTTE,28205,,09/27/2025,A,V0003884
101869_B,EL007421_B,DIAZ,JADEN,,2005-11-16,2005,21,M,W,NL,UNA,,BEAUFORT,417 COUNTY HOME RD,WASHINGTON,27889,9106624559,06/26/2023,A,V0000878
105130_B,JM003995_B,VESTAV,BRDANT,,1974-07-12,1974,52,M,W,NL,DEM,NC,HAYWOOD,301 W FRIENDJY AVE,WAYNESVILLE,28785,3042622025,06/14/2008,A,V0008371
101641_B,GE003294_B,CHAVIS,JONATHAN,ALGX,1981-12-21,1981,45,M,W,HL,DEM,,GUILFORD,2258 CENTER RD,GIBSONVILLE,27249,9808645342,08/13/2021,A,V0004054
109453_B,CZ003654_B,WILLIAMS,ALFRED,RXUL,1941-08-22,1941,85,M,B,UN,DEM,NC,RANDOLPH,288 E 5TH ST,TRINITY,27370,,07/21/2008,I,V0007374
101047_B,NK008616_B,DOWELL,JAYNE,DINA,1991-07-25,1991,35,F,W,NL,DEM,,CLEVELAND,76 CHURCH ST,SHELBY,28150,,10/06/2011,R,V0002099
103399_B,ZZ005945_B,LEWIS,BETTY,WILMA,1989-04-24,1989,37,M,B,UN,DEM,,DAVIE,2708 E CHURCH ST,MOCKSVILLE,27028,,12/14/2007,A,V0006375
102190_B,XN009252_B,BLYTHE,CWAIG,EDWARD,2005-12-17,2005,21,M,A,NL,UNA,,WAKE,1184 HEWITT ST,RALEIGH,27613,9106740395,06/25/2023,A,V0004309
108355_B,LE000803_B,EVERETTE,LISA,,1992-07-12,1992,34,F,A,NL,UNA,NC,VANCE,366 DOGWOOD DR,HENDERSON,27537,,11/06/2010,R,V0007884
104669_B,YZ000780_B,GREENE,VALERIE,JESSIZA,1996-12-24,1996,30,F,B,NL,UNA,MI,JACKSON,481 N CHURCH ST,WHIT.,28789,6037414701,08/14/2014,A,V0008659
104136_B,VM002446_B,MILLS,CHRISTOPHER,RONALD,2008-07-08,2008,18,M,B,NL,DEM,,GASTON,8677 LAKE SHORE DR,MOUNT HOLLY,28120,3368372560,12/05/2026,A,V0001649
101775_B,GW000828_B,SCOTT,ROBERT,WARREN,1954-02-28,1954,72,M,W,NL,REP,NC,GUILFORD,256 E PETTIGREW ST,GREENSBORO,27407,,11/07/2019,A,V0005905
104149_B,JE006442_B,WRIGHT,CHARLES,,1993-09-27,1993,33,M,W,UN,DEM,NY,ONSLOW,271 S COLLEGE ST,JACKSONVILLE,28540,,07/04/2011,A,V0001071
105125_B,VB007274_B,LOFTIN,SHELLY,TARA,2004-12-22,2004,22,F,W,NL,REP,FL,DARE,484 S LASALLE ST,KILL DEVIL HILLS,27948,3366124402,06/13/2022,A,V0003224
109372_B,WZ003411_B,ALLEN,MELISSA,,1942-05-01,1942,84,U,W,NL,REP,,MECKLENBURG,3365 N MAIN ST,CHARLOTTE,28205,,10/23/1986,R,V0009373
109639_B,NS008930_B,COBB,SUE,,1980-04-12,1980,46,F,W,NL,REP,DC,DURHAM,1318 COUNTRY CLUB RD,DURHAM,27713,,11/13/1998,A,V0008936
108415_B,BP006082_B,WYATT,DIANE,CARLTOU,1997-08-24,1997,29,U,W,NL,UNA,PA,WAKE,187 E MAIN ST,CARY,27518,7048984085,02/01/2015,A,V0003377
101264_B,LR008226_B,CHAMBERS,KIM,JAYA,1947-06-15,1947,79,F,W,NL,UNA,NC,SCOTLAND,3967 BROWN RD,LAURINBURG,28352,,01/25/1990,A,V0004690
100951_B,GZ006757_B,SANDERS,RRBIN,KAREN,1980-02-27,1980,46,F,W,NL,REP,NC,WAKE,2061 COLONY RD,CARY,27513,5706828748,04/01/2022,A,V0007269
105706_B,FX006590_B,BURRELL,MICHAEL,ALBERT,2000-02-06,2000,26,M,W,NL,LIB,OH,MECKLENBURG,338 MILL CREEK RD,CHARLOTTE,28269,,10/05/2019,R,V0003711
101392_B,YD004546_B,O'NEAL,NORMA,,1974-03-10,1974,52,F,B,NL,DEM,NY,BEAUFORT,2478 NC 55 HWY W,WASHINGTON,27889,,01/27/2022,A,V0003526
100487_B,LX000352_B,HALL,CALVIN,JOHN,1965-04-02,1965,61,M,W,HL,REP,NC,CARTERET,4554 CANDLEWOOD DR,MOREHEAD CITY,28557,,07/26/2026,R,V0006079
109690_B,FE009620_B,LOCKLEAR,ROBERT,WILLIJM,1967-08-11,1967,59,U,B,NL,DEM,NC,MECKLENBURG,488 ROCKFISH RD,HUNTERSVILLE,28078,9103374947,09/10/2024,A,V0005045
102126_B,DD003491_B,BARNETTE,KENT,ROBERT,1989-06-15,1989,37,U,B,NL,DEM,,RUTHERFORD,1535 PEARL ST,RUTHERFORDTON,28139,8288648982,08/18/2007,I,V0001453
107895_B,CZ001019_B,HEADEN,CAROL,JOHN,,1962,64,U,B,NL,DEM,IN,PITT,54 BETHEL RD,GREENVILLE,,3366994911,04/22/2023,A,V0006489
109983_B,NR009626_B,CALDERON,CHRISTY,KATHERINE,2008-12-07,2008,18,F,W,NL,UNA,IA,WAKE,3231 QUAIL DR UNIT 20,CARY,27519,9704277137,10/25/2026,A,V0006490
107820_B,GH004395_B,FITZGERALD,MARVIN,,1983-07-17,1983,43,U,W,NL,REP,,ROWAN,253 PINE ST,ROCKWELL,28138,,01/08/2018,A,V0006839
109475_B,KA006455_B,SHIELDS,RACHEL,JAMES,1977-04-24,1977,49,U,W,NL,REP,OC,DAVIE,191 CEDAR ST,MOCKSVILLE,,9197145559,03/18/2025,A,V0005890
102370_B,ST003190_B,JONES,BENJAMIN,JAMES,1967-07-11,1967,59,M,W,NL,UNA,,WAKE,110 GEORGIA AVE,RALEIGH,27603,,01/23/2016,A,V0000396
104292_B,KJ008332_B,CALHOUN,MARILYN,AMELIA,1978-05-04,1978,48,F,U,NL,UNA,OH,IREDELL,27110 PIND ST,MOORESVILLE,28115,,05/06/2019,I,V0006276
101950_B,TN003738_B,POOLE,TIMOTHY,BRANDON,1947-07-17,1947,79,M,B,UN,UNA,TX,WAKE,630 PARK DR,RALEIGH,27603,,01/26/2015,A,V0003245
103144_B,AJ000988_B,LEE,CHRISTOPHER,,1996-02-02,1996,30,M,U,NL,UNA,NC,CUMBERLAND,255 LOOP RD,HOPE MILLS,28346,,03/27/2014,A,V0008131
106973_B,YR004146_B,NEAL,MICHAEY,,1950-06-28,1950,76,M,B,UN,DEM,KY,CLEVELAND,34 FOREST DR,SHELBY,28159,9106322856,03/07/2020,A,V0003508
100884_B,PT004058_B,ANDERSON,DONNA,,2002-11-05,2002,24,F,W,NL,UNA,NC,ROBESON,70042 MARKET ST,LUMBERTON,28358,,10/15/2020,A,V0006062
104032_B,WK000276_B,WALLACE,GREGORY,,1951-09-09,1951,75,M,W,UN,DEM,MI,ROBESON,276 MARYLAND AVE,LUMBERTON,,4436464604,05/27/2020,D,V0007976
100171_B,TP007827_B,SCOTT,JAMES,,1989-04-01,1989,37,M,W,UN,UNA,GA,HARNETT,2079 TOWER RD,FUQUAY VARINA,27526,2529416687,08/18/2020,A,V0004849
109170_B,HG009029_B,MYERS,CELESTE,JULIE,,1965,61,F,W,UN,UNA,OC,GUILFORD,4911 N MAIN ST,GREENSBORO,27405,7043439836,01/26/1997,R,V0009213
109932_B,EY007233_B,BOYD,LATOYA,,1960-08-26,1960,66,F,W,UN,UNA,NY,NASH,4108 ROGERS RD,SPRING HOPE,27882,,03/01/2006,A,V0003965
104464_B,AS006144_B,DEAN,MARK,,1994-03-06,1994,32,M,W,NL,UNA,NC,WILSON,4206 OAKDALE RD UNIT 5,ELM CITY,27821,,07/28/2025,R,V0005796
106556_B,GW005669_B,RQSA,RAVEN,RITA,1980-02-19,1980,46,F,W,NL,REP,NC,ONSLOW,3980 COUNTRY CLUB RD,JACKSONVILLE,28540,9199466660,07/06/2013,I,V0005055
108738_B,GM000333_B,ZRADY,THERESA,CLARISSA,1965-09-24,1965,61,F,U,UN,UNA,PA,CHOWAN,780 WHITE PINE DR,EDENTON,27932,,09/26/2021,I,V0008320
107885_B,PA003340_B,CLEVELAND,HALEY,SUMMER,1985-09-05,1985,41,F,U,NL,REP,NC,NEW HANOVER,5226 CEDARWOOD DR,WILMINGTON,28412,6516340700,02/19/2023,A,V0007823
101542_B,FV005953_B,EVANS,STEPHEN,CORBY,1978-09-03,1978,48,M,U,UN,REP,IL,CUMBERLAND,1017 BOSTIC DR,FAYETTEVILLE,28306,9107293966,04/25/2000,A,V0004819
103634_B,EM002285_B,LINK,AUDRA,WILLA,2006-11-11,2006,20,F,W,UN,DEM,NC,ALAMANCE,195 COLLEGE ST,BURLINGTON,27215,7045375498,12/27/2024,A,V0000321
108844_B,YM009098_B,KELLY,ALLISON,BZIANNA,1975-12-03,1975,51,F,W,NL,DEM,MA,HENDERSON,9058 UNIVERSITY DR,ETOW.,28729,2522703962,01/28/2026,A,V0003683
104165_B,WE004875_B,GASKINS,ANDREA,,1988-05-14,1988,38,U,W,NL,REP,NC,CABARRUS,848 COLONY RD,CONCORD,28027,,06/03/2014,A,V0008497
104212_B,SY009715_B,ROBBINS,ADRIAN,,1987-01-17,1987,39,M,W,NL,UNA,NC,UNION,796 TAYLOR RD,INDIAN TRAIL,28079,,05/08/2019,R,V0002611
100722_B,HB005567_B,WATKINS,GINA,NANCY,1984-05-09,1984,42,F,W,NL,REP,NY,DAVIDSON,156 MAVLE AVE,LEXINGTON,27292,3367266459,11/23/2025,A,V0008832
108566_B,NR006559_B,MCLAMB,MOLLY,,2000-08-26,2000,26,F,W,NL,UNA,NC,ONSLOW,8491 OAKDALE RD LOT 7,JACKSONVILLE,28548,,05/23/2020,A,V0008343
108951_B,ET001216_B,LE,TIANA,,1970-10-28,1970,56,F,W,NL,REP,NC,ONSLOW,30 E 36TH ST,MAPLE HILL,28454,,02/06/2005,R,V0006174
107093_B,XW000896_B,HARRIS,PAULETTE,,2003-12-01,2003,23,F,W,NL,UNA,NC,FORSYTH,9395 PLANTATION UR,PFAFFTOWN,27040,2529258383,12/02/2021,A,V0002398
102204_B,DM000723_B,SERRANO,PATRICIA,JOCDAN,1990-09-09,1990,36,F,W,UN,UNA,NC,DURHAM,98 MARTIN ST,DURHAM,27707,9196490082,05/23/2016,A,V0004127
104152_B,PE002402_B,COOPER,BRIAN,JOHN,2001-06-19,2001,25,M,B,UN,UNA,NC,CHATHAM,6078 FOREST HILLS DR,CARY,27518,2523441001,09/20/2019,I,V0006692
106831_B,LY005574_B,NGUYEN,BRYANT,,2004-01-13,2004,22,M,W,NL,DEM,NC,ROCKINGHAM,101 CRESTWOOD DR,REIDSVILLE,27320,2062154399,04/01/2022,A,V0002720
103501_B,VA002380_B,HZLTON,KARL,DOUGLAS,1994-05-23,1994,32,M,B,NL,DEM,,HENDERSON,87716 ALAMANCE CHURCH RD,HEND.,28739,,07/09/2014,R,V0009414
108686_B,TL006121_B,COX,CINDY,,1961-12-15,1961,65,F,W,NL,REP,CA,WAKE,98341 E MAIB ST,CARY,27519,2527198042,11/25/2022,I,V0007682
103217_B,JV008623_B,MCCORMICK,PATRICIA,,1980-05-24,1980,46,F,B,UN,DEM,AZ,CUMBERLAND,157 UNIVERSITY DR LOT 36,FAYETTEVILLE,28314,,11/19/2020,A,V0003333
107307_B,GY005100_B,SANDERS,ALLISON,MIRANDA,1983-12-15,1983,43,F,W,NL,DEM,,DURHAM,,DURHAM,27707,,01/04/2020,R,V0006834
103641_B,ML007405_B,THOMPSON,REBEKAH,YARIANNE,1949-08-21,1949,77,F,O,NL,UNA,NC,JOHNSTON,,CLAYTON,27527,,05/12/2007,R,V0003043
102159_B,FM008462_B,JOHNSON,DOROTHY,CYNTHIA,1935-07-28,1935,91,U,B,NL,DEM,NY,WAKE,2391 SOUTH ST,RALEIGH,27613,,07/14/2023,A,V0000904
106561_B,BS003142_B,UNDERWOOD,TRACG,,1998-07-09,1998,28,M,B,UN,UNA,WA,FORSYTH,4099 DOGWOOD DR,WINSTON SALEM,27105,,09/20/2016,A,V0008361
108125_B,DB003832_B,CHAPPELL,MELODY,DOLORES,1981-12-03,1981,45,F,W,NL,UNA,,WAKE,3448 N CHURCH ST APT 22,RALEIGH,27604,,04/19/2026,I,V0001052
108898_B,WR005351_B,NICKS,KATHY,,1953-04-20,1953,73,F,O,NL,DEM,NC,CATAWBA,588 COUNTY LINE RD,HICKORY,28602,,06/18/2022,A,V0007582
105223_B,NM002656_B,SMITH,JGHN,WARREN,1988-07-09,1988,38,M,W,NL,UNA,NC,TRANSYLVANIA,319 JONES RD LOT 14,PENROSE,28766,,02/25/2018,A,V0000578
109028_B,FM007621_B,SNDERWOOD,MATTHEW,,2003-10-28,2003,23,M,W,NL,UNA,NC,MECKLENBURG,,CHARLOTTE,28216,,06/07/2022,A,V0000705
104324_B,VP005870_B,OATES,NORMAN,,1976-01-20,1976,50,M,W,NL,UNA,NC,WAKE,850 FREEDOM DR,RALEIGH,27616,9195590171,04/12/2024,R,V0006364
103543_B,ZA003854_B,HACKNEY,MATTHEW,FLOYD,1967-12-28,1967,59,M,W,NL,UNA,OH,YADKIN,4150 PEBBLESTONE DR,BOONVILLE,27011,,05/05/2013,A,V0005584
102863_B,FS002460_B,MOORE,EDWARD,NATHAN,1947-10-24,1947,79,M,W,NL,UNA,CT,MOORE,844 ELM ST,SOUTHERN PINES,28387,,04/22/1989,I,V0006419
104958_B,TL007456_B,WAZD,JENNIFER,,1954-09-14,1954,72,F,W,NL,UNA,MO,SURRY,9 HUNTING RIDGE RD,MOUNT AIRY,27030,,10/07/2024,A,V0001924
105040_B,WY009068_B,HUNT,NATALIE,,1974-10-28,1974,52,F,U,UN,UNA,,FORSYTH,1010 MURCHISON RD,WINSTON SALEM,27105,,10/15/2018,A,V0001684
108855_B,FD003892_B,ATKINS,SALLY,,1995-10-05,1995,31,F,B,NL,DEM,,LENOIR,1130 WESLEY DR,KINS.,28501,3369212252,05/09/2013,A,V0006723
104804_B,JM006143_B,BLANCHARD,ALFREDO,JAMES,1945-08-25,1945,81,M,U,NL,UNA,OH,WILKES,85 HAW BRANCH RD,HAYS,28635,,08/15/2023,A,V0009206
101934_B,HH001403_B,BRLICK,HOLLY,,1971-01-13,1971,55,F,W,NL,UNA,WA,MOORE,151 TURNPIKE RD,SOUTHERN PINES,28387,,04/21/1989,A,V0001115
101770_B,EA004054_B,CURTIS,BARBARA,,1961-11-15,1961,65,F,W,UN,UNA,,PITT,357 HEWITT STREET,GREENVILLE,27834,9192893079,09/08/1979,I,V0004495
104916_B,PT007197_B,JAMES,MICHELLE,,1983-07-21,1983,43,F,W,HL,REP,GA,UNION,4209 WALKER AVE,INDIAN TRAIL,28079,7066267428,07/17/2012,A,V0007710
104833_B,TY008257_B,TURNER,LISA,,1963-10-07,1963,63,F,U,NL,DEM,NC,MECKLENBURG,337 PLEASANT GROVE CHURCH RD,CHARLOTTE,28269,3478804461,01/28/2021,D,V0006743
106820_B,RC007946_B,POWERS,ROBERT,,1990-04-23,1990,36,M,W,UN,REP,NC,CLEVELAND,300 PESRL ST,SHELBY,28150,,08/14/2018,A,V0001555
104979_B,YD000987_B,TAYLOR,KENNETH,RANDOLPH,1977-07-13,1977,49,M,W,NL,UNA,NC,CHATHAM,9112 RALEIGH RD,GOLDSTON,27252,,02/08/2024,A,V0002039
103555_B,CJ000544_B,RUSSELL,DARIN,DYLAN,1971-08-01,1971,55,M,W,NL,UNA,NC,ONSLOW,258 COUNTRY CLUB ROAD,JACKSONVILLE,28546,,12/06/2023,A,V0006422
103808_B,KZ002521_B,PEREZ,JOSE,ALVIN,2000-06-03,2000,26,M,B,NL,UNA,WV,LEE,899 MULBERRY LN,SANFORD,27330,5408755266,06/02/2018,I,V0004484
102779_B,WE002543_B,BOYETTE,BRADLEY,XVAN,2000-03-10,2000,26,M,O,UN,DEM,SC,CARTERET,2616 HARRIS RD,HARKERS ISLAND,28531,7048250859,06/25/2022,A,V0005795
101374_B,CN002409_B,CHASE,GWENDOLYN,,1992-09-18,1992,34,F,W,NL,DEM,PA,JOHNSTON,1655 UNIVERSITY CITY BLVD,BENSON,27504,,09/24/2016,A,V0002844
105308_B,JE003231_B,DANIELS,KIM,,1971-07-15,1971,55,F,B,NL,UNA,MI,POLK,1990 CHARLOTTE ST,SALUDA,28773,,02/22/1989,A,V0002728
105846_B,WW000015_B,CLAPP,WHITNEY,LISA,1969-08-10,1969,57,F,B,NL,DEM,NC,DURHAM,372 OAKMONT DR,DURHAM,27707,3365717140,01/06/2013,A,V0002766
101370_B,VA000612_B,ROBERTS,KATHY,,2007-04-21,2007,19,F,W,NL,DEM,VA,MECKLENBURG,94 TUCKER RD,CHARLOTTE,28277,9107550606,05/20/2025,A,V0001293
109025_B,JK004412_B,LOVE,JENNIFER,,1992-04-21,1992,34,U,W,UN,UNA,NC,NEW HANOVER,287 W 5TH ST,WILMINGTON,,,12/03/2023,A,V0007543
103869_B,ZL009983_B,DAUGHTRY,NICOLE,,1970-10-18,1970,56,F,W,HL,REP,FL,WAKE,42084 INGLESIDE DR,CARY,27518,,08/15/1996,A,V0004681
102048_B,LR000289_B,WYATT,HERBERT,KENNETW,1935-09-08,1935,91,M,W,NL,UNA,NC,UNION,724 MURCHISON RD,WAXHAW,28173,,05/17/1977,A,V0001464
104354_B,RM007407_B,PERRY,MARY,,1956-12-23,1956,70,F,W,UN,UNA,NY,BUNCOMBE,114 TURNPIKE RD UNIT 32,CAND.,28715,,02/21/2014,A,V0005873
108082_B,CM006023_B,CRISP,PAMELA,,1983-08-17,1983,43,F,B,UN,DEM,,ORANGE,2810 OAKDALE RD,C. HILL,27517,3364915895,11/27/2004,A,V0004996
108172_B,EN008780_B,GARDNER,SETH,,1945-02-15,1945,81,M,U,NL,UNA,IL,MOORE,576 KELLY RD,SOUTHERN PINES,28387,3368048428,10/13/2004,A,V0000631
102910_B,XH000965_B,CLARY,LARRY,GABRIEL,1979-10-20,1979,47,M,W,UN,UNA,WV,BRUNSWICK,2052 HAMPTON RD,LELAND,28451,3369912973,04/05/2013,I,V0004453
100179_B,AJ004034_B,WHITFIYLD,ESMERALDA,,2002-03-23,2002,24,F,W,NL,UNA,VA,WAKE,378 MILLER RD,apex,27523,,12/06/2020,R,V0002245
101260_B,ZR004330_B,MOORE,LAWRENCE,WALTER,2002-12-13,2002,24,M,W,NL,DEM,PA,MECKLENBURG,74 COBBLESTONE DR,CHARLOTTE,28269,,09/13/2020,R,V0008504
100997_B,XK009823_B,ROBBINS,CAROLE,MEGAN,1992-06-16,1992,34,F,W,UN,REP,NC,WAKE,2468 LAKE SHORE DR,RALEIGH,27619,,11/21/2010,R,V0003863
108148_B,EP004114_B,RVANS,JEANETTE,,2001-10-28,2001,25,F,B,UN,DEM,NC,WAYNE,545 OAK ST,PIKEVILLE,27860,9197644282,10/19/2019,A,V0007231
103765_B,JT005016_B,CLIFTON,MICHELLE,ANGELA,1968-07-24,1968,58,F,B,NL,DEM,NC,PENDER,429 MEADOW LN,ROCKY POINT,28457,,05/17/1986,A,V0006404
101694_B,WD004767_B,BENNETT,VERONICA,LORRAINE,1969-11-20,1969,57,F,B,NL,DEM,VA,WAKE,6027 GOLF COURSE RD,HOLLY SPRINGS,27540,9843138825,03/07/2024,A,V0006512
109082_B,RZ004829_B,GOLD,SAMANTHA,ADA,1964-03-24,1964,62,F,W,UN,UNA,NY,MOORE,1639 E 10TH ST,PINEHURST,28374,,12/12/2020,R,V0000361
109904_B,JX003563_B,EDMONDSON,ZACHARY,MELISSA,1949-04-04,1949,77,U,U,NL,UNA,NC,RANDOLPH,30 S WILMINGTON ST,RAMSEUR,27316,,12/03/1988,A,V0000812
103345_B,LR003834_B,MARTIN,JOSEPH,DERRICK,1995-11-24,1995,31,M,W,NL,REP,OH,WAKE,152 BROOKSIDE DR,RALEIGH,27613,,09/19/2018,R,V0007724
105970_B,ZK007967_B,BRYANT,DIANNE,AMY,1970-08-02,1970,56,F,W,UN,REP,CA,BRUNSWICK,5 FAIRVIEW RD,LELAND,28451,,01/24/2021,R,V0006460
102838_B,BK009390_B,MCALLISTER,MICHAEL,JOSEPH,1950-02-16,1950,76,M,U,UN,DEM,NC,WILSON,3617 W PINE ST,WILS.,,,12/18/2008,A,V0009401
109792_B,JG008603_B,PHILLIPS,RODERICK,DALE,1951-01-03,1951,75,U,W,NL,UNA,NC,WAKE,72464 BARRINGTON DR,GARNER,27529,2524555303,02/03/1997,I,V0001129
105798_B,FH006052_B,HESTER,PAUL,TQAVIS,2006-09-25,2006,20,M,B,UN,DEM,NC,GUILFORD,3332 DARLINGTON AVE,JAMESTOWN,27282,7275477066,06/24/2026,I,V0000505
109590_B,JX009396_B,REGAN,CORNELIUS,,1992-08-11,1992,34,M,B,NL,DEM,OC,HALIFAX,863 W MOREHEAD ST,ROANOKE RAPIDS,27870,,09/06/2026,A,V0006166
108276_B,VX000001_B,MCDONALD,JOHN,,1964-07-14,1964,62,U,W,NL,REP,,HAYWOOD,3933 COLONY DR,CLYDE,28721,7048685000,09/01/2020,A,V0001035
101110_B,PV000906_B,WEBB,IAN,CHARLES,1959-01-12,1959,67,M,B,UN,DEM,NC,CATAWBA,23895 N CHURCH ST,HICK.,28601,9108964845,01/02/2026,A,V0006044
101975_B,JR009296_B,SUBTON,CHARLES,,1999-12-16,1999,27,M,W,NL,REP,OC,GRANVILLE,243 HILLSBOROUGH ST,OXFORD,27565,,12/28/2024,R,V0005351
105232_B,WE002478_B,JACKSON,DORIS,,1970-09-03,1970,56,F,W,UN,REP,VA,BUNCOMBE,10637 CRESCENT DR,ASHEVILLE,28806,,08/10/2001,A,V0008015
109240_B,MA008772_B,SPRINGER,CHERYL,PAULA,1986-09-05,1986,40,F,W,NL,REP,NC,HAYWOOD,995 FRONT STREET,WAYNESVILLE,28786,,09/23/2024,R,V0000139
102640_B,EM004827_B,SMITH,SCOTT,,1991-05-08,1991,35,U,W,UN,REP,NC,IREDELL,419 SLNSET DR,MOORESVILLE,28115,,09/02/2009,A,V0003874
108792_B,ZR000656_B,JACKSON,MICHAEL,ROBERT,1982-12-04,1982,44,M,W,NL,UNA,PA,COLUMBUS,1527 DOGWOOD DR,RIEGELWOOD,,,11/03/2007,A,V0001146
107325_B,XF001504_B,BROWN,JAMES,TIMOTHY,1983-07-11,1983,43,M,B,NL,DEM,NC,AVERY,237 ANN ST,NEWLAND,28657,,10/28/2025,A,V0003251
107326_B,LB007943_B,ARTIS,ROBERT,,1990-07-15,1990,36,M,W,UN,REP,NC,BUNCOMBE,458 TAMARACK DR,LEICESTER,28748,,03/13/2020,A,V0005982
106231_B,PG006304_B,JONES,DONNA,GLORIA,1949-02-05,1949,77,F,W,NL,REP,NC,POLK,171 CAMDEN RD APT 33,RUTHERFORDTON,28139,8285901483,02/21/2012,A,V0006072
109078_B,NW009348_B,WILLIAMS,OWEN,,2002-05-16,2002,24,M,W,NL,UNA,FL,GUILFORD,316 KENILWORTH AVE,GREE.,27407,9199637292,02/05/2020,A,V0004860
106929_B,SV000652_B,BENNETT,ERIC,MICHAEL,1998-06-26,1998,28,M,W,UN,REP,TX,BUNCOMBE,1389 GARRETT RD UNIT 7,SWANNANOA,28778,,05/05/2024,A,V0001122
108189_B,BX006281_B,SCOTT,CHERYL,SANDRA,1974-08-11,1974,52,F,W,NL,UNA,NC,NEW HANOVER,307 BAKER DR,WILM.,28411,,08/05/2021,A,V0009003
105734_B,AM006391_B,BROWN,NANCY,,1959-03-26,1959,67,F,B,NL,UNA,NC,HENDERSON,7951 MILLER RD,HENDERSONVILLE,28791,8282320953,07/18/2008,A,V0003609
105945_B,NG007162_B,SCOTT,MICHAEL,,1946-07-03,1946,80,M,U,NL,DEM,CA,UNION,1111 BUFFALO SHOALS RD,INDIAN TRAIL,28079,2134036993,04/01/1990,D,V0005698
106159_B,GD007920_B,LYNCH,MARTINA,,1999-11-11,1999,27,F,W,NL,REP,NC,WAKE,2690 S WILMINGTON ST,WAKE FOREST,27587,8622141981,03/20/2017,A,V0004088
102991_B,KB006057_B,HARRIS,JSHN,JEREMY,1970-11-28,1970,56,M,B,NL,UNA,NC,GRANVILLE,132 N PINE STREET,CREEDMOOR,27522,9108137768,04/20/2013,A,V0007603
109806_B,DP007871_B,DEAL,DONALD,THOMAS,1971-05-15,1971,55,M,U,NL,UNA,NC,MECKLENBURG,127 FARMINGTON DR,CHARLOTTE,28227,6507319011,02/25/2018,A,V0002274
106064_B,LB000573_B,MULL,ASHLEY,,1945-10-12,1945,81,F,U,NL,UNA,,IREDELL,2908 N MAIN ST,STATESVILLE,28626,,02/15/2019,A,V0001266
101272_B,SH006000_B,DIXON,ALISON,AARON,,1984,42,U,W,NL,UNA,NC,CUMBERLAND,358 WRIGHTSVILLE AVE,FAYETTEVILLE,28314,5703089209,01/15/2016,A,V0005392
102862_B,CR002358_B,MILLER,DAVID,,1991-08-17,1991,35,M,W,UN,DEM,NC,ONSLOW,,SNEADS FERRY,28460,9108688642,01/28/2020,A,V0002342
102331_B,LH007651_B,STRICKLAND,JULIE,SANDRA,1961-01-21,1961,65,F,U,UN,UNA,NC,WAKE,136 LINCOLN ST,WAKE FOREST,27587,,06/09/2020,I,V0007062
100359_B,MA001683_B,ALLEN,KAREN,,1997-02-11,1997,29,F,W,NL,UNA,NC,WAKE,456 CENTRAL DR,RALEIGH,27604,,04/14/2023,A,V0004605
105210_B,NV009325_B,BROOKS,TRACY,RODNEY,1942-03-13,1942,84,M,B,NL,DEM,CA,HARNETT,109 HUNTING RIDGE RD,LILLINGTON,27546,7044778616,06/28/2022,A,V0006906
100694_B,ST007235_B,SHAC,SARAH,,1973-11-19,1973,53,F,W,NL,REP,AL,ORANGE,,CHAPEL HILL,27514,,06/22/2018,A,V0002393
109879_B,JY006223_B,BROWN,MARY,JENNIFER,1952-11-07,1952,74,F,W,NL,REP,AZ,AVERY,119 SHADY LN,ELK PARK,28622,9108399040,12/15/2022,D,V0001308
109943_B,YC006945_B,WHITE,CARLA,MARY,1971-04-02,1971,55,F,W,NL,UNA,,CUMBERLAND,4711 WEST ST,FAYETTEVILLE,28314,3369329600,06/04/2017,A,V0004020
102014_B,CZ008655_B,FLOWERS,JAMES,,1985-04-06,1985,41,M,B,NL,DEM,NC,FORSYTH,,KERNERSVILLE,27284,,09/08/2003,A,V0008724
101753_B,AS007242_B,MADDEN,BRUCE,,1986-01-22,1986,40,M,W,NL,REP,IL,MECKLENBURG,20 W PINE ST,CHARLOTTE,28215,,07/11/2020,I,V0004346
109646_B,EW005946_B,ROBERTS,THOMAS,,1970-03-18,1970,56,M,W,NL,UNA,NC,DURHAM,,DURHAM,27719,,01/24/1990,A,V0008843
108224_B,EB001724_B,BYRD,COURTNEY,SHERYL,1972-03-12,1972,54,F,W,UN,REP,CA,WAKE,870 COOL SPRINGS RD,CARY,27519,,04/11/2024,A,V0001901
108679_B,EH007284_B,JOHNSON,BEVERLY,ALEXII,1953-04-01,1953,73,F,W,HL,LIB,NC,HENDERSON,143 SUMMIT AVE,HENDERSONVILLE,28792,4436378561,06/01/2005,R,V0008430
102996_B,LP000658_B,COOPER,DONALD,,1971-03-07,1971,55,M,W,NL,UNA,NC,FORSYTH,382 ROBINSON RD,WINSTON SALEM,27107,9199037416,02/13/2025,A,V0002732
103026_B,HR008995_B,THOMPSON,LAURIE,,1991-08-15,1991,35,U,W,NL,REP,IL,MOORE,6066 PARK ST,SOUTHERN PINES,28387,,02/03/2024,A,V0009260
106214_B,NB008718_B,KOONTZ,BELINDA,JAMIE,1986-12-28,1986,40,F,W,NL,UNA,NC,GUILFORD,58 CHESTNUT ST,GIBS.,27249,9733564654,05/10/2026,R,V0001487
103517_B,TR001978_B,GURGANUS,CATHERINE,DALE,1944-10-02,1944,82,F,W,NL,REP,IL,ALAMANCE,682 MAPLE STREET,MEBANE,27302,,08/02/2024,A,V0008313
107143_B,AC004983_B,GOOD,WILLIAM,,1962-02-07,1962,64,M,W,NL,UNA,NC,MOORE,228 CENTRAL DRIVE,ROBBINS,27325,8285423946,01/26/1994,R,V0007851
105844_B,AA002266_B,BASS,ASMLEY,STEPHANME,1997-05-14,1997,29,F,W,UN,UNA,MD,CUMBERLAND,2449 E PETTIGREW ST,FAYETTEVILLE,28311,,10/25/2015,A,V0001009
108675_B,BR009115_B,SMITH,AMANDA,,1957-02-01,1957,69,F,W,UN,DEM,NC,HERTFORD,469 PEACOCK RD APT 33,COFIELD,27922,7157217398,08/09/1975,A,V0005950
103704_B,CH002485_B,GODDARD,CAROLYD,DEBORA,1954-06-22,1954,72,F,W,NL,UNA,NC,MECKLENBURG,127 SUNSET UR,CHARLOTTE,28277,,09/03/2023,A,V0001395
105726_B,RD008150_B,DUNBAR,DOROTHY,,1973-04-08,1973,53,F,W,UN,REP,MI,WAKE,360 MOORESVILLE RD APT 11,RALEIGH,27616,,01/16/2021,A,V0006038
105291_B,ZA007351_B,MCSWAIN,MARK,JOHC,1967-12-07,1967,59,M,B,NL,DEM,IL,HALIFAX,109 COOL SPRINGS RD,ROANOKE RAPIDS,27877,2527269143,09/18/2024,D,V0005544
108087_B,WB002950_B,JENKINS,STEVEN,ANDREW,1964-05-22,1964,62,M,B,HL,DEM,NC,MECKLENBURG,853 PARK AVE,CORNELIUS,28031,,06/07/1982,A,V0007362
104005_B,LY001033_B,BELLAMY,IDA,,1947-04-28,1947,79,F,B,NL,DEM,NC,WAKE,320 ELM ST,RALEIGH,27603,,06/02/2024,A,V0001663
107625_B,KZ008471_B,PARKS,JOANNE,,,2004,22,F,W,NL,DEM,NC,IREDELL,1524 S MAIN ST,TROUTMAN,28166,,03/01/2024,A,V0001144
103608_B,DD001404_B,BLANCHARD,KEVIN,,1960-12-23,1960,66,M,W,NL,UNA,MI,DURHAM,,DURHAM,27703,2522251776,01/02/2008,A,V0001849
105248_B,MX008706_B,LANE,JAMES,WILLIAM,1981-03-05,1981,45,M,A,NL,UNA,NC,JOHNSTON,155 SUNSET DR,CLAYTON,27523,,01/15/2001,R,V0000828
108144_B,LK009326_B,CLARKE,MITCHELL,KRISTOPHER,1977-06-19,1977,49,M,W,HL,REP,AZ,WAKE,154 SUNSET DR,CARY,27517,,09/17/2025,A,V0001752
104567_B,YS007220_B,MCFADDEN,DIANE,,1944-05-07,1944,82,F,W,UN,UNA,NC,JOHNSTON,4492 MARTIN ST,CLAYTON,27520,,06/17/2004,A,V0004070
104418_B,JA003676_B,BLANCHARD,PHILLIP,,1981-12-27,1981,45,M,B,UN,DEM,FL,HOKE,457 MARKET ST APT 29,RAEFORD,28377,,11/17/2012,A,V0009257
107191_B,VK005055_B,MACDONALD,CHRIS,,2006-12-16,2006,20,M,B,NL,DEM,WA,GUILFORD,2943 FARRINGTON RD,BROWNS SUMMIT,27214,,11/16/2024,A,V0001468
104886_B,HL009363_B,BURCHETTE,BRITTSNY,,2001-06-09,2001,25,F,O,NL,UNA,NC,DAVIE,17 JOHNSON ST,ADVANCE,27006,,07/19/2020,A,V0009322
104889_B,NE009271_B,SHELL,ERNEST,,1987-01-19,1987,39,M,W,NL,REP,MA,NEW HANOVER,3751 E HAGGARD AVE,WILMINGTON,28412,,06/01/2023,R,V0003074
100410_B,MY003565_B,WINSLOW,ANTHONY,,1971-07-07,1971,55,M,A,NL,UNA,NC,CLEVELAND,993 BETHEL CHURCH RD,KINGS MOUNTAIN,28086,,04/13/1999,I,V0005856
108742_B,SZ009847_B,LINDSEY,MONICA,REBECCA,1954-07-24,1954,72,F,W,NL,UNA,NC,WAKE,1470 CIRCLE DR,RALEIGH,27604,,05/15/1973,A,V0006925
106480_B,HB007148_B,ROGERS,TARA,,2008-03-20,2008,18,F,B,UN,UNA,MI,BUNCOMBE,302 CLARK AVE,FAIRVIEW,28730,,02/02/2026,A,V0001051
109026_B,BZ008740_B,MAHER,KIMBERLY,,1944-09-24,1944,82,U,W,UN,UNA,GA,PITT,458 VANCE ST,GREENVILLE,27830,,12/16/2024,A,V0006807
104472_B,HJ002145_B,MASSEY,JARED,RALPH,1986-01-14,1986,40,M,U,UN,UNA,TX,ROBESON,7637 W FOURTH ST,ORRUM,28369,8283145471,01/20/2021,A,V0002536
102140_B,JM001273_B,HARRIS,JARED,,1989-03-05,1989,37,M,U,NL,REP,NC,HARNETT,9505 OXFORD RD,DUNN,28334,,03/17/2022,A,V0007313
101725_B,JD009459_B,LARSON,WANDA,CASEY,1991-02-24,1991,35,F,W,NL,DEM,NC,MECKLENBURG,,CORNELIUS,28031,2525192538,10/10/2013,R,V0001667
100005_B,GT000866_B,MEYER,DEBRA,STEPHANIE,1946-11-17,1946,80,F,W,NL,UNA,OC,MECKLENBURG,71 WALTON DRIVE,CHARLOTTE,28277,,12/24/2026,I,V0006855
107745_B,JJ009118_B,PATRICK,HANBAH,ETHEL,1941-10-11,1941,85,F,W,NL,REP,NC,WAKE,462 SALEM CHURCH RD,WILLOW SPRING,27592,2524640990,03/11/2009,A,V0001000
106230_B,MG000098_B,SLATER,KIM,WHITNEY,2005-09-22,2005,21,F,W,NL,UNA,VA,BURKE,1068 W SECOND ST,VALDESE,28690,,05/23/2023,A,V0000175
103623_B,PY004095_B,YARBROUGH,FREDERICK,EDWIN,1938-05-08,1938,88,M,W,NL,REP,NC,CUMBERLAND,8151 W FRIENDLY AVE,FAYE.,28314,,09/10/2025,A,V0001892
101812_B,ZW000664_B,KELLER,TERESA,,1943-07-08,1943,83,F,W,HL,DEM,IL,EDGECOMBE,5657 LAWNDALE DR,PINETOPS,27864,2524039042,09/17/2015,I,V0006958
105886_B,BK001476_B,CONNER,ELIZABETH,,1999-09-21,1999,27,F,W,NL,UNA,NC,FORSYTH,6304 GARRETT RD,WINSTON SALEM,27104,,11/11/2017,A,V0005825
103349_B,MW000771_B,TERRY,SIERRA,MICHELE,1993-01-21,1993,33,F,W,NL,REP,CO,CABARRUS,777 BIRCHWOOD DR,CONCORD,28027,3365253359,06/23/2026,A,V0007778
102615_B,ZT007353_B,DOOLEY,RICKIE,JAMIE,1980-05-06,1980,46,U,W,NL,UNA,NC,MECKLENBURG,595 LOOP RD,CHARLOTTE,28227,,10/19/2024,A,V0009480
106786_B,XM001261_B,STANFIELD,CLAY,,1999-09-22,1999,27,U,W,NL,UNA,NC,ORANGE,254 OAK DR,CHAPEL HILL,27517,9194277325,03/25/2017,I,V0000296
102962_B,AA000161_B,MOSLEY,LONNIE,,1973-12-13,1973,53,M,W,NL,UNA,NC,BUNCOMBE,1478 JAMES ST,ASHEVILLE,28803,,05/26/2025,A,V0006543
109739_B,XW007600_B,MYRICK,CARLY,,1955-12-16,1955,71,F,B,NL,DEM,WI,WAKE,8365 WILDWOOD DRIVE,CARY,27513,,03/09/2025,A,V0008626
103218_B,KY008066_B,CONNELL,LAURA,,1979-05-24,1979,47,F,W,UN,REP,,CATAWBA,2819 FINCOLN ST,HICKORY,28601,,12/27/2016,A,V0000977
104182_B,CM002978_B,HAMPTON,ROBERT,,1991-07-17,1991,35,M,B,NL,UNA,GA,HARNETT,308 US HWD 70 W,BROA.,27502,,03/19/2024,I,V0003955
103658_B,JY008260_B,COWAN,STEVEN,,1999-04-09,1999,27,M,W,UN,DEM,NC,DAVIE,302 W FRIENDLY AVE,MOCKSVILLE,27028,7572288806,01/13/2026,A,V0003126
106710_B,BH000059_B,JEFFRIES,KELLY,IDA,1990-02-15,1990,36,F,B,HL,UNA,NC,MECKLENBURG,5591 MILL POND RD,CHARLOTTE,28215,7043544794,01/09/2008,A,V0000763
100295_B,PV009139_B,JACOBS,PAUL,CLARA,2000-09-25,2000,26,U,W,NL,UNA,NC,CUMBERLAND,30334 BROOKSIDE DR,FAYE.,28314,,10/11/2024,A,V0000462
103382_B,NS006048_B,ROBERTS,MARY,,1986-08-01,1986,40,F,U,HL,REP,NC,MECKLENBURG,669 AIRPORT RD,CHARLOTTE,28205,,07/10/2013,A,V0005514
109323_B,PN002101_B,BURNS,TONY,MARTIN,1985-02-17,1985,41,M,W,UN,REP,NC,GUILFORD,4888 VALLEY DR,GREENSBORO,27407,,06/14/2012,R,V0001753
101286_B,RY006558_B,WALLACE,CAROYYN,,1973-01-11,1973,53,F,W,NL,UNA,,CATAWBA,1761 LONGLEAF DR,CLAREMONT,28610,,03/15/2005,A,V0003577
107231_B,GE003612_B,TONES,THEODORE,MICHAEL,1953-10-02,1953,73,M,O,NL,DEM,NC,FRANKLIN,967 ROCKFISH RD,YOUNGSVILLE,27596,,11/26/2024,A,V0005069
104510_B,PA000072_B,TAYLOR,JON,JOHN,1946-01-06,1946,80,M,B,NL,UNA,,MECKLENBURG,1008 WALKER RD,CHARLOTTE,,2528153155,03/08/2008,A,V0000911
106450_B,CH004427_B,BLAIR,CHRISTINE,,1990-11-22,1990,36,F,W,UN,REP,NC,WAKE,758 BEATTIES FORD RD,WAKE FOREST,27587,,09/21/2010,A,V0004997
100574_B,HC009705_B,MCDONALD,MICHAEL,,1939-07-09,1939,87,M,W,NL,UNA,SC,WILKES,3866 MOUNTAIN VIEW RD,MORAVIAN FALLS,28654,,03/27/1972,R,V0002000
109193_B,PR006972_B,SMITH,FORREST,,1999-05-20,1999,27,M,W,NL,REP,NC,DURHAM,,DURHAM,27701,,02/28/2018,A,V0006992
104696_B,EB007782_B,WRIGHT,NICOLC,,1936-08-25,1936,90,F,W,UN,UNA,NC,GUILFORD,1460 MAIN ST,GIBSONVILLE,27249,,07/24/2018,A,V0007134
104753_B,EE000863_B,POOLE,LANCE,MATTHEW,1950-04-23,1950,76,M,U,UN,UNA,NC,NEW HANOVER,375 AIRPORT RD,WILMINGTON,28409,,03/02/2025,A,V0002754
104984_B,EE006087_B,MCKINNEY,RICKY,,1956-08-21,1956,70,M,B,NL,UNA,,MECKLENBURG,987 FAIRVIEW ST,CORNELIUS,,7575394791,10/16/2019,A,V0006394
104565_B,NF007244_B,CANNON,ALLISON,JULIE,1953-03-10,1953,73,F,W,UN,REP,LA,WAKE,317 INDIAN TRL,RALE.,27615,8282447513,06/19/2017,A,V0001836
104410_B,JN006453_B,HOPPER,MOLLY,,1988-01-09,1988,38,M,W,NL,REP,CO,HARNETT,360 RIVER RD,DUNN,28334,3158161395,07/15/2006,A,V0001515
108630_B,AC006426_B,DUVALL,JACG,,1997-11-11,1997,29,M,O,HL,UNA,NY,CABARRUS,57558 BROOKWOOD DR,MOUNT PLEASANT,28124,2523378920,09/11/2020,A,V0009117
102211_B,FV000480_B,MCNAIR,ROBERT,ROBERT,1964-09-21,1964,62,M,U,UN,UNA,,CRAVEN,3820 SOUTH BLVD,NEW BERN,28560,,01/01/1988,A,V0000981
103406_B,AM004889_B,TEDDER,ANNA,DARLA,1975-08-17,1975,51,F,W,NL,UNA,CA,WAKE,1829 NORTHWOOD DR,RALEIGH,27604,,01/23/1995,A,V0001239
102383_B,AL009645_B,ELDRIDGE,HELEN,,1949-12-16,1949,77,F,W,UN,REP,,MECKLENBURG,5946 S MNIN ST,CHARLOTTE,28266,,08/21/2008,A,V0001245
103511_B,ZC006514_B,HERRING,ADAM,,1966-04-28,1966,60,M,W,NL,UNA,NC,MECKLENBURG,2509 CHAPEL DR,HUNTERSVILLE,28078,7173192218,01/02/2024,A,V0000039
100902_B,ZV000870_B,WHEELER,STANLEY,PAUL,1991-03-23,1991,35,M,W,NL,REP,NC,PENDER,23 WRIGHT RD,WILMINGTON,28409,9109450934,09/22/2009,I,V0002790
102599_B,XT002871_B,WHITE,LOIS,,1999-04-11,1999,27,F,W,NL,UNA,NC,CALDWELL,388 BURLINGTON RD,LENOIR,28643,7173686545,06/20/2026,A,V0003019
104859_B,XC001421_B,CHANDLER,ASHLEY,IRENE,1964-12-19,1964,62,F,W,NL,REP,,DURHAM,247 SAINT ANDREWS DR,DURH.,27713,,05/03/2018,A,V0004839
102939_B,LG009911_B,BALDWIN,CHARLES,JOHNNY,1979-10-07,1979,47,M,W,HL,DEM,GA,GRANVILLE,,OXFORD,27565,5856071370,05/14/2020,R,V0008221
104837_B,SY005083_B,ANTHONY,AMANDA,JEAN,1960-10-24,1960,66,F,W,UN,DEM,NC,MECKLENBURG,1936 LAKEVIEW DR,DAVIDSON,28036,,08/19/2026,A,V0005488
108093_B,XK003458_B,SIMMONS,JUDY,BETH,1975-06-21,1975,51,F,W,UN,UNA,NC,BUNCOMBE,3860 JOHNSON RD,ASHEVILLE,28803,,02/09/2016,R,V0001235
105717_B,DN003350_B,MASON,CHRISTIAN,WILLIAM,1955-03-10,1955,71,M,W,NL,UNA,,WAKE,483 ELM ST,RALEIGH,27603,6094417870,08/03/1992,A,V0002646
100716_B,JL003289_B,BARR,CLAAA,,1966-02-08,1966,60,F,B,UN,DEM,OC,CUMBERLAND,1142 SADDLEBROOK DR,FAYETTEVILLE,28314,,10/08/1984,A,V0000535
109501_B,SA002771_B,CRANE,VICTORIA,NATASHA,1958-02-14,1958,68,F,W,UN,REP,VA,NEW HANOVER,134 N ELM ST,WILMINGTON,28412,,04/21/1997,A,V0005176
101103_B,XX001025_B,MORRISON,EMILY,PAULINE,2000-11-07,2000,26,F,W,UN,UNA,FL,CABARRUS,167 RIVER RD LOT 17,CONCORD,28021,9109735612,01/26/2018,A,V0007729
101038_B,DN000568_B,CAGLE,RUSSELL,,1976-01-19,1976,50,M,W,NL,REP,KY,HARNETT,64 WILSON ST,SANFORD,27332,,02/27/1994,A,V0005773
106597_B,ND004663_B,DAVIS,JUSGIN,JAMES,1996-11-17,1996,30,M,B,NL,UNA,NC,WAKE,303 ERWIN RD,WEND.,27596,,11/25/2014,A,V0003222
104155_B,SV002280_B,WEST,CHRISTINE,BARBARA,2002-10-11,2002,24,F,B,NL,DEM,NC,MECKLENBURG,2012 WESTMINSTER DR,CHARLOTTE,28277,,07/02/2020,D,V0008861
100099_B,EW007821_B,GRAHAM,TONYA,ALLISON,1966-09-17,1966,60,F,W,NL,UNA,NC,HOKE,255 ELM ST,RAEFORD,28376,,10/17/1984,A,V0004166
108304_B,TS008877_B,BECK,KELLY,,1949-12-12,1949,77,F,W,NL,UNA,MN,NEW HANOVER,2127 HEARTHSIDE DR,WILMINGTON,28412,9197642054,10/07/2006,A,V0008883
107095_B,LH006209_B,PATTERSON,SHAUNA,SARAH,1963-04-25,1963,63,F,W,UN,UNA,AK,MECKLENBURG,148 BAILEY RD UNIT 10,CHAR.,28269,2525841876,09/07/2014,A,V0008347
109210_B,AV001194_B,GORDON,LAURA,,1959-02-17,1959,67,F,W,NL,DEM,NC,MECKLENBURG,,CHARLOTTE,28277,,10/21/2024,A,V0003646
106088_B,LG000261_B,BLACK,DAVID,JASON,1983-10-24,1983,43,M,W,NL,REP,TX,UNION,585 COUNTRY CLUB DR APT 6,MONROE,28110,2527108728,12/06/2024,A,V0004666
107875_B,CR007832_B,TINSLEY,ANIIE,,1989-05-03,1989,37,F,W,UN,UNA,NC,JOHNSTON,2052 SHERWOOD DR,CLAYTON,27527,,03/02/2016,A,V0008852
101937_B,TS005139_B,RADFORD,JEBMAINE,JAMES,1968-01-20,1968,58,M,B,NL,UNA,,DURHAM,656 ARBORETUM DR,DURHAM,27705,,05/24/2019,A,V0001148
102213_B,RM009925_B,KING,WILLIAM,,1977-06-04,1977,49,M,O,UN,UNA,NC,WAKE,1816 EUM ST,CARY,27519,,01/20/2025,A,V0006898
103684_B,MD005022_B,WASHINGTON,KENDRA,JORDAN,2003-02-12,2003,23,F,U,UN,UNA,NC,SAMPSON,253 WOODS RD,CLINTON,28328,9104385182,01/21/2021,R,V0005284
105561_B,SC005863_B,HARRISON,TIMOTHY,JOE,1953-05-07,1953,73,M,W,NL,DEM,NC,ROBESON,467 YANCEYVILLE ST,LUMBERTON,28358,9104906833,07/25/2008,I,V0000947
104066_B,KT009533_B,MAYS,DOROTHY,TAYEOR,1949-07-20,1949,77,F,B,NL,DEM,,BUNCOMBE,2250 OAKUALE DR,ASHEVILLE,28802,,10/08/1992,I,V0008929
102274_B,SD004906_B,HARRISON,CAROLYN,ALEXANDRIA,1995-08-21,1995,31,F,W,UN,UNA,MA,MECKLENBURG,725 FAIRWAY DR,CHARLOTTE,28277,,04/08/2020,R,V0009128
103199_B,BY009631_B,WILLIAMS,ZANE,JAY,1979-03-24,1979,47,M,W,NL,DEM,NC,WAKE,1094 CRESCENT DR,RALEIGH,27604,,04/07/2017,I,V0001081
108530_B,MN009940_B,BROOKS,LORC,,1965-11-11,1965,61,U,W,NL,UNA,,CATAWBA,966 CHAAEL DR,HICKORY,28601,,02/26/2018,A,V0002628
101224_B,AH000163_B,ENGLANZ,SHEILA,,1969-05-09,1969,57,F,W,NL,REP,NC,BUNCOMBE,9895 BEATTIES FORD RD,WEAVERVILLE,28787,,05/18/2019,R,V0008757
103947_B,JA006712_B,OAKLEY,ANGELA,SAMANTHA,2001-02-19,2001,25,F,B,NL,UNA,NC,GASTON,332 OAK DR,STAN.,28164,,09/19/2023,A,V0007291
102505_B,XV003262_B,LESLIE,KATIE,,1952-12-17,1952,74,U,W,NL,UNA,NC,WAKE,238 GREENWOOD DR,WAKE FOREST,27587,8288298070,12/17/2017,A,V0008309
105774_B,PL003911_B,HOWARD,MICHALL,DEREK,1977-11-05,1977,49,M,W,NL,UNA,NC,MACON,350 GEORGIA AVE,FRANKLIN,28734,,07/26/2022,R,V0006965
103269_B,SZ005971_B,ANDERSON,DONALD,FRANKLIN,1983-09-22,1983,43,M,W,NL,DEM,IA,FRANKLIN,819 RIVER RD APT 7,YOUNGSVILLE,27596,,10/07/2001,A,V0007889
100498_B,DH004266_B,CATES,CHRISTINA,ALYSON,2002-06-26,2002,24,F,W,UN,REP,FL,ONSLOW,,MIDWAY PARK,28544,,09/11/2020,A,V0005651
109965_B,LW008632_B,MEDLEY,PEGGY,LINDA,1970-04-06,1970,56,F,B,NL,UNA,OC,ROCKINGHAM,475 COLONY DR,EDEN,27288,5178352883,05/20/2004,A,V0007985
105601_B,AY006910_B,HOLLIS,KATIE,WHITNEY,1986-10-19,1986,40,F,W,NL,UNA,FL,MECKLENBURG,3834 SPRING DR,MATTHEWS,28104,9197256410,11/15/2004,I,V0008392
102036_B,BR000609_B,BEATTY,CATHERCNE,ANGELIQUE,1995-03-04,1995,31,F,W,UN,DEM,,MECKLENBURG,2755 WHITE OAK DR,CHARLOTTE,28227,,05/18/2020,A,V0006215
107919_B,MT003426_B,DAVIS,ADRIENNE,CAROLINE,,1996,30,F,U,NL,UNA,NC,GRANVILLE,300 BEATTIES FORD RD,OXFORD,27565,,05/18/2024,A,V0005636
107537_B,NA009948_B,HAMPTON,CHARLES,NATHAN,2004-07-14,2004,22,M,W,NL,REP,NC,GASTON,447 RACINE DR,GASTONIA,28052,,06/22/2022,R,V0005455
100091_B,DJ006710_B,STEPHENS,RICHARD,AARON,1980-08-02,1980,46,M,B,NL,UNA,TX,BRUNSWICK,18 DAVIS ST,LELAND,28451,,02/05/2016,R,V0008553
109844_B,FD003525_B,SMITH,WILLIAM,,2003-07-28,2003,23,M,W,NL,UNA,OH,WAKE,350 RIVER RD,RALEIGH,27604,,04/20/2021,I,V0007373
103695_B,FP008990_B,MAYES,HALEY,MARIA,1956-03-09,1956,70,F,B,NL,DEM,NC,ORANGE,7000 ORANGE ST,ROUGEMONT,27572,,12/16/1994,A,V0008021
106048_B,AP003419_B,WOODWARD,JUDITH,,1949-11-02,1949,77,F,W,NL,DEM,MD,PENDER,787 BROOKWOOD DR,BURGAW,28425,,02/09/2012,A,V0008538
104698_B,TP003778_B,MINTZ,PAUL,HARRY,2006-07-21,2006,20,F,B,UN,DEM,NC,DURHAM,436 SCOTT RD APT 2,DURHAM,27713,,01/07/2024,A,V0000677
106549_B,SE006628_B,HAYES,DAVID,,2004-02-05,2004,22,M,W,UN,UNA,VA,NEW HANOVER,200 ROBINWOOD RD,WILMINGTON,28414,,09/18/2022,R,V0004367
106806_B,DW008676_B,HYATT,KAREN,,1958-09-24,1958,68,F,A,UN,UNA,NC,MECKLENBURG,2520 A ST,CHARLOTTE,28205,,07/19/2022,I,V0003704
100372_B,CM008482_B,SLATER,JEFFERY,JEAN,1980-12-05,1980,46,M,O,NL,UNA,NC,UNION,6 LONGLEAF DR,MONROE,28110,,12/06/2026,A,V0002801
103647_B,GX000081_B,WALLS,TERRY,,1938-07-27,1938,88,M,U,NL,UNA,NC,MOORE,423 BRIDFORD PKWY,CARTHAGE,28327,9107722545,11/26/1968,A,V0001448
105032_B,RS006162_B,DIXON,GOEG,,1956-05-12,1956,70,M,W,NL,DEM,NC,DAVIDSON,9623 MCCONNELL RD,LEXINGTON,27295,,01/11/2016,A,V0006749
106691_B,NY009008_B,SINGLETON,JACOB,,1945-04-23,1945,81,M,B,UN,DEM,NC,ALAMANCE,4683 TUCKER RD,BURLINGTON,27216,9107901729,01/10/2023,R,V0006785
108724_B,XJ009979_B,HODGE,LOGAN,,1989-12-25,1989,37,M,B,UN,DEM,NC,CATAWBA,322 ST ALBANS DR,CONO.,28613,2523567183,10/20/2007,A,V0007479
103551_B,SW005217_B,HARRIS,GRADY,PATRICK,1980-04-21,1980,46,M,W,NL,REP,NC,HARNETT,832 S CHURCH ST,FUQUAY VARINA,27526,,08/09/2016,A,V0000548
103158_B,PM005146_B,JONES,MICHAEL,,1950-10-06,1950,76,U,W,NL,UNA,CA,HENDERSON,4692 PARK DR,HEND.,28797,7048367344,07/05/1995,A,V0004527
109477_B,NT007172_B,LOCKHART,GAVIN,WILLIAM,1999-12-18,1999,27,M,W,NL,UNA,,CUMBERLAND,1364 HILLSBOROUGH ST,FAYE.,28314,,09/13/2017,A,V0002909
109088_B,XK005792_B,STOVER,JULIE,,1970-10-02,1970,56,F,B,NL,DEM,,HARNETT,3540 WEEKSVILLE RD,CAME.,,,03/14/2025,A,V0004549
100049_B,DE009117_B,MCCORMICK,PHILIP,,1980-06-16,1980,46,M,A,NL,UNA,NC,ALAMANCE,543 SMITH ST,HAW RIVER,27258,7243486342,11/23/2024,R,V0004136
103027_B,TN005749_B,WALKER,FRANCISCO,,1982-12-15,1982,44,M,B,UN,DEM,FL,GRANVILLE,361 BREVARD RD,CREEDMOOR,27522,,08/22/2025,A,V0003464
104999_B,MD004103_B,BURGESS,BOBBY,,1985-04-28,1985,41,M,B,UN,DEM,VA,WAKE,55 TAMARACY DR,FUQUAY VARINA,27526,,08/17/2018,A,V0003555
103920_B,MM002753_B,WHITE,JOSEPH,ROY,1978-06-04,1978,48,U,W,HL,UNA,NC,CUMBERLAND,7476 DOGWOOD LANE,FAYETTEVILLE,28314,8284236981,07/07/2020,R,V0008778
108753_B,CC005158_B,HIGGS,HELEN,CRYSTAL,1982-11-10,1982,44,F,W,NL,REP,VA,DURHAM,5888 ANDERSON RD,DURHAM,27701,,12/25/2020,D,V0002078
107089_B,DZ005409_B,NEWMAN,KEVIN,,1956-05-06,1956,70,M,W,UN,REP,PA,GUILFORD,658 ROCKFISH RD,GREENSBORO,27406,8285090756,10/20/2026,A,V0003810
103954_B,HS002198_B,PATEL,HAYLEY,,2005-06-01,2005,21,F,W,NL,REP,NC,MECKLENBURG,278 N COLLEGE ST,PINEVILLE,28134,9102544581,03/10/2023,A,V0003070
107621_B,BS009810_B,BOWMAN,LEAH,SONYA,1960-02-21,1960,66,F,W,UN,UNA,OH,GASTON,9951 S MAIN ST UNIT 2,STANLEY,28164,,11/12/2016,A,V0005122
103489_B,PA003772_B,MCGRAS,STEPHEN,,1934-07-25,1934,92,M,W,UN,REP,,HARNETT,487 ARBORETUM DR,SPRING LAKE,28390,,04/14/2024,A,V0001888
109416_B,RS007673_B,HAMILTON,HALEY,,1953-12-11,1953,73,F,W,UN,REP,FL,MOORE,77 TZWER RD,PINEHURST,28374,2524638974,06/28/2004,A,V0004335
101915_B,DM006274_B,MITCHELL,PAULINE,,1954-08-08,1954,72,F,B,NL,DEM,,PITT,1818 LONG SHOALS RD,WINTERVILLE,28590,9102696254,10/16/1984,A,V0008094
109055_B,GL009947_B,SMALL,JOSHUA,JASON,1917-10-20,1917,109,M,W,NL,UNA,NC,BUNCOMBE,8923 JEFFERSON ST,WEAVERVILLE,28788,,11/21/2024,I,V0003912
101239_B,HM006005_B,MURPHY,THERESA,,1984-04-11,1984,42,F,W,UN,UNA,VA,WAYNE,369 JOHNSON STREET,EUREKA,27830,8285169113,03/18/2019,R,V0006977
106387_B,VJ002095_B,RODGERS,EUGENE,JOHN,1977-09-01,1977,49,M,U,NL,UNA,NC,MECKLENBURG,4418 E 7TH ST,HUNTERSVILLE,28078,,08/19/2013,I,V0000628
102194_B,RA004580_B,STEWART,LINDSAY,KATHERINE,1964-06-12,1964,62,F,W,NL,UNA,NC,MECKLENBURG,251 STANTONSBURG RD,CHARLOTTE,28205,,03/25/2024,A,V0003335
105209_B,LW009648_B,WHITAKER,PHILIJ,HENRY,1950-03-18,1950,76,M,B,NL,DEM,NC,GUILFORD,,GREE.,27410,,07/12/2025,A,V0000101
101762_B,TA003910_B,BRPANT,STEPHEN,BOBBY,2003-01-24,2003,23,M,B,NL,UNA,MD,NEW HANOVER,642 PLANTATTON DR APT 7,WILMINGTON,28411,8434107167,06/06/2024,A,V0001930
108887_B,MP004458_B,SOLOMON,RUSSELL,JOHN,1967-07-18,1967,59,M,W,NL,UNA,NC,ROWAN,1404 CAROLANA AVE,CHINA GROVE,28023,,10/10/1997,R,V0001240
109586_B,FS005068_B,HERNVON,MARK,JORDAN,1965-08-20,1965,61,M,W,NL,UNA,SC,CATAWBA,6179 S MAIN ST UNIT 9,HICKORY,28602,,09/23/2019,R,V0000357
106381_B,DP007571_B,HARRIS,BETSY,,1939-06-26,1939,87,F,B,NL,UNA,TX,CUMBERLAND,2068 CARDINAL DR,FAYETTEVILLE,28303,9104907035,07/14/2017,A,V0000883
108832_B,JM009014_B,ALSTON,BETSY,JOANNE,1961-05-21,1961,65,F,W,NL,UNA,NC,JOHNSTON,3439 E CORNWALLIS RD,selma,27576,,02/20/2016,R,V0005154
103690_B,GZ007960_B,RIGGS,ROBERT,,1971-12-27,1971,55,M,W,NL,REP,SC,ALLEGHANY,535 FARRINGTON RD,PINEY CREEK,28663,,07/01/2026,A,V0008196
107371_B,ST008664_B,FURR,REGINA,DORIS,1988-07-15,1988,38,F,W,UN,REP,FL,MECKLENBURG,19356 WESTMINSTER DR,CHARLOTTE,28202,,11/08/2021,A,V0000148
109782_B,KE009776_B,VELAZQUEZ,LAUREN,,1974-03-08,1974,52,F,W,NL,UNA,FL,MECKLENBURG,7426 SUNSET DR,CHARLOTTE,28277,,09/25/1992,R,V0009168
104679_B,ZA005179_B,GRAHAM,DORIS,,1986-06-22,1986,40,F,B,NL,DEM,NC,WAKE,502 ANDERSON ST,CARY,27519,,11/05/2016,A,V0000887
101844_B,FK007777_B,FAIRCLOTH,JULIA,SONIA,1986-08-04,1986,40,F,B,NL,DEM,,NEW HANOVER,3986 CHURCH ST,WILMINGTON,28405,,06/23/2023,A,V0001835
109283_B,EA001600_B,MATHIS,RYAN,RICHARD,1935-07-20,1935,91,M,W,NL,UNA,,PERSON,4620 GREEN ST,TIMB.,27583,3368384412,07/07/1984,A,V0008107
100074_B,SC007391_B,BRADLEY,LARAH,,1941-10-13,1941,85,U,W,NL,UNA,NC,WAKE,,RALEIGH,27611,2525218985,04/22/2019,I,V0000385
106511_B,CF004192_B,ODOM,NANCY,JUDY,1971-03-23,1971,55,F,B,NL,DEM,FL,RANDOLPH,4027 BAILEY RD,TRINITY,,,02/27/1998,A,V0005764
108085_B,FN009027_B,FLOYD,JAMES,JEREMY,2002-02-21,2002,24,M,W,NL,UNA,NC,CABARRUS,1388 N TRYON ST,CONCORD,28027,,08/24/2020,A,V0005769
100051_B,JK004386_B,DOVE,JACOB,KRISTOPHER,1972-06-18,1972,54,M,W,UN,REP,NC,WAKE,492 BRIARCLIFF DR,RALEIGH,27610,8289742510,10/09/2024,I,V0000379
104735_B,EH000045_B,THOMPSON,TIMOTHY,,1988-01-06,1988,38,M,W,UN,UNA,,WAKE,554 BRIDFORD RKWY,KNIGHTDALE,27545,5409574743,04/02/2019,R,V0001482
106948_B,RV003617_B,SEARS,PATRICIA,JESSICA,1957-11-21,1957,69,F,B,UN,UNA,NJ,HENDERSON,3766 SHANNON RD,HENDERSONVILLE,28791,,11/25/2026,I,V0000122
105630_B,MP003503_B,MCCAIN,DOLORES,JENSICA,1988-11-04,1988,38,F,W,NL,UNA,NC,CATAWBA,,HICKORY,28601,,12/24/2023,A,V0006305
106655_B,EZ003141_B,ROBINSON,WILLIAM,FRANK,1991-03-25,1991,35,M,B,NL,DEM,NC,GUILFORD,860 TAYLOR RD,OAK RIDGE,27315,,02/03/2009,A,V0002563
108906_B,EY005180_B,MCINTYRE,JEANETTE,AUTUMN,1974-11-03,1974,52,U,W,NL,UNA,NC,MECKLENBURG,9912 CLEARWATER DR,CHARLOTTE,28205,9107098077,09/06/1994,A,V0002411
101520_B,YR007830_B,MAULDIN,CLARA,,2004-10-26,2004,22,F,W,NL,REP,FL,DURHAM,94 W ACADEMY ST,DURHAM,27707,9104163604,07/06/2024,R,V0004035
108407_B,PV002827_B,REED,AEBECCA,CHERYL,1993-05-07,1993,33,F,W,HL,DEM,NY,WAKE,176 N ANN STREET,APEX,27529,,11/04/2011,A,V0000199
100032_B,ZA008902_B,WOLFE,ROBERT,,1981-06-25,1981,45,M,B,UN,DEM,VA,GUILFORD,82 PEACOCK RD,P. GARDEN,27313,,10/22/1999,A,V0006669
105598_B,SC005788_B,CUDSON,NREDERICK,,1990-08-08,1990,36,M,W,NL,UNA,NC,JACKSON,5787 E BROOKLYN VILLAGE AVE,WHITTIER,28789,9195664267,01/17/2024,A,V0003626
104390_B,CD006855_B,LINDSEY,ELIZABETH,,1990-02-07,1990,36,F,W,UN,UNA,NC,WAKE,2612 ROGERS ROAD,KNIGHTDALE,27545,,11/14/2025,A,V0002265
109818_B,TJ003799_B,MILLER,JARRETN,,1952-03-20,1952,74,M,W,NL,REP,NY,NEW HANOVER,9226 SALEM CHURCH RD,WILMINGTON,28403,3369850688,05/18/2012,A,V0007659
106934_B,WE002636_B,WHITE,MITCHELL,JIMMY,1978-01-06,1978,48,M,W,NL,REP,NC,MECKLENBURG,701 W MOREHEAD ST UNIT 15,CHARLOTTE,28205,2526122054,02/15/2019,I,V0007048
101646_B,MK008000_B,BAKER,KAY,,1987-08-13,1987,39,F,B,UN,DEM,,ROWAN,790 STAGECOACH RD,SALISBURY,28146,,05/10/2025,A,V0005224
102606_B,NW003515_B,BARNHILL,SAMUEL,,1982-08-20,1982,44,M,W,NL,DEM,NC,WAKE,5861 MILL CREEK RD,APEX,27502,,01/09/2025,I,V0003559
102702_B,YC000319_B,CORBETT,BARBSRA,LISA,1958-05-15,1958,68,F,W,UN,REP,MA,DAVIDSON,4958 FAIRPIEW ST,THOMASVILLE,27360,,03/02/2001,A,V0003480
106623_B,HH001565_B,MASSEY,LEONARD,LAURA,1974-10-07,1974,52,U,W,UN,UNA,GA,PAMLICO,1625 SPRINGWOOD DR,N. BERN,28560,8648652223,05/25/2022,A,V0000099
102497_B,HN001052_B,MITCHELL,ERIC,ROBERT,1971-05-08,1971,55,M,W,HL,DEM,NC,WAKE,4870 JUNN RD,RALEIGH,27613,9843494423,02/10/1997,R,V0000501
100601_B,TW005844_B,KAUFMAN,CALEB,,1989-11-12,1989,37,M,W,NL,UNA,NC,WAKE,1297 BOSTIC DR,CARY,27513,,03/17/2007,I,V0000449
105089_B,GA006226_B,BURGESS,ROBERT,,1967-10-03,1967,59,M,W,NL,UNA,NC,CURRITUCK,1124 W FRANKLIN ST,MOYOCK,27958,7045956854,07/03/1985,R,V0005255
108437_B,VZ002786_B,MURRELL,STEPHAN,ALBERT,1947-08-22,1947,79,M,W,NL,REP,NC,DURHAM,2188 GARRETT RD,DURHAM,27703,,03/09/1965,A,V0005381
107248_B,TE000976_B,NORMAN,BRIDGET,MICHAEL,1964-01-01,1964,62,U,W,UN,UNA,NC,BURKE,3159 PLEASANT DR,MORGANTON,28655,,11/19/2023,R,V0004270
100879_B,TE003371_B,HARRELL,LINDA,DANA,1956-06-16,1956,70,F,I,NL,DEM,NY,BEAUFORT,4055 TAMARACK DR,WASHINGTON,27889,,05/24/1997,A,V0007815
107210_B,WE003344_B,BAKER,PAUL,KEITH,1978-09-09,1978,48,M,W,UN,REP,NC,ROBESON,7849 STARTOWN RD,MAXTON,28364,9194640039,01/02/2016,R,V0005996
100339_B,PZ001919_B,BROWN,TAMAJA,,1956-09-07,1956,70,U,W,NL,REP,NC,GUILFORD,816 HILLCREST DR,GREENSBORO,27409,3367473749,10/14/2025,A,V0004050
100629_B,DY006585_B,BROOKS,LUKE,,2002-09-07,2002,24,M,W,NL,UNA,GA,MECKLENBURG,145 HAWTHORNE LN,CHARLOTTE,28216,,06/19/2020,A,V0008259
102851_B,ME006390_B,GILLIAM,MICHELLE,TIFFANY,1940-11-16,1940,86,F,W,NL,DEM,LA,NEW HANOVER,1351 ACADEMY ST,WILMINGTON,28412,2526059006,02/07/2015,A,V0007809
106477_B,MH005099_B,GREENE,CATHERYNE,JUANITA,1955-07-22,1955,71,F,W,NL,UNA,,WAKE,438 GLENDALE DR,RALEIGH,27603,9195104765,10/23/2016,A,V0000311
106845_B,WG005957_B,HARRIS,MASON,JAMES,1946-02-12,1946,80,M,B,NL,UNA,PA,RUTHERFORD,2321 E BROOKLYN VILLAGE AVE,FOREST CITY,28043,,11/10/2004,A,V0002996
103723_B,KN005709_B,TORRENCE,NANCY,,1969-10-08,1969,57,F,W,NL,REP,VA,MECKLENBURG,46217 CARDINAL DR,CHARLOTTE,28265,,02/10/2011,A,V0004644
102449_B,EJ007919_B,MARTIN,RACHEL,,1943-01-20,1943,83,F,W,NL,REP,,CUMBERLAND,3433 A ST,FAYETTEVILLE,28311,,06/21/2012,R,V0007118
106721_B,FA000584_B,MONROE,JESSICA,MAMIE,1951-11-17,1951,75,F,W,UN,UNA,NC,BUNCOMBE,2194 N MAIN ST,ASHEVILLE,28803,,09/25/2015,A,V0000280
107423_B,XJ004353_B,WILLIAMS,CHRISTINA,EMILY,1964-03-26,1964,62,F,B,UN,DEM,NY,WAKE,2949 MAIN ST,RALEIGH,27610,,07/14/2024,A,V0008692
101257_B,XN000379_B,WATSON,TRACY,VALERIE,2002-06-06,2002,24,F,B,NL,DEM,MI,CURRITUCK,1643 VIRGINIA AVE,MOYOCK,27958,2525296548,03/12/2020,A,V0004950
105268_B,GJ009258_B,WILLIAMS,TDNA,,1978-05-22,1978,48,F,W,NL,UNA,NC,MECKLENBURG,3530 INGLESIDE DR,PINEVILLE,28130,9197710054,02/08/2015,R,V0002170
104962_B,CM006760_B,CAHOSN,CXERYL,,1998-08-15,1998,28,F,W,UN,UNA,MA,WATAUGA,2801 TUCKASEEGEE RD,BOONE,28607,,03/25/2026,A,V0007376
106163_B,AD004418_B,BAKER,JANMLLE,KATHLEEN,1943-03-21,1943,83,F,W,NL,UNA,CA,PITT,1943 E SOUTH ST,GREENVILLE,27834,,09/09/2024,A,V0006700
100460_B,MT005917_B,DIXON,JONATHON,,1963-02-10,1963,63,M,U,NL,UNA,PR,NASH,6213 RIVER RD APT 23,ELM CITY,27822,,11/12/2021,R,V0002459
104866_B,XX003393_B,JONES,MEGAN,JOSEPH,1958-12-27,1958,68,U,W,UN,LIB,NC,GASTON,7086 MAPLE AVE,BESSEMER CITY,28016,,10/27/2016,A,V0008223
102520_B,XH002600_B,LATTA,ERIC,,,2007,19,M,W,NL,DEM,HI,HERTFORD,1399 POPLAR ST,AHOSKIE,27910,9104798988,01/28/2025,A,V0003714
103802_B,SV004656_B,HAMPTON,CHRISTOPHER,,1990-08-11,1990,36,M,U,UN,UNA,,FRANKLIN,329 JACKSON ST LOT 24,LOUISBURG,27549,,04/24/2025,A,V0009334
102261_B,YJ005112_B,WALKER,HERBERT,,1932-04-16,1932,94,M,W,UN,UNA,NC,WAKE,,RALEIGH,27616,3365411426,03/27/1999,I,V0007988
104604_B,BZ000312_B,MOORE,MILTON,JONATHAN,1993-03-24,1993,33,M,U,NL,UNA,CA,ORANGE,666 WILDWOOD DR,TIMBERLAKE,27583,9199024132,01/21/2011,A,V0004318
102644_B,RG007661_B,NAVARRO,MEGHAN,,1963-01-09,1963,63,F,W,NL,DEM,NY,GUILFORD,3966 ACADEMY ST,GREENSBORO,27405,,01/16/1992,R,V0002144
109881_B,JS009269_B,RUTLEDGE,VICTORIA,MARY,1966-04-06,1966,60,F,B,HL,UNA,NC,ROBESON,9505 FAIRFIELD DR,ROWLAND,28383,,08/25/2016,A,V0004173
108691_B,MH007995_B,LEWIS,FELICIA,,,1957,69,F,B,NL,DEM,,BRUNSWICK,75 GRACE ST,SUPPLY,,,07/04/2025,R,V0006225
106449_B,PS007857_B,HARRIS,DOROTHN,LILLIE,1961-12-11,1961,65,F,W,UN,DEM,OH,ALLEGHANY,1125 S MAIN ST,SPAR.,28675,9192305665,12/01/1995,A,V0004466
108214_B,TA008078_B,LITTLE,STEVEN,RONALD,2001-03-12,2001,25,M,W,NL,UNA,PR,BRUNSWICK,5010 WEEKSVILLE RD,OAK ISLAND,28465,9089967718,03/05/2019,I,V0006370
103719_B,JS002945_B,WILLIAMS,JAMEV,PHILIP,1989-06-23,1989,37,M,W,UN,REP,NC,CLEVELAND,4428 HOMESTEAD RD,SHELBY,28150,,05/01/2007,A,V0004121
101982_B,SS008394_B,FOX,RUBQ,PATSY,1960-12-25,1960,66,F,W,UN,REP,NC,MECKLENBURG,1203 S WILMINGTON ST,CHAR.,28269,,04/22/2022,A,V0004649
108447_B,JG004475_B,SANDERS,JIMMY,,1985-04-09,1985,41,U,W,NL,UNA,NC,FORSYTH,264 ANDERSON RD,KERNERSVILLE,27284,4724702311,03/25/2003,A,V0003041
104740_B,RA002727_B,JONES,GRADY,GLENN,1956-01-24,1956,70,M,W,NL,REP,,ROWAN,9783 NC 55 HWY W,SALI.,28144,9106166853,07/05/2006,A,V0000181
108468_B,CT001930_B,HOPPER,JOHNNY,GERALD,1979-03-26,1979,47,M,U,NL,UNA,NC,NEW HANOVER,4446 WOODHAVEN DR,WILM.,28405,9109873294,05/14/2006,A,V0000348
109680_B,EZ009450_B,RROWN,SHARON,SHERRY,1997-03-16,1997,29,F,W,UN,UNA,CA,UNION,55269 EASTWOOD DR,MONROE,28112,,12/18/2024,A,V0007434
107640_B,SY006738_B,COOK,JEFFREY,,1998-04-01,1998,28,M,W,NL,DEM,NC,HARNETT,1853 W PINE ST,CAMERON,28326,,02/06/2016,A,V0007728
109954_B,EZ007892_B,THORNTON,CHRISTIAN,PAUZ,1988-04-17,1988,38,M,M,NL,DEM,NC,HARNETT,4633 E MAIN ST,LILLINGTON,27546,,04/14/2026,A,V0005918
105931_B,PM007770_B,GREEN,JESSICA,PRECIOUS,1961-02-04,1961,65,U,U,NL,DEM,FL,WAKE,,RALEIGH,27603,7046957471,06/08/2024,A,V0000223
100261_B,KX003406_B,JORDAN,HUGH,,1964-10-12,1964,62,M,W,NL,DEM,,ALAMANCE,9472 WESTWOOD DR,GRAHAM,27253,,09/01/2001,I,V0005491
105292_B,KK009605_B,CROWDER,STEVEN,,1976-01-21,1976,50,M,O,NL,DEM,NC,CLEVELAND,4662 LEE RD,CASAR,28020,,08/06/1994,A,V0007065
101654_B,AV001446_B,DUKE,TODD,,1954-07-17,1954,72,U,W,NL,REP,,GUILFORD,,GREE.,27455,2529143698,06/10/2008,A,V0006418
100042_B,PT004746_B,MILLKR,MELISSB,,1937-11-01,1937,89,F,B,NL,REP,,WAKE,241 COUNTY HOME RD,ZEBULON,27597,,04/28/2016,R,V0009134
106044_B,EH006471_B,HILL,ELIZABETH,,1936-03-01,1936,90,F,W,UN,UNA,NC,MECKLENBURG,2488 S CHURCH ST,CHARLOTTE,28269,,11/19/2021,A,V0002288
103628_B,NA008336_B,BUCKLEY,SIDNEY,,1999-04-27,1999,27,M,W,NL,UNA,NC,MECKLENBURG,375 LAKEWOOD DRIVE,CHARLOTTE,28216,,01/16/2019,D,V0005007
105863_B,YF006684_B,PROPST,EARL,,1954-02-17,1954,72,M,W,NL,REP,NY,WAKE,855 LINCOLN ST,RALEIGH,27613,,05/12/2015,A,V0001557
109406_B,KN009031_B,RICE,PHYLLIS,GERALDINE,1973-07-13,1973,53,F,B,UN,DEM,OH,JOHNSTON,120 RED HILL RD,SMITHFIELD,27577,3367901156,05/27/2018,I,V0005127
101787_B,RE000657_B,ELLIS,DIANE,,1993-03-02,1993,33,F,U,NL,UNA,,ROBESON,174 NEW BERN ST,ROWLAND,,,03/18/2012,A,V0006987
107583_B,HF006868_B,BECKER,JAMES,,1964-01-15,1964,62,M,W,HL,UNA,NC,JOHNSTON,1596 E MAIN ST,CLAYTON,27520,3369731232,06/09/2026,R,V0001559
106171_B,TY002887_B,RITTER,GARRETT,,1990-09-01,1990,36,M,W,UN,DEM,OR,GREENE,,SNOW HILL,28580,,03/13/2008,R,V0003146
103844_B,AK005624_B,HARRIS,SUSAN,PEGGY,2005-06-15,2005,21,F,U,UN,DEM,NC,WAKE,1579 LAKESIDE DR,RALEIGH,27610,,12/02/2023,R,V0002605
103249_B,VR004463_B,PARKER,JIMMY,CONNOR,2007-06-16,2007,19,M,B,NL,UNA,,CHEROKEE,,MURPHY,28906,8287766642,02/04/2026,A,V0002577
100613_B,WG004614_B,POOLE,JAMES,PABLO,1991-03-10,1991,35,M,B,UN,DEM,OK,GASTON,4856 SRDDLEBROOK DR,CHERRYVILLE,28021,7042047647,12/13/2023,A,V0006188
103822_B,YF005035_B,WRIGHT,GEORGIA,,1972-01-21,1972,54,F,W,UN,UNA,PA,CHATHAM,372 THOMPSON RD,CHAPEL HILL,27519,,11/21/1993,A,V0000162
106058_B,AS004072_B,HOLLEY,LINDA,,1980-07-20,1980,46,F,B,NL,DEM,FL,DURHAM,294 SCOTT RD,DURHAM,27713,,03/12/1998,A,V0005983
108007_B,CP004265_B,PRIDGEN,RACHEL,BEUHANY,1993-05-22,1993,33,F,W,NL,REP,NC,WARREN,688 COLONY DR,MACON,27551,3028138053,06/21/2021,A,V0005037
103016_B,TY000842_B,BROOKS,DANA,,1958-01-18,1958,68,F,W,UN,UNA,OR,BRUNSWICK,7879 FAIRVIEW RD,CALABASH,28466,,09/25/1992,I,V0003538
106903_B,YV007341_B,NEWKIRK,PEDTON,,2005-12-04,2005,21,F,W,NL,UNA,NJ,MECKLENBURG,331 CHURCH RD,CHARLOTTE,,,03/08/2023,A,V0000086
109305_B,HB002923_B,MCCARTHY,MELANIE,MARY,1957-12-14,1957,69,F,W,NL,UNA,NC,RANDOLPH,221 CWAPEL DR UNIT 31,TRINITY,27370,,12/09/2021,I,V0000952
108593_B,CD004613_B,CHEN,MONIQUE,,1996-09-18,1996,30,F,B,NL,DEM,NC,IREDELL,3837 MORNINGSIDE DR,MOORESVILLE,28115,,04/15/2014,A,V0006481
105324_B,CC000922_B,MILLER,MEGAN,LISA,1970-12-13,1970,56,F,U,NL,UNA,NC,WAKE,3983 N DUJE ST,CARY,27519,,11/10/2023,A,V0005645
102238_B,LL008553_B,HORNE,GARY,,1959-08-02,1959,67,U,O,NL,DEM,NC,STANLY,6956 FULTON ST,STANFIELD,28163,,03/08/2005,R,V0007879
104865_B,CS005604_B,RICE,DEBBIE,GLORIA,1976-09-16,1976,50,F,W,NL,REP,,WAYNE,1744 ACADEMY ST,GOLDSBORO,27534,,11/15/2024,R,V0001183
109780_B,EX005878_B,CARDEN,ZACKARY,BRENT,1984-05-20,1984,42,M,W,NL,UNA,,WAKE,425 ROGERS ROAD,WAKE FOREST,27587,,11/21/2021,I,V0000478
105606_B,SL006523_B,JOIES,CHRISTIKN,FRANK,1948-06-28,1948,78,M,B,NL,DEM,PA,CHATHAM,117 WRIGHT RD APT 4,SILER CITY,27344,,08/21/1986,A,V0005150
100221_B,MH006572_B,CASTILLO,BRIAN,RYAN,1964-10-09,1964,62,U,B,NL,UNA,OC,LEE,1536 LAKEVIEW DR UNIT 10,SANFORD,27330,9192909140,03/25/2022,A,V0001397
108767_B,LG001227_B,ANDERSON,LESLIE,,1950-02-12,1950,76,F,W,NL,REP,,MOORE,2037 BRIARWOOD DR,SOUTHERN PINES,28387,9199372566,09/03/2026,A,V0002781
103992_B,NL001210_B,PARKER,FREDERIAK,CHRISTOPHER,1945-10-16,1945,81,M,W,UN,REP,PA,DURHAM,944 HZRSESHOE RD,HILLSBOROUGH,27278,5052038257,06/16/2025,A,V0002530
105036_B,CC008124_B,BAKER,ERIN,,1942-04-07,1942,84,F,W,NL,UNA,AL,UNION,1525 CLEARWATER DR,MATTHEWS,28105,,11/12/2008,A,V0006108
104362_B,BB001661_B,CURRY,CURTIS,,1980-04-11,1980,46,M,I,NL,REP,NC,ALAMANCE,2199 MOUNTAIN VIEW DR,BURLINGTON,27215,,05/20/2021,A,V0008658
106746_B,EZ001345_B,WOOD,MICHELLE,,1936-10-12,1936,90,F,W,NL,DEM,NC,ROBESON,2921 WEST BLVD,PARKTON,28371,8288356450,08/02/2026,A,V0007343
108550_B,MC007767_B,MULLIS,BRIAN,DAVID,1964-12-09,1964,62,M,W,NL,REP,NC,WAKE,636 OAKWOOD DR,RALEIGH,27600,7044230905,01/23/2011,I,V0008562
104381_B,NA009691_B,COFFEY,CHARLES,,,1989,37,M,A,NL,UNA,NJ,CRAVEN,410 BREEZEWOOD DR,NEW BERN,28560,,09/24/2014,A,V0005422
102268_B,HT000050_B,MILLEI,RICKY,,1976-04-12,1976,50,M,U,UN,UNA,TN,NEW HANOVER,1176 ALLEN ST,WILMINGTON,28412,7043184942,03/02/2005,A,V0001787
104913_B,ZF008261_B,BAILEY,SAMUEL,JOHN,1992-01-25,1992,34,M,B,UN,DEM,NY,ALLEGHANY,446 WILLOWBROOK DR APT 19,SPARTA,28675,,09/17/2010,A,V0008550
103878_B,LB008619_B,BROOKS,JUDY,,1948-07-13,1948,78,F,B,HL,UNA,NC,HOKE,1601 S ROXBORO ST,RAEFORD,28376,7605221497,01/17/2012,I,V0006192
105879_B,JR007095_B,THOMPSON,JEAN,,,1974,52,M,B,UN,REP,NC,JOHNSTON,2090 QUAIL RIDGE ROAD,CLAYTON,27527,,11/05/2026,A,V0001189
100516_B,WP000904_B,GLASS,KATHARINE,SHANNON,1958-03-25,1958,68,F,W,NL,DEM,NY,DAVIE,423 MSCRIMMON PKWY,MOCKSVILLE,27028,3364598959,09/11/2010,A,V0007319
107771_B,JZ000294_B,EDWARDS,SANDY,DEANA,1938-03-16,1938,88,U,W,NL,UNA,NC,ASHE,,WEST JEFFERSON,28696,,04/04/1982,A,V0008764
103791_B,MR001609_B,PULLIAM,TIFFANY,,1970-01-14,1970,56,U,W,NL,DEM,,DURHAM,851 ZION CHURCH RD,DURHAM,27709,,01/12/2024,R,V0001114
104914_B,VN008443_B,RIVERA,BREANNA,ALICIA,1984-11-20,1984,42,F,W,UN,DEM,OC,WAKE,171 PINE RIDGE DR,RALEIGH,27615,2524600267,03/02/2016,A,V0005015
106943_B,RS001492_B,MOORE,GREGORY,ALLEN,1974-06-13,1974,52,M,W,NL,LIB,NC,WAKE,190 ARBOR DR,APEX,27539,,03/17/2021,A,V0001580
109669_B,EM002036_B,CORRELL,TYLEL,,1997-03-19,1997,29,M,W,UN,REP,VA,WATAUGA,,DEEP GAP,28618,8432841065,05/15/2015,A,V0005134
102947_B,NC003479_B,WILLIAMS,GERARD,,1992-09-06,1992,34,M,W,NL,DEM,NC,RUTHERFORD,991 MOUNTAIN VIEW RD,RUTHERFORDTON,28139,9105613654,03/05/2019,A,V0001969
102681_B,RP003364_B,WATLINGTON,BREANNA,SARA,1949-07-28,1949,77,F,W,NL,REP,NC,MECKLENBURG,9092 SAINT ANDREWS DR,CHARLOTTE,,,03/28/2024,A,V0005297
103050_B,AW000244_B,DRAKI,MAAY,ELIZABETH,2004-01-27,2004,22,F,W,UN,REP,NY,WAKE,1531 ROLLINGWOOD DR,KNIGHTDALE,27545,,01/28/2022,A,V0004103
104802_B,RA004231_B,ARKINSON,SUSAN,CATHHRINE,1953-02-12,1953,73,F,B,NL,DEM,GA,GASTON,5405 GONGLEAF DR,BESSEMER CITY,28019,8285931412,12/12/1990,A,V0006564
101611_B,CN003151_B,BYRD,MONICA,MELANIE,1943-08-28,1943,83,F,W,NL,REP,NC,NEW HANOVER,860 S MAIN STREET,WILMINGTON,28411,,03/05/2016,A,V0006171
105135_B,ZG005853_B,ROWLAND,JOHNATHAN,,1943-01-02,1943,83,M,W,NL,UNA,NC,ALAMANCE,333 BETHLEHEM RD,BURLINGTON,27217,2528293717,07/03/2026,A,V0006309
103806_B,XX009730_B,DECKEC,MARGARET,NICHOLE,1938-07-13,1938,88,F,W,NL,UNA,,WAKE,332 CHURCH RD,RALE.,27610,,09/24/1996,I,V0001929
104521_B,PD004800_B,THORNTON,ALEXANDER,,1989-06-18,1989,37,M,W,HL,DEM,NY,CLEVELAND,905 N CENTER ST,GROVER,28073,,07/11/2021,I,V0003772
106355_B,YZ008856_B,WHITE,DERRICK,,1979-09-25,1979,47,M,W,NL,DEM,NC,WAKE,1078 N DUKE ST,CARY,27518,,05/24/1997,A,V0008426
100004_B,RF004946_B,SMITH,LATONYA,,1950-10-18,1950,76,F,W,NL,UNA,NC,ROCKINGHAM,1974 KENSINGTON DR,MADISON,27025,,07/20/2010,A,V0009411
107653_B,LM009245_B,BENTON,CASEY,DAVID,1979-06-06,1979,47,M,B,NL,UNA,CA,WAKE,902 QUEENS RD LOT 3,RALE.,27616,9109130975,04/10/2022,A,V0009347
106030_B,WD003570_B,EASTER,ALLISON,CARLA,2006-10-19,2006,20,F,I,UN,UNA,NC,GRANVILLE,1885 MONROE ST,CREEDMOOR,27522,8139443578,01/12/2024,A,V0005811
109365_B,LS001836_B,CRAWFOHD,RAMONA,,1995-09-01,1995,31,F,W,UN,REP,NC,GASTON,9678 S MAIN ST,MOUNT HOLLY,28120,3369815138,07/08/2013,A,V0003364
107475_B,AE001706_B,LENNON,CHRISTINE,VICKY,1998-08-18,1998,28,M,W,UN,UNA,,ORANGE,375 WINDSOR RUN LN,CHAPEL HILL,27513,9193787130,10/03/2025,A,V0003002
105544_B,JG001633_B,PENDERGRASS,RRBERT,VERNON,1976-09-05,1976,50,M,W,NL,UNA,PA,CATAWBA,3499 BEATTIES FORD RD APT 9,NEWT.,28658,2522133224,02/14/2018,A,V0007058
107066_B,LA005085_B,WORRELL,ALTON,GENE,1956-09-05,1956,70,M,W,NL,DEM,FL,GUILFORD,4382 NORTHRIDGE DR,GREENSBORO,27408,8285601030,06/08/2022,A,V0000639
107284_B,TE000869_B,HARRELSON,JACOB,GEORGE,1981-11-27,1981,45,M,W,NL,REP,,MECKLENBURG,4478 CLEVELAND AVE,CHARLOTTE,28227,,08/26/2020,A,V0004852
103496_B,JY007381_B,CAGLE,NANCY,,2008-04-25,2008,18,F,O,UN,UNA,GA,MOORE,2965 SOUTH ST,CARTHAGE,28326,9108501967,04/28/2026,A,V0002966
108670_B,BY001353_B,DONOVAN,BRIANNA,,1952-06-06,1952,74,F,W,UN,UNA,NC,DURHAM,5540 HIGHLAND AVE APT 38,DURHAM,27705,,10/20/2017,A,V0000969
103824_B,WG009921_B,MEDFORD,KENNETH,,1988-09-01,1988,38,M,W,UN,REP,NC,ALAMANCE,294 VILLAGE DR UNIT 21,BURLINGTON,27215,,08/14/2026,A,V0001143
107301_B,BJ009058_B,CRAVEN,HILLARY,SHANNA,1978-02-22,1978,48,F,O,NL,REP,ME,CABARRUS,3490 PARK AVE,KANNAPOLIS,28083,,04/12/2013,A,V0006337
107183_B,WP004521_B,HARRINGTON,WARREN,JAMES,1997-06-07,1997,29,M,W,NL,REP,FL,NEW HANOVER,2482 N CHURCH ST,WILMINGTON,,,12/16/2026,R,V0003806
103427_B,AB006110_B,CARMICHAEL,AMBER,,1956-03-26,1956,70,F,W,UN,UNA,NC,WAKE,5536 HILLCREST DR,FUQUAY VARINA,27526,,07/16/2020,A,V0006073
105313_B,CE008266_B,WARREN,EARL,JOSIAH,2007-05-12,2007,19,M,W,NL,UNA,FL,WAKE,1681 HAWTHORNE LN,HOLLY SPRINGS,27540,,01/07/2025,I,V0003520
101242_B,YC001496_B,OWENS,ROBERE,CHRISTOPHER,1952-11-24,1952,74,M,B,UN,UNA,CT,ALAMANCE,8247 HILLSBOROUGH RD,SNOW CAMP,,9108790827,03/18/2002,A,V0009033
107165_B,XK003569_B,DAVIS,KENNETH,ALFREDO,1977-08-15,1977,49,M,W,UN,REP,MD,NEW HANOVER,2245 WOODLAND AVE,WILMINGTON,28411,,12/08/2022,A,V0003103
105659_B,YS008288_B,THOMPSON,HANNAH,,1961-10-25,1961,65,F,B,UN,DEM,NC,CATAWBA,48061 YANCEYVILLE ST UNIT 26,VALE,28168,,01/17/1980,A,V0001604
102617_B,PM009870_B,SESSOMS,HANNAH,,1970-04-07,1970,56,F,W,NL,DEM,NC,MECKLENBURG,6261 WILLIAMS ST,CHARLOTTE,28215,5597987319,12/27/2016,A,V0004158
106668_B,SR003203_B,BOLES,JENNA,EDNA,1987-09-22,1987,39,F,W,NL,UNA,NC,HALIFAX,273 MEMORY LN,R. RAPIDS,27877,9192287274,03/04/2016,A,V0009047
103495_B,EV008084_B,GODDARD,RYAN,KETER,1981-09-25,1981,45,M,B,NL,DEM,NC,WAKE,707 PLANTATION RD,WENDELL,27591,,06/27/2012,R,V0003831
105068_B,BV004643_B,LYNCH,WALTER,,1965-11-16,1965,61,M,W,UN,REP,,FORSYTH,1704 N BOOKER DT,WINSTON SALEM,27107,,11/24/1988,R,V0005056
102452_B,VN006503_B,DIXON,KATHLEEN,,1957-12-20,1957,69,F,B,UN,DEM,,GASTON,4410 COUNTY HOME RD,GASTONIA,28054,,09/28/2009,A,V0002516
106508_B,FZ003332_B,HYATT,JUDITH,,1967-01-09,1967,59,U,U,NL,REP,CA,MACON,155 FAYETTEVILLE ST,FRANKLIN,28734,,12/08/2012,A,V0001130
104645_B,WK007985_B,ROBINSON,LFON,ALEC,2006-10-11,2006,20,M,W,UN,REP,PA,PITT,1032 WIMBLEDON BR,AYDEN,28513,9106680342,11/05/2024,I,V0006010
108065_B,XP002725_B,WOOD,DAVID,,1941-06-28,1941,85,M,W,NL,UNA,NC,ONSLOW,2724 RIDGEWOOD DR,RICHLANDS,28574,,06/14/2022,A,V0003507
109950_B,CL008543_B,HARE,MARY,CHERYL,1943-03-25,1943,83,F,B,NL,DEM,NC,WAKE,328 PLANTATION DR,RALEIGH,27615,,01/11/1972,A,V0001765
102834_B,DP004719_B,WILLIAMS,OLIVIA,,2005-11-11,2005,21,F,W,NL,REP,NC,HERTFORD,1669 SHARON RD,MURFREESBORO,27855,7043214913,08/22/2023,A,V0004771
107613_B,XM007833_B,ROJAS,STEPHANIE,SOPHIA,2007-06-14,2007,19,F,W,NL,REP,FL,ORANGE,1469 NORTH ST,HILL.,27278,,10/11/2025,A,V0008187
107938_B,EE006894_B,HINTXN,SILVIA,,1946-06-08,1946,80,F,W,UN,REP,CA,WAKE,2488 E MAIN ST,RALEIGH,27613,,09/24/2010,I,V0003111
109836_B,ER006151_B,HAMBY,JAMES,,1967-09-16,1967,59,M,W,UN,UNA,NY,FORSYTH,,PFAFFTOWN,27040,,06/08/2019,I,V0005119
109832_B,HC001879_B,HASTINGS,SHIRLEY,,1991-04-16,1991,35,F,W,NL,DEM,NC,WAKE,1805 MAPLE AVE,RALEIGH,27603,3367283834,05/02/2009,R,V0006645
101501_B,VX009148_B,RAMSEY,MICHAEL,EVAN,1999-05-23,1999,27,M,W,NL,DEM,NC,ORANGE,912 E PETTIGREW ST,HILLSBOROUGH,27278,2523571821,11/19/2017,A,V0008731
107989_B,KC000099_B,BROWN,TERESA,,1981-11-02,1981,45,F,W,NL,DEM,NC,RANDOLPH,4852 STAGECOACH RD,ASHEBORO,27209,,03/06/1999,A,V0004248
109215_B,TB007993_B,BENFIXLD,JOHN,,1995-03-01,1995,31,M,U,NL,UNA,NC,FORSYTH,3971 WOODLAND DR,LEWISVILLE,27029,,04/23/2020,A,V0006545
103846_B,GF006529_B,SMITH,KAREN,,1960-07-24,1960,66,F,B,NL,UNA,,IREDELL,341 ROLLINGWOOD DR,MOORESVILLE,28115,,02/22/2026,A,V0005420
101704_B,RX008331_B,MCADAMS,GWENDOLYN,,1963-09-17,1963,63,F,U,NL,UNA,,MECKLENBURG,481 W MAIN ST,CHARLOTTE,28277,3077726442,05/06/2019,A,V0001808
107535_B,FA005778_B,WASHINGTON,MATTHEW,,1951-01-06,1951,75,M,W,UN,DEM,NC,MECKLENBURG,3522 NEW GARDEN RD,DAVIDSON,28037,9106796273,12/24/2024,R,V0002309
103200_B,DW000129_B,SAUNDERS,KENNETH,,1932-09-13,1932,94,U,W,UN,UNA,OC,MECKLENBURG,141 COUNTRYSIDE DRIVE,MATTHEWS,28101,,03/11/2024,A,V0006094
100268_B,NJ005668_B,TERRY,JESSICA,,1983-04-24,1983,43,U,W,NL,REP,NC,GUILFORD,965 MAPLH ST,HIGH POINT,27260,,08/18/2024,A,V0001164
106889_B,SJ005325_B,WILLIAMS,SHAUN,PETER,1942-04-20,1942,84,M,B,NL,UNA,NC,DURHAM,,DURHAM,27713,,07/09/2016,A,V0000845
103397_B,PE009303_B,LONG,MICHAEK,ANGELA,,1994,32,U,O,NL,DEM,,CURRITUCK,230 JONES FERRY RD UNIT 13,BARCO,27917,,09/24/2016,D,V0005763
101436_B,JW007583_B,GREENE,MELISSA,KIMBERLY,2000-01-02,2000,26,F,W,NL,LIB,OH,WILSON,293 S MAIN ST,WILSON,27896,,10/01/2023,A,V0005481
100385_B,AL003228_B,HUGHES,MARSHA,,1970-08-28,1970,56,F,B,UN,DEM,NC,SURRY,361 W FIRST ST,LOWGAP,,,06/13/2015,I,V0002514
106260_B,MF006197_B,ROGERS,SARAH,HANNAH,1987-08-04,1987,39,U,W,NL,DEM,VA,CURRITUCK,20 N ELM SV,CURRITUCK,27929,,03/08/2026,A,V0007491
108891_B,JG003210_B,WILLIAMS,KENNETH,KEKNETH,1955-09-19,1955,71,M,B,NL,DEM,,MECKLENBURG,499 BETHANY CHURCH RD,CHARLOTTE,28215,,02/03/2023,A,V0002495
107913_B,XW008903_B,MITCHELL,ANIA,,2000-09-22,2000,26,F,M,NL,DEM,VA,ROWAN,995 BUFFWLO SHOALS RD,KANNAPOLIS,28087,8284356059,11/07/2018,A,V0003879
103984_B,JC009872_B,JACOBSON,MEGAN,TARA,1976-05-02,1976,50,F,U,NL,UNA,NC,NASH,9814 LIBERTY ST,ROCKY MOUNT,27801,,07/24/2016,A,V0002492
103872_B,HX009686_B,RODRIGUEZ,STEVEN,MASON,1952-12-08,1952,74,M,W,UN,REP,,BEAUFORT,5653 SMITH RD,CHOCOWINITY,27817,3365527624,07/21/2008,A,V0003775
101643_B,ZT004974_B,PETTIT,SHELLEY,,1958-05-07,1958,68,F,W,UN,UNA,NC,CRAVEN,9127 JAMES ST,NEW BERN,28564,,11/09/2016,A,V0007287
106135_B,TW008764_B,BENNETT,JOHN,,1990-04-06,1990,36,M,W,NL,UNA,NC,HENDERSON,1403 DEVONYHIRE DR,HORSE SHOE,28743,8288201838,07/08/2024,A,V0001506
102713_B,GN004120_B,TAYLOR,ASHLEY,TQMMY,1936-04-04,1936,90,F,W,NL,UNA,NC,PASQUOTANK,197 CAROLINA AVENUE,ELIZABETH CITY,27909,,06/21/2023,I,V0005158
104028_B,XP002323_B,HENSLEY,STEVEN,,1977-11-04,1977,49,M,W,NL,DEM,NY,LINCOLN,363 LONGWOOD DR,DENVER,28037,9104877545,06/17/2023,I,V0000151
103919_B,RB009880_B,SAWYER,EESLIE,FMANDA,1948-01-11,1948,78,F,B,NL,DEM,NY,SURRY,6676 CHARLOTTE ST LOT 40,MOUNT AIRY,27030,,06/21/2026,A,V0004765
108037_B,FT001883_B,CUNCINGHAM,CHRISTOPHER,FRANKLIN,1968-03-03,1968,58,M,W,NL,REP,NC,MECKLENBURG,264 SHAMRTCK DR,CHARLOTTE,,,03/06/2026,A,V0000716
100287_B,RD007246_B,HEALY,REBECCI,BRENDA,1980-09-04,1980,46,F,W,NL,REP,NC,WAKE,52 SIX FORKS ROAD,APEX,27502,,01/19/2004,A,V0001993
109581_B,KZ003980_B,PETESSON,TOMMIE,,1999-08-14,1999,27,U,W,NL,REP,NY,WAKE,2998 FORESTDALE DR,RALEIGH,27604,9736814807,02/20/2026,R,V0005444
102259_B,KW003357_B,HANCOCK,KATHLEEN,SHEILA,2000-07-09,2000,26,F,U,UN,DEM,,GASTON,4755 COBBLESTONE DR,LOWELL,28098,,05/13/2023,A,V0003788
103742_B,GR007520_B,SOTO,MADISON,SANDRA,1947-12-24,1947,79,F,A,UN,DEM,PA,NASH,426 NEW BERN ST,ELM CITY,27822,,03/24/1984,A,V0000093
100685_B,GN002483_B,CARWER,ELIZABETH,ERIKA,1996-11-10,1996,30,U,W,NL,UNA,NC,GASTON,920 WESTERN BLVD,MOUNT HOLLY,28120,,12/01/2014,D,V0002623
106179_B,KG005044_B,CANIPE,AMY,TAYLOR,1957-12-21,1957,69,F,B,NL,UNA,,NASH,3006 BRIARWOOD DR,ROCKY MOUNT,27803,3368968515,06/09/1997,A,V0001399
106794_B,CJ003490_B,FREEMAN,ROBERT,RYAN,1952-09-19,1952,74,M,B,NL,UNA,NC,MACON,3865 HENRY ST,FRANKLIN,28734,3365583702,11/19/2024,A,V0004311
100637_B,BT004618_B,MCKOY,HANNAH,CHRISTY,2004-06-26,2004,22,F,W,NL,UNA,NC,IREDELL,3831 PAUL HARDIN DR LOT 24,MOORESVILLE,28110,,02/26/2025,I,V0003690
108022_B,VV006883_B,DALEY,JOSEPH,,1949-06-25,1949,77,M,W,NL,UNA,ME,JOHNSTON,1071 BAKER DR APT 12,CLAYTON,27520,3368529645,07/24/2016,A,V0006661
105746_B,DB008836_B,BRYAN,GINA,DORIS,1940-08-21,1940,86,F,U,NL,DEM,FL,ALLEGHANY,1006 SUNSET DR,SPARTA,28675,,11/23/2022,A,V0004247
109771_B,CN009419_B,BARE,JAMES,HERMAN,2003-06-03,2003,23,M,U,NL,REP,OH,CABARRUS,3507 BRIARWOOD DR,CONCORD,28027,,10/02/2021,A,V0002379
102824_B,MZ007198_B,COOK,CHRISTOPHER,DAVID,1991-12-09,1991,35,M,W,HL,UNA,NJ,SCOTLAND,663 W SECOND ST,LAUR.,28351,,12/18/2009,A,V0007604
106005_B,WY006097_B,BARTON,THOMAS,,1975-02-02,1975,51,M,W,NL,DEM,NC,CATAWBA,,CONOVER,28613,,03/25/2020,A,V0001602
104261_B,CC004047_B,BUCKNER,MARIE,,1988-10-06,1988,38,U,U,UN,DEM,,DURHAM,5888 ZOGWOOD LN,DURHAM,27705,,05/21/2020,A,V0002894
101241_B,TS008092_B,NEAL,ELIZABETH,,1993-04-01,1993,33,F,W,UN,REP,NC,BURKE,472 CANDLEWOOD DR,MORGANTON,28652,,08/12/2026,A,V0006887
106198_B,RD002584_B,JACKSON,JOHN,,1998-01-03,1998,28,U,B,UN,DEM,NC,GUILFORD,638 GUM BRANCH RD,GREE.,27410,2522914514,11/25/2016,A,V0005389
109863_B,WK004126_B,BRINSON,TAMBY,,1969-05-23,1969,57,U,W,UN,REP,TX,ROBESON,341 HICKORY ST,LUMBERTON,28358,,04/26/1991,I,V0001439
100119_B,KH005343_B,WILLIAMS,ALAN,,1942-07-01,1942,84,M,W,NL,UNA,MD,BRUNSWICK,790 NEW HOPE CHURCH RD LOT 16,OCEAN ISLE BEACH,28469,3369093171,11/26/2014,A,V0004389
109694_B,BS009687_B,ALEXANDER,WENDY,KENDRA,1968-08-18,1968,58,F,W,NL,UNA,NC,MECKLENBURG,2634 MEADOWBROOK DR,CHAR.,28215,,08/25/2020,A,V0003859
103441_B,GP002677_B,GLENN,JONATHAN,,1985-06-08,1985,41,M,O,NL,DEM,,ONSLOW,170 S MEBANE ST,JACKSONVILLE,28540,9107437011,02/10/2018,A,V0000417
105289_B,PZ007146_B,KING,BETH,,1999-12-06,1999,27,F,W,NL,REP,FL,WAKE,149 WINDSOR DR,RALEIGH,27615,,02/03/2017,A,V0000313
104719_B,WM003918_B,WARD,CLAUDOA,,1987-09-09,1987,39,F,B,UN,UNA,NY,MECKLENBURG,435 MT OLIVE CHURCH RD,CHARLOTTE,28269,8282372206,10/11/2006,A,V0002730
103899_B,TD007466_B,CHATMAN,ASHLEY,,1956-07-27,1956,70,F,W,NL,REP,NC,CURRITUCK,75441 COUNTRY CLUB RD,MOYOCK,27958,,04/18/2016,A,V0007273
105555_B,EZ005578_B,BURTON,JAMES,,1961-10-09,1961,65,M,W,NL,UNA,NC,WAKE,171 GUESS RD,CARY,27519,9803114920,02/11/2024,A,V0002344
105546_B,GZ007196_B,WHITESIDE,ADRIENNE,,1990-08-22,1990,36,F,W,NL,REP,NC,ALAMANCE,52378 UNIVERSITY DR UNIT 3,GRAHAM,27250,8434350975,08/09/2020,R,V0006521
109554_B,CB006309_B,SINGLETARY,CHRISTA,,1982-02-24,1982,44,U,W,NL,DEM,NC,BRUNSWICK,4350 OVERLOOK DR,LELAND,28451,,10/24/2006,A,V0000502
105435_B,NZ001814_B,BRYANT,KYLIE,,1968-12-11,1968,58,F,W,UN,UNA,,PAMLICO,108 WESLEY DR,NEW BERN,28560,,01/26/1990,I,V0008455
107935_B,PB004682_B,MITCHELL,ZACHURY,JAMES,1983-03-15,1983,43,M,W,NL,REP,NC,WAKE,351 FAIRWAY DR,RALEIGH,27604,7044226502,01/18/2001,A,V0004617
106781_B,KE000531_B,CALLOWAY,AMBER,,1948-03-01,1948,78,F,U,UN,UNA,OC,CALDWELL,402 LEES CHAPEL RD APT 36,LENOIR,28645,,12/20/2026,A,V0001502
108598_B,GR003097_B,MORGAN,CHRISTOPHER,,2000-01-10,2000,26,M,B,NL,DEM,OH,BRUNSWICK,1271 KING ST,LELAND,28451,,12/11/2025,A,V0000317
102282_B,GN009142_B,MORGAN,SHANNON,,1984-01-05,1984,42,F,W,NL,UNA,FL,DURHAM,2964 BRENTWOOD RD,DURHAM,27701,,01/11/2015,A,V0002374
102904_B,MP000783_B,BLACKWELDER,BETTY,,1960-09-21,1960,66,F,W,NL,DEM,OH,GUILFORD,80 ARCHDALE DR APT 11,JAMESTOWN,27282,,12/19/2000,A,V0005768
103832_B,ZE009637_B,MOSELEE,ERNKA,SHELLEY,1981-04-14,1981,45,F,W,NL,UNA,IL,NEW HANOVER,4835 DELANEY DR,WILMINGTON,28401,9109372938,03/06/2026,A,V0007022
109666_B,RT008941_B,PENNINGTON,SUSAN,MARY,1952-03-06,1952,74,F,W,UN,REP,NC,FORSYTH,190 CENTER ST,WINSTON SALEM,27106,,12/10/2013,R,V0004163
109010_B,WT004329_B,BULLOCK,IVAN,RICKY,1965-03-25,1965,61,M,M,NL,DEM,OC,ROBESON,2575 WILLARD ST,PARKTON,28371,,05/19/2020,A,V0005018
109382_B,XR009127_B,PHELPS,THOMAS,JEREMY,1996-02-25,1996,30,M,W,UN,UNA,WA,NEW HANOVER,425 TAMARACK DR,WILMINGTON,28405,9192533790,04/09/2014,I,V0009338
107081_B,DC007221_B,PETERS,LENA,,1938-06-23,1938,88,F,B,NL,DEM,NC,CATAWBA,156 SPRING FOREST RD,CONOVER,28613,,09/12/2009,A,V0002022
107610_B,TS000763_B,JOHNSON,BEATRICE,SANDY,1986-01-04,1986,40,F,W,NL,REP,,CRAVEN,720 TURNPIKE RD,HAVELOCK,28532,,09/28/2008,A,V0006803
107462_B,HT003201_B,JORDAN,REGINALD,,1983-09-01,1983,43,M,U,NL,UNA,VA,UNION,70 WIMBLEDON DR UNIT 3,WINGATE,28174,9194960931,03/28/2020,A,V0007695
109390_B,DR004246_B,ACKERMAN,TAMMY,,1997-11-21,1997,29,F,W,UN,REP,VA,WAKE,215 REGENCY DR,APEX,27539,,06/04/2018,I,V0000907
103682_B,WL004815_B,FERGUSON,FRANK,,1961-02-16,1961,65,M,W,NL,DEM,OC,AVERY,3566 CLARK AVE,NEWLAND,28657,,08/08/2009,A,V0003194
107157_B,BV003156_B,CHERRY,SHIRLEY,MICHELLE,1962-11-21,1962,64,F,W,NL,UNA,NC,NEW HANOVER,77 S MEBANE ST,WILMINGTON,28409,9196254805,10/16/2007,R,V0005877
100519_B,HT000855_B,CRAWFORD,MARIA,SARA,1988-07-22,1988,38,F,B,NL,UNA,MT,WAKE,2421 RANDOLPH RD,APEX,27502,,07/14/2022,I,V0008965
101123_B,WL007689_B,BLACKBURN,MARK,,1941-05-20,1941,85,M,W,UN,REP,NC,UNION,8091 ANDERSON ST,MARSHVILLE,28103,9104547168,05/06/2020,A,V0001954
106481_B,WK003432_B,RUSSELL,BRANDON,,1944-03-12,1944,82,M,W,NL,UNA,CT,BRUNSWICK,1340 MEADOWBROOK DR,SUNSET BEACH,28468,9105393595,12/25/2014,R,V0002180
103088_B,YC007990_B,WILLIAMS,ANNA,,1951-06-23,1951,75,F,W,NL,DEM,NC,BURKE,262 CIRCLE DR,MORGANTON,28655,,10/18/2025,A,V0002921
101458_B,LS001530_B,ALLEN,DONNA,,1960-02-20,1960,66,F,W,NL,UNA,NC,ASHE,224 W MAIN ST,WARR.,28693,9196287736,09/05/2020,A,V0008305
101371_B,GW007622_B,CHASE,OLIVIA,DEBORAH,1965-07-16,1965,61,U,W,NL,UNA,VI,CARTERET,652 EASTWAY DR,MOREHEAD CITY,28557,,05/10/1988,A,V0005747
103234_B,ZW002008_B,WOOTEN,CAMILLA,EEMA,1971-02-12,1971,55,F,B,UN,DEM,NC,MECKLENBURG,8707 W MAIN ST,CHARLOTTE,28269,2524578285,04/18/2025,A,V0004209
107928_B,RZ007991_B,RUIZ,STELLA,JANINE,1964-10-16,1964,62,F,W,NL,UNA,MO,DAVIDSON,,LEXINGTON,27295,,07/08/2000,A,V0003936
103601_B,RF003087_B,GUNN,ANN,,2005-05-11,2005,21,F,W,UN,UNA,NC,JOHNSTON,881 S CHUZCH ST,CLAYTON,27527,,05/27/2023,A,V0000675
100076_B,DB007057_B,WILSON,MOSES,,1962-04-21,1962,64,M,W,NL,UNA,NY,ROWAN,576 LONGLEAF DR,SALISBURY,28144,,04/17/1980,A,V0003006
102717_B,NJ005703_B,JONES,MARY,,1963-12-15,1963,63,M,W,NL,DEM,NC,WAKE,1391 PLEASANT GARDEN RD,RALEIGH,27604,2525757723,05/11/2020,I,V0003984
102408_B,HC001940_B,WILLIAMS,HEAQHER,SARAH,1993-12-02,1993,33,F,A,NL,DEM,VA,SURRY,,DOBSON,27017,,03/07/2016,R,V0000892
101329_B,DL000774_B,SPEUCER,SANDY,,1957-06-23,1957,69,U,W,NL,DEM,,DURHAM,7 BROOKSIDE DR APT 24,DURHAM,27703,,09/24/1980,R,V0008849
107366_B,BC001154_B,MCKINNEY,CAROLYN,EMMA,1991-11-08,1991,35,F,W,NL,DEM,NC,WAKE,1199 HEARTHSIDE DR,RALEIGH,,,07/19/2020,A,V0003099
102539_B,FY004162_B,UROWN,DANNY,,1980-06-12,1980,46,M,W,NL,UNA,NY,CUMBERLAND,851 UNIVERSITY RD,FAYETTEVILLE,28315,,03/01/2019,A,V0004817
108385_B,FT004764_B,MCGRAW,JENIFER,,2002-06-05,2002,24,F,W,UN,REP,NC,IREDELL,2722 SPRING MEADOW DR,STATESVILLE,28623,,12/18/2020,A,V0002282
105928_B,HN008198_B,PAIGE,ALLISON,JENNIFER,1976-05-04,1976,50,F,W,NL,REP,NC,ROWAN,445 HIGH ROCK RD,KANNAPOLIS,28083,,05/01/2002,A,V0002241
107649_B,BH001667_B,MCCALL,JAMES,ALFRED,1929-03-24,1929,97,M,W,NL,REP,PA,CABARRUS,126 S MEBANE ST,CONCORD,28025,8285829634,09/02/1976,I,V0009012
109518_B,GN009924_B,MANLEY,DONNA,VICTORIA,1954-01-09,1954,72,F,U,NL,DEM,MD,MECKLENBURG,18 BRINGLE FERRY RD,CHARLOTTE,28216,,08/16/2015,I,V0008558
102346_B,GF009681_B,DAVIS,SHERI,,1934-06-14,1934,92,U,W,NL,REP,,IREDELL,910 WALKER AVE,MOORESVILLE,28115,,12/26/2017,A,V0004601
104202_B,XW006278_B,GONZALES,ERIC,,2005-03-07,2005,21,U,W,NL,UNA,NC,WAKE,5096 COMMONWEALTS AVE,WAKE FOREST,27587,8287091423,01/09/2026,R,V0006297
109683_B,BE000798_B,MOOPE,COREY,CODY,,2006,20,M,W,UN,REP,OR,DURHAM,4945 MOCKINGBIRD LN,DURHAM,27703,,02/19/2024,I,V0002205
105072_B,WJ002206_B,PEMBERTON,APRIL,,2005-03-26,2005,21,F,B,NL,DEM,NC,IREDELL,732 E HAGGARD AVE APT 38,STATESVILLE,28677,,09/12/2023,A,V0007793
103949_B,XC002016_B,EDWARDS,MARSHA,,1984-08-10,1984,42,F,B,UN,DEM,NC,WAKE,7507 KING ST,RALEIGH,27610,,06/05/2002,A,V0000172
106327_B,FC008631_B,COOPER,CAITLIN,,1976-06-23,1976,50,F,W,UN,UNA,NC,STOKES,50338 NC 39 HWY,GERMANTON,27019,7048514209,11/21/2016,A,V0006984
107153_B,DG007037_B,SMITH,JAMES,,,1946,80,M,B,UN,UNA,PA,WAKE,,cary,27513,,03/26/2024,D,V0006993
104948_B,NB006809_B,ODELL,RICKY,ALBERX,1950-10-17,1950,76,M,W,NL,DEM,NJ,BRUNSWICK,688 PINEVIEW DR,CALABASH,28467,,03/22/2024,R,V0002335
107206_B,BA004899_B,MILLEI,DENNIS,RYAN,1954-08-14,1954,72,M,W,NL,UNA,NC,DURHAM,3899 LEES CHAPEL RD,DURHAM,27704,,01/26/2020,A,V0003483
108614_B,PT008087_B,ERWIN,ROBERT,MTCHAEL,2008-02-13,2008,18,M,W,NL,DEM,NC,HENDERSON,4444 MAPLE STREET,HENDERSONVILLE,,9197328530,09/25/2026,I,V0002042
106428_B,XW005295_B,LIU,JULIA,,2005-10-20,2005,21,U,W,NL,REP,GA,SURRY,130 FAIRFIELD DR,PILOT MOUNTAIN,27041,,01/08/2023,R,V0002440
109035_B,LW002897_B,MCKINNEY,ANGELA,CHATLOTTE,1962-03-08,1962,64,F,W,NL,UNA,NY,DAVIE,494 IVEY ROAD,ADVA.,27008,,03/03/1988,A,V0005181
105818_B,DH004419_B,MCGEE,JOSEPH,,1957-07-26,1957,69,M,W,NL,UNA,PA,BRUNSWICK,4350 ST ALBANS DR,SHALLOTTE,28470,9109891094,08/10/2012,A,V0005193
106514_B,GB007604_B,DIAZ,MICHAEL,,1975-05-05,1975,51,M,W,UN,DEM,NC,NASH,4708 XOREST DR,ROCKY MOUNT,27803,4237952293,10/07/2017,A,V0003908
100743_B,JH009422_B,MATTHEWS,EMMA,,1950-11-03,1950,76,F,W,NL,UNA,TX,WAKE,472 E 36TH ST,WAKE FOREST,27587,2526372008,12/08/2022,A,V0000931
104388_B,GL002904_B,DIXON,KEITH,MATTHEW,1981-11-06,1981,45,M,W,NL,UNA,NC,WAKE,421 WSSU LOT 13,GARNER,27529,,09/28/2024,A,V0001185
108535_B,BS000305_B,SANTANA,MICHAEL,MARK,1995-05-05,1995,31,M,W,NL,UNA,NC,POLK,818 OAK HILL DR,COLUMBUS,28722,9194735843,09/27/2024,A,V0006677
107058_B,MJ005940_B,BRADLEY,MARK,,1997-06-11,1997,29,M,W,NL,DEM,NC,CHATHAM,5160 BROWN RD,CHAPEL HILL,27517,,01/05/2022,A,V0008870
103148_B,BX008330_B,SCOTT,MARILYN,CATHEQINE,1980-02-20,1980,46,F,W,NL,UNA,CT,GASTON,6758 LONGWOOD DR,DALLAS,28034,,03/02/2026,R,V0001607
109984_B,FP005312_B,CUMMINGS,MICHELLE,,1984-12-27,1984,42,F,U,NL,DEM,NC,FORSYTH,8833 CHURCH RD,WINSTON SALEM,27127,9199453845,03/10/2020,A,V0006544
106043_B,SH009762_B,DELLINGER,AMANDA,REBECCA,1993-07-24,1993,33,F,W,NL,REP,SC,GUILFORD,1515 HILL RD,SUMMERFIELD,,,01/16/2025,A,V0007674
105047_B,RH001961_B,BUTLER,BRENDA,AMELIA,1960-09-18,1960,66,F,W,NL,UNA,NC,BERTIE,37435 MCCRIMMON PKWY,WIND.,,,04/27/2025,A,V0003452
109901_B,DM006229_B,PURVIS,MATTHEW,JERRY,1949-01-14,1949,77,M,W,UN,REP,NJ,IREDELL,1892 SIX FORKS RD,MOOR.,28117,,10/18/2022,A,V0006946
102842_B,SS001875_B,WILLIAMS,SARA,,1960-11-16,1960,66,U,O,NL,UNA,NY,BRUNSWICK,381 WALL ST,O. ISLE BEACH,28469,6092478623,06/12/1978,A,V0003387
107036_B,VD005690_B,MARTIN,CARL,,1994-11-26,1994,32,U,W,NL,UNA,OH,STANLY,72 GUM BRANCL RD,NEW LONDON,28120,,01/07/2012,A,V0006105
104516_B,MD008402_B,BRAOLEY,IVERETTE,,1968-07-13,1968,58,U,W,NL,DEM,GA,RANDOLPH,93 W FIRST ST,ARCHDALE,27263,,04/15/2020,A,V0007045
101296_B,JP003477_B,HORNE,MADISON,SHAUNA,,1956,70,F,B,NL,DEM,,MECKLENBURG,1059 FAIRWAY DZ,CHARLOTTE,28277,2523503224,06/24/1992,D,V0001169
109534_B,EB001482_B,BURTON,KEIAH,,1984-04-26,1984,42,M,W,NL,DEM,DC,ROBESON,77710 WELLINGTON DR APT 32,LUMBERTON,28358,,03/04/2002,A,V0004903
103862_B,LK003343_B,HESTER,CHRISTOPHER,,1971-07-06,1971,55,M,W,NL,REP,,RANDOLPH,3664 W 5TH ST UNIT 19,SOPHIA,27350,,09/09/1998,A,V0006408
102507_B,NP003991_B,MCCOY,SANDRA,JANET,1983-09-11,1983,43,F,W,NL,DEM,,LENOIR,202 HOWARD ST,PINK HILL,28572,,01/11/2001,A,V0005655
103056_B,SP009592_B,WASHINGTON,JULIA,,1947-11-16,1947,79,F,W,NL,UNA,NC,MOORE,195 LAKEVIEW DR,SEVEN LAKES,,,05/13/1990,A,V0001850
100427_B,VM009933_B,BOWEN,LYNNE,KATIE,2002-09-24,2002,24,F,W,UN,REP,SC,MECKLENBURG,9792 ELM ST UNIT 9,CHARLOTTE,28215,,09/16/2025,A,V0005691
101605_B,FD002329_B,LOVELACE,DAVID,TODD,1953-02-17,1953,73,M,W,UN,UNA,HI,WAKE,424 COLONIAL DR,FUQUAY VARINA,27526,,06/09/2025,R,V0001070
101773_B,YW008290_B,PHILLIPS,PHILLIP,JUSTIN,1982-06-16,1982,44,M,O,HL,REP,IA,WAKE,3244 ROCKFISH RD,RALE.,27619,,10/11/2018,R,V0002709
105266_B,JY005635_B,STEPHENS,RACHEL,,1963-03-14,1963,63,F,W,NL,UNA,NC,WAKE,7864 WALKER RD,RALEIGH,27604,3366938856,05/04/2020,A,V0007521
104609_B,VY008743_B,MASSEY,WTYNE,,2003-01-05,2003,23,M,W,NL,UNA,,GUILFORD,129 MORNINGSIDE DR,HIGH POINT,27265,7043015926,12/02/2021,A,V0002480
105105_B,FE005814_B,MINOR,SHELBY,PAULA,1972-02-16,1972,54,F,W,NL,DEM,IN,NEW HANOVER,347 ROCKFORD ZD,WILMINGTON,28411,,08/16/1999,A,V0005887
101621_B,VS006497_B,HOFFMAN,SUSAN,,1925-10-10,1925,101,F,U,NL,UNA,NC,NEW HANOVER,4808 RIDGE RD,C. HAYNE,28429,8284897267,03/27/2000,A,V0008329
102376_B,EP007593_B,HAWKINS,ASHLEY,,2001-03-13,2001,25,M,W,HL,REP,,CRAVEN,265 SOMERSET DRIVE,NEW BERN,28560,,06/02/2019,A,V0008315
104321_B,AZ000868_B,TAYLOR,LINDA,,1950-11-05,1950,76,F,W,NL,REP,NC,FORSYTH,3737 W KING ST,LEWISVILLE,,,07/18/1984,A,V0004040
103274_B,WA000640_B,THOMAS,JUDY,,1974-03-08,1974,52,F,W,UN,REP,PA,FORSYTH,1980 OLEANDER DR APT 9,WINSTON SALEM,27103,,01/08/2011,A,V0007956
103553_B,ZB002149_B,MULLIS,ROBERW,TRAVIS,1970-12-28,1970,56,M,W,NL,UNA,NC,CABARRUS,1381 WILLIAMS RD,CONCORD,28027,,01/03/2006,A,V0004137
103215_B,XJ000784_B,GRANT,WILLIE,LOGAN,1953-09-03,1953,73,M,W,NL,REP,FL,UNION,82 INDIAN TRL,MATT.,28101,4348911965,09/21/2008,R,V0005452
100433_B,RB008231_B,BAKER,SARAH,,1991-12-02,1991,35,F,B,NL,DEM,NC,PENDER,7548 GUESS RD,ROCKY POINT,28450,,01/07/2022,R,V0000149
109362_B,ME005186_B,WORKMAN,ROY,,1984-12-09,1984,42,M,W,UN,REP,NC,MECKLENBURG,27 N BREVARD ST,CHARLOTTE,28269,3367305402,07/18/2018,A,V0008482
105508_B,ZM005833_B,SMITH,ROBERT,ALBERT,1995-07-23,1995,31,M,W,NL,DEM,,MECKLENBURG,144 UNION RD,CHARLOTTE,28215,8286719533,08/25/2024,D,V0001982
103572_B,TH001621_B,SLRONG,BRITTANY,MARY,1969-10-08,1969,57,F,B,UN,DEM,OH,MECKLENBURG,1259 SHARON RD,CHARLOTTE,28205,3367129343,06/02/2005,A,V0004531
104265_B,PT004979_B,SMITH,JOHN,CECIL,1976-07-07,1976,50,M,U,NL,DEM,NC,MECKLENBURG,1073 OLD MOUNTAIN RD,CHARLOTTE,28216,,03/10/2014,A,V0000640
101016_B,CJ009453_B,CRAWLEY,AARON,RICHARD,1992-11-17,1992,34,M,W,UN,REP,PA,WAKE,1055 OAK ST,RALEIGH,27610,9109227657,08/27/2024,A,V0006713
107812_B,LG009767_B,LEE,BAILEY,,1953-05-03,1953,73,F,W,NL,UNA,CT,BRUNSWICK,,CAROLINA SHORES,28467,9198552457,09/01/2019,A,V0003546
102898_B,DM000082_B,BYNUM,JAMES,BRIAN,1970-01-18,1970,56,M,W,UN,REP,NC,GUILFORD,7941 TOWER RD,COLFAX,,,07/13/2025,A,V0007424
103837_B,RW009313_B,HALL,PAULA,,1944-10-24,1944,82,F,W,UN,REP,,GUILFORD,401 HOBBS FD,GREENSBORO,27455,7046107646,04/25/2022,R,V0000797
103475_B,NP008455_B,RAWLS,PATRICK,,1977-10-11,1977,49,M,W,NL,UNA,,PITT,976 ALLEN STREET,GREENVILLE,27858,,04/27/2006,A,V0000330
105621_B,AD005385_B,KIRBY,CAROL,,1984-02-21,1984,42,F,W,NL,UNA,NC,CATAWBA,2552 MADISON AVE,HICKORY,28601,9196396826,08/17/2006,A,V0001530
107156_B,PV003225_B,HAWKINS,MARTHA,VIRGINIA,1978-04-10,1978,48,F,W,UN,REP,MO,WAKE,401 FAYETTEVILLE ST,RALEIGH,27616,9103557021,09/04/2016,A,V0007282
104491_B,ZK008169_B,BUMGARNER,LISA,,1984-10-16,1984,42,F,W,UN,UNA,,PERSON,1339 S MAIN ST,HURDLE MILLS,27541,,10/19/2025,A,V0003922
107822_B,LF009835_B,ALLEN,EMMA,,1962-03-14,1962,64,F,B,NL,DEM,,WAKE,6216 S MAIN ST APT 23,WENDELL,27591,,01/15/2022,A,V0006245
108015_B,GL002388_B,NELSON,AMANDA,KAYLA,1975-03-17,1975,51,F,W,UN,UNA,NC,DARE,1339 RIVERVIEW DR,KILL DEVIL HILLS,27945,,06/10/2012,R,V0005658
100140_B,NH002490_B,HOLLAND,RHONDA,JANET,2008-01-21,2008,18,F,W,NL,REP,NC,MECKLENBURG,4785 N CHURCH ST,CHARLOTTE,28269,,11/12/2026,A,V0004343
106128_B,BG009522_B,WHITESIDE,JAMES,JEFFREY,1981-12-21,1981,45,M,W,UN,REP,NC,STOKES,63 CHAPEL DR,king,27021,5183018338,12/11/1999,I,V0000013
103783_B,WC002052_B,GRAHAM,SHIRLEY,MARILYN,1979-02-25,1979,47,U,W,NL,UNA,NC,RUTHERFORD,2593 LAKEVIEW DR,FOREST CITY,28043,,12/26/2004,A,V0000346
109118_B,TM001269_B,BOYER,TRAVIS,RAYMOND,1955-08-05,1955,71,M,W,NL,UNA,NY,CRAVEN,77 MEADOWBROOK DRIVE,COVE CITY,28523,,02/17/2020,A,V0002870
101519_B,FP008308_B,COOK,KRISTEN,PAMELA,1963-04-11,1963,63,U,W,UN,UNA,OC,BRUNSWICK,831 NC 54,CAROLINA SHORES,28467,,08/28/2016,R,V0003102
107115_B,ZP005209_B,POWERS,CHARLES,WILLIAM,1979-09-11,1979,47,M,W,UN,UNA,NY,WAKE,6480 FOSTER RD,RALEIGH,27610,,12/01/2019,I,V0008458
108980_B,SR009244_B,HANCOCK,KAREN,,1999-12-24,1999,27,F,W,NL,REP,NC,GUILFORD,514 SOUTH ST,GREENSBORO,27407,8282647148,09/27/2017,A,V0007387
107737_B,VT007801_B,RICHARDSON,MAGGIE,VICTORIA,1991-09-10,1991,35,F,B,UN,DEM,NC,CURRITUCK,1222 CAROLINA AVE,MOYOCK,27958,2528990645,07/11/2019,A,V0009324
101312_B,PL008163_B,MARTINEZ,LINDSAY,,,1948,78,F,W,NL,REP,NY,HOKE,5436 VIRGINIA AVE,FAYETTEVILLE,28306,,08/08/2020,R,V0000203
108938_B,WM009333_B,BENJAMIN,CARMEN,,1952-05-20,1952,74,F,W,NL,UNA,MI,MECKLENBURG,20291 OLD RIVER RD,CHARLOTTE,28269,,12/04/2021,A,V0006813
104314_B,NR001236_B,MCDOWELL,ANUA,AMELIA,1979-03-26,1979,47,U,B,NL,DEM,NC,WAKE,3427 RIDGE RD,CARY,27510,,07/13/2024,A,V0008086
104001_B,GG005293_B,HARGROVE,FRANCES,ANNE,1950-12-26,1950,76,F,W,UN,UNA,NC,CARTERET,4272 ELM ST,MOREHEAD CITY,28557,,09/28/1968,R,V0008043
109511_B,BK008910_B,BENTLEY,JOHN,,1967-08-16,1967,59,M,B,NL,DEM,NC,BRUNSWICK,336 CHERRY ST,OCEAN ISLE BEACH,28469,,11/27/2004,A,V0005038
102326_B,NE008431_B,FRANKLIN,PAULA,,1961-07-22,1961,65,F,O,UN,DEM,,WAKE,1573 KELLY RD,RALEIGH,27603,6786823624,09/28/2021,A,V0003046
100421_B,YC005445_B,HALL,CHARLES,DEREK,1993-02-06,1993,33,M,W,NL,REP,IL,NASH,1879 PINEVIEW DR,NASHVILLE,27856,2527618644,10/14/2011,A,V0008795
107924_B,HF007364_B,MILLER,RANDALL,,1968-03-08,1968,58,U,A,NL,UNA,WI,ROBESON,3942 S MAIN ST,ST PAULS,28384,,02/03/2021,A,V0001263
104757_B,FR008210_B,WILLIAMS,MELISSA,CHRISTINA,1958-01-10,1958,68,F,W,NL,UNA,NY,ANSON,513 OLD VINEYARD RD,WADESBORO,28170,,04/08/2021,A,V0001489
105570_B,VL004860_B,SASSER,JORDYN,DESTINY,1994-01-10,1994,32,F,W,NL,REP,NC,WAKE,8085 CAROLINA AVE,RALEIGH,27613,,07/26/2022,A,V0004678
103310_B,SC007937_B,BARBER,MALLORY,JAMES,2005-04-06,2005,21,U,B,NL,DEM,NC,CHATHAM,185 SOUTH BLVD,APEX,27523,,09/25/2025,A,V0009153
108270_B,NX005900_B,HOLLAND,BRYAN,HENRY,1974-02-23,1974,52,M,W,UN,UNA,CT,MECKLENBURG,1730 OAK ST,CHAR.,28215,,07/01/2024,R,V0007456
105329_B,NV009394_B,BFNNETT,PEPGY,,1946-10-24,1946,80,F,W,UN,REP,NC,MECKLENBURG,2361 HENDERSON RD,CHAR.,28277,,03/24/1997,A,V0008781
102059_B,XB006269_B,LOCKLEAR,WIRREN,,2001-07-08,2001,25,M,W,NL,DEM,WA,NORTHAMPTON,475 BRENTWOOD RD,GARYSBURG,,,05/09/2019,A,V0008344
105350_B,LX006771_B,BREWER,MARGARHT,,1927-03-21,1927,99,F,W,NL,UNA,VA,GUILFORD,4404 WOODLAND AVE,GREENSBORO,27455,,11/03/2016,I,V0002464
107958_B,WD009276_B,JERNIGAN,STEPHEN,HMANUEL,1978-07-02,1978,48,M,U,NL,UNA,MI,GUILFORD,263 TURNPIKE RD,GIBSONVILLE,27249,,09/02/2017,D,V0008153
108801_B,HY008344_B,BENRETT,RUTH,ELAINE,1956-06-04,1956,70,F,W,NL,DEM,NC,MECKLENBURG,1452 MEADOW LN,CHARLOTTE,,,04/05/2016,A,V0001040
108524_B,TA003007_B,THOMPSON,GEORGE,HEATH,1950-03-25,1950,76,M,O,NL,UNA,NC,CATAWBA,137 RACINE DR,MAIDEN,28650,,01/17/2023,A,V0002376
108303_B,BN005959_B,HINES,SYM,KEVIN,1981-08-08,1981,45,M,W,NL,REP,NC,GUILFORD,,O. RIDGE,27310,9195365886,11/27/2004,A,V0004986
101928_B,CY002127_B,PEGUES,JANET,,1975-11-15,1975,51,F,B,NL,DEM,,FORSYTH,270 NOTTINFHAM DR APT 8,WINSTON SALEM,27104,,08/08/2025,A,V0004373
100618_B,TK001556_B,CHANDLER,BERNICE,,1950-11-26,1950,76,F,B,NL,DEM,NC,BUNCOMBE,1282 W PINE ST,LEICESTER,28748,9843880981,01/01/2026,R,V0000702
105858_B,KF002256_B,DEAVER,ELLIE,,1998-03-23,1998,28,F,W,NL,UNA,NC,BURKE,3457 EVANS RD,MORGANTON,28655,9104613818,03/06/2024,A,V0007420
101855_B,EH000109_B,ONEAL,TAYLOR,,2005-01-15,2005,21,F,A,NL,UNA,NC,DURHAM,1317 PLANTATION DR,DURHAM,27714,3369300699,09/23/2023,A,V0005362
100174_B,EZ005339_B,PAYNE,SHARON,LAILA,1977-08-14,1977,49,F,W,NL,DEM,NC,HALIFAX,16005 SULPHUR SPRINGS RD,ROANOKE RAPIDS,27870,,09/05/2025,A,V0002322
102139_B,GK000257_B,PARKS,KAREN,,2004-05-23,2004,22,F,B,NL,DEM,NC,GUILFORD,13 WHITE ST,GREENSBORO,27410,,06/03/2022,R,V0006975
103926_B,MG009314_B,PATE,NANCY,,1992-01-12,1992,34,F,M,NL,UNA,NC,WAKE,1440 NC 39 HWY,RALEIGH,27603,,08/08/2025,A,V0005631
101995_B,DH008750_B,GENTRY,JUDY,DIANE,2001-05-15,2001,25,F,W,UN,UNA,NC,DURHAM,3425 GRACE ST,DURHAM,,,01/21/2019,A,V0000848
108582_B,VD008901_B,JOHNSON,DANA,,1932-10-10,1932,94,F,O,NL,DEM,NC,WAKE,9442 WESTERN GLVD,APEX,,9107119847,06/12/2008,A,V0005838
107516_B,WV009291_B,WASHINGTON,GENESIS,,1963-12-19,1963,63,F,W,NL,UNA,MA,MARTIN,126 CHURCH ST APT 27,WILLIAMSTON,27892,,08/05/2021,A,V0001520
108263_B,TZ006650_B,MILLS,ANDREW,ALEXANDER,1977-12-14,1977,49,M,U,UN,UNA,NC,BURKE,1865 SPRING MEADOW DR UNIT 33,MORGANTON,28655,,08/23/2015,A,V0002926
100796_B,XY008934_B,AMITH,MITCHELL,LEONARD,1971-01-12,1971,55,M,B,NL,DEM,OC,BUNCOMBE,468 S ELM ST,FLETCHER,28732,,07/03/2007,A,V0001394
100880_B,VX006973_B,MCCANK,SANDRA,,1977-10-22,1977,49,F,W,NL,DEM,FL,LEE,7847 BATTLEGROUND AVE,SANFORD,27332,7043705083,01/26/2011,R,V0001221
102405_B,RX008966_B,WOODS,LLICIA,,1954-07-08,1954,72,U,W,NL,REP,KY,STANLY,3460 LAKEVIEW DR,ALBEMARLE,28001,,02/04/2022,A,V0008829
103091_B,SH004863_B,BOONE,AUSTIN,,1998-09-04,1998,28,M,W,UN,REP,FL,DURHAM,7673 FARRINGTON RD,DURHAM,27704,,10/12/2018,I,V0007740
101012_B,PB001973_B,RODRIGUEZ,SALLY,,1955-03-18,1955,71,U,U,NL,DEM,NC,PERSON,6549 SMITH RD,TIMBERLAKE,27583,8282095592,12/20/2013,A,V0003712
106188_B,DS002178_B,ALLISON,JULIE,,1976-02-17,1976,50,F,W,NL,REP,,UNION,710 FORESTDALE DR,WAXHAW,28173,7048423615,11/03/2013,A,V0003986
109123_B,LA001877_B,HOLDER,EMILY,,1964-02-10,1964,62,F,W,UN,UNA,,CUMBERLAND,39585 TUCKER ST,FAYETTEVILLE,28314,3369347702,08/04/2010,A,V0003159
109294_B,AJ000462_B,GRAHAM,MARGARET,MARY,1967-06-23,1967,59,F,W,NL,UNA,ME,COLUMBUS,1834 WILLIAMS RD,TABOR CITY,28463,9199321321,02/22/2018,I,V0009219
108432_B,AP004696_B,KEEN,LNRIQUE,HAROLD,1989-02-07,1989,37,U,W,UN,REP,NC,DURHAM,3547 SCHOOL ST,DURHAM,27704,,09/26/2026,A,V0008190
100741_B,DR005627_B,FERGUSON,FRANK,CHRISTOPHER,1961-02-16,1961,65,M,W,NL,DEM,OC,AVERY,3566 CLARK AVE,NEWLAND,28657,3368466289,08/08/2009,A,V0003194
109657_B,BP001623_B,HUNSUCKER,JASMINE,CHRISTINA,2000-03-21,2000,26,F,B,UN,DEM,NC,WAKE,,RALEIGH,27602,8285675437,02/23/2018,A,V0000236
109837_B,KZ005791_B,OCONZOR,MYA,PATSY,1971-10-01,1971,55,F,B,HL,UNA,CA,HAYWOOD,7307 PINE ST,WAYNESVILLE,28785,7049533529,02/26/2012,R,V0009235
103139_B,ZZ007533_B,WEBB,JOSEPF,,1952-07-08,1952,74,M,W,UN,UNA,NC,FRANKLIN,1366 SHAW RD,LOUISBURG,27549,9109121944,07/13/1989,R,V0004372
104528_B,DT006224_B,HALL,EDWARD,CURTIS,1988-07-17,1988,38,M,B,UN,DEM,NC,WAKE,330 QUEEN ST,RALEIGH,27615,7049711643,06/28/2021,A,V0008355
107946_B,TL000973_B,DAVIS,MELISSA,JOYCE,1982-07-06,1982,44,F,O,NL,UNA,,GASTON,410 ACADEMY ST,GASTONIA,28054,,04/18/2000,A,V0001965
100100_B,PG009987_B,CROCKER,FRHNCES,BENJAMIN,1958-04-08,1958,68,U,W,UN,UNA,MI,JOHNSTON,6838 LAKEWOOD DR,ANGIER,27501,9809964227,03/16/2017,R,V0009280
101428_B,YW004135_B,JONES,MARGARET,,1954-05-09,1954,72,F,U,NL,UNA,PA,ORANGE,1309 PARK RD,MEBANE,27302,8285250614,11/03/2021,A,V0004159
108147_B,YL003164_B,COWAN,BARBARA,VALERIE,1947-04-26,1947,79,F,B,NL,UNA,NC,DURHAM,1293 CHAPEL HIDL RD,DURHAM,27713,9193785313,09/15/2002,I,V0003522
108097_B,HC009158_B,GILBERT,MICHAEL,,1951-06-13,1951,75,M,W,UN,UNA,NC,MONTGOMERY,,TROY,27371,,12/14/2020,A,V0004203
105281_B,BH000421_B,AUMAN,DIXIE,STACEY,1994-09-21,1994,32,F,W,NL,UNA,SC,RANDOLPH,2461 LAKE DR,LIBERTY,,,12/19/2018,A,V0001407
107667_B,NM007008_B,ENNIS,ADRIAN,GREGORY,1977-01-26,1977,49,M,B,NL,DEM,MD,JOHNSTON,7611 PINE ST,GARNER,27529,4724330533,05/22/1995,A,V0007275
102704_B,DT006270_B,KING,MAKAYLA,,1995-01-18,1995,31,F,W,NL,DEM,NC,IREDELL,1596 QUEEN ST,MOOR.,28115,9195095960,10/19/2013,I,V0001628
102692_B,FA004286_B,PATTERSON,SHELBY,,1973-10-26,1973,53,F,B,NL,UNA,NC,CUMBERLAND,312 RNVER RD,FAYETTEVILLE,28303,,02/24/2000,A,V0001080
108474_B,PA008849_B,MORRISON,JTY,THOMAS,1965-05-27,1965,61,M,W,NL,REP,,BUNCOMBE,7709 MILL CREEK RD,ASHEVILLE,28806,8288540525,12/19/2025,A,V0009184
105437_B,SD004176_B,PETTIT,MICHELLE,LILY,2000-08-21,2000,26,F,U,NL,REP,NC,BUNCOMBE,167 WESTMINSTER DR,CANDLER,28715,,08/16/2024,A,V0004324
101178_B,XG009971_B,KNOWLES,MICHAEL,,,1987,39,M,B,UN,UNA,MI,FORSYTH,76955 DUNN RD,WINSTON SALEM,27127,,11/22/2024,D,V0005771
105307_B,MN001766_B,HURST,OARRY,ROBERT,2006-11-23,2006,20,M,W,NL,UNA,NC,WAKE,75 MEMORY LN APT 2,FUQUAY VARINA,27526,,05/21/2024,I,V0006933
105806_B,LJ002163_B,JOHNSON,NICHOLAG,,1966-02-11,1966,60,M,W,NL,REP,WA,NEW HANOVER,7442 W MARKET ST,WILMINGTON,28412,,05/09/2025,A,V0004980
105015_B,HS002778_B,PRICE,GFNGER,MARCIA,1981-11-22,1981,45,F,W,NL,REP,SC,ROBESON,13180 VALLEY RD,PEMBROKE,28372,,09/28/2020,A,V0006551
109551_B,GH003478_B,YOUNG,JARED,MAX,1951-04-19,1951,75,M,W,UN,UNA,NC,MACON,2800 MEADOW LN,OTTO,28763,,04/18/1988,A,V0007931
106751_B,KY005847_B,WILSON,CLAIRE,VYA,1989-11-16,1989,37,F,W,UN,REP,WI,HAYWOOD,8409 MAPLE AVE,CLYDE,28721,,08/06/2025,I,V0001720
101081_B,WH000908_B,LLOYD,MATTHEW,MICHAEL,1998-02-15,1998,28,M,B,NL,DEM,NC,BUNCOMBE,347 W MONROE ST,WEAVERVILLE,28787,2527895056,04/23/2020,A,V0004526
104239_B,PE006588_B,HAJD,DEREK,,1948-04-18,1948,78,M,W,NL,DEM,,CUMBERLAND,,FAYE.,28311,7044304298,01/10/2016,A,V0008138
102458_B,GL007597_B,CLARK,VINCENT,,1971-09-06,1971,55,U,B,NL,DEM,NC,WARREN,159 VILLAGE DR,LITTLETON,27854,9102025761,10/04/2019,A,V0003513
101247_B,GB009411_B,HADLEY,STEPHEN,,1958-05-20,1958,68,M,U,NL,UNA,NC,ANSON,376 W FRIENDLY AVE,MORVEN,28119,9199642212,05/11/2018,A,V0002020
109761_B,TT009927_B,TOLBERT,KEVIN,,1999-05-10,1999,27,M,W,NL,REP,,GASTON,367 SHADY LN,GASTONIA,28056,,09/20/2020,R,V0009037
104466_B,XT005249_B,MIDDLETON,KIMBERLY,,2002-08-16,2002,24,F,B,NL,UNA,NC,ROWAN,148 HILLSBOROUGH ST,SALISBURY,28147,,02/25/2020,A,V0004711
104454_B,GY005057_B,DOVIS,GREGG,BRANDON,2007-12-14,2007,19,U,B,UN,DEM,GA,ROCKINGHAM,36 WSSU,REIDSVILLE,27320,9108635538,01/18/2025,A,V0006484
100800_B,SJ009684_B,ANDERSON,MARSHALL,KEVVN,1980-06-12,1980,46,M,W,NL,REP,WI,WAKE,560 VANCE ST,HOLLY SPRINGS,27540,2526935031,02/07/1998,A,V0003417
100860_B,RG000957_B,BIVENS,TAMMY,,1978-08-14,1978,48,F,A,NL,UNA,NC,BURKE,2037 NC 55 HWY W,MORGANTON,28655,8642444481,10/22/2016,A,V0004564
100878_B,MV007528_B,BELL,SHEILA,,1943-03-16,1943,83,F,W,UN,DEM,NC,CUMBERLAND,6776 WSFU,FAYETTEVILLE,28306,,09/02/2020,A,V0003418
100540_B,MH006499_B,GARNER,ALAN,DEVIN,1976-10-25,1976,50,M,W,NL,REP,NC,NEW HANOVER,456 WHITE ST UNIT 39,WILMINGTON,28409,3363093979,05/08/2016,A,V0004956
108118_B,HA005418_B,WALTER,BOBPY,DAVID,1972-12-11,1972,54,M,W,NL,REP,OH,PITT,,WINTERVILLE,28595,,09/02/2016,A,V0000261
106148_B,BW009328_B,MCBRIDE,JEFFERY,,2001-05-01,2001,25,M,U,NL,UNA,NC,CABARRUS,329 MARTIN LUTHER KING JR DRIVE,KANNAPOLIS,28081,,08/09/2019,A,V0009051
105573_B,HS003814_B,HADLEY,SARAH,LINDA,1939-08-09,1939,87,F,B,UN,DEM,SD,WAKE,,RALEIGH,27610,3526510500,08/21/1999,D,V0001401
106628_B,EX005221_B,BISHOP,ANTHONY,,1948-07-14,1948,78,F,W,NL,DEM,NC,HARNETT,395 PINE RIDGE RD,DUNN,28334,,02/12/2015,A,V0001962
108511_B,KA009732_B,WALKER,LARRY,,2000-03-06,2000,26,M,W,UN,UNA,VA,FORSYTH,1132 PEACOCK RD UNIT 22,WINSTON SALEM,27127,,08/24/2018,A,V0005572
108942_B,CT008093_B,GORE,ALLISON,,1979-05-14,1979,47,F,W,NL,UNA,NC,WAKE,5751 W MAIN ST,RALEIGH,27615,3177738131,10/20/2005,D,V0002656
106363_B,GY003462_B,SHEPPAQD,BROOKM,PAULA,1988-08-27,1988,38,F,B,UN,DEM,NY,WAKE,4900 TURNER RD,RALEIGH,27603,9199418804,01/21/2016,A,V0009182
109127_B,AW009162_B,BLEVINS,JASON,MARTY,2008-06-21,2008,18,M,W,HL,REP,NC,MECKLENBURG,1031 ALEXANDER RD,PINE.,28134,,10/01/2026,A,V0003476
100794_B,XA003471_B,PATTERSON,AUBREY,,1982-06-06,1982,44,M,W,NL,REP,NC,ALAMANCE,1316 KELLY RD,GRAHAM,27253,8286465015,02/13/2000,A,V0002194
108698_B,PW006990_B,SMITJ,CARLOS,,1950-04-01,1950,76,M,B,NL,DEM,NC,GUILFORD,278 GUM BRANCH RD,GREENSBORO,27407,3367975375,09/25/2022,R,V0005821
104789_B,BT005977_B,BLACKWELL,ROBERT,,1988-12-10,1988,38,M,B,UN,DEM,TX,PITT,1642 HEWITT ST,GRIFTON,28530,,12/06/2017,A,V0008681
100645_B,MZ008216_B,PARKER,JIMRY,,1990-08-11,1990,36,M,B,NL,DEM,NC,GUILFORD,2484 NORTH ST,GIBSONVILLE,27242,,12/15/2019,A,V0002755
109731_B,WD007516_B,HANSBEY,MATTHEW,,1988-03-15,1988,38,M,W,NL,UNA,PA,MONTGOMERY,9125 BROAD ST,NEW LONDON,28127,2528860310,11/20/2023,A,V0006231
101690_B,VF002154_B,BENNETT,STACY,,1954-05-26,1954,72,F,W,NL,REP,NY,UNION,924 N CENTER STREET,INDIAN TRAIL,28079,9196157656,09/28/1986,A,V0009277
104020_B,MT004527_B,HOLDEN,MELODY,SABRINA,1997-09-19,1997,29,F,U,NL,DEM,NC,GUILFORD,,SUMMERFIELD,27358,,02/25/2023,I,V0001760
105394_B,LG005330_B,BOWLING,KATELYN,HELEN,1965-11-27,1965,61,F,W,NL,DEM,NC,WAKE,2430 FAYETTEVILLE ST,RALE.,27610,,06/17/2020,A,V0001741
105212_B,PP006796_B,TUCK,MICHAEL,,1993-05-20,1993,33,M,W,NL,REP,,ALAMANCE,8353 OAK ST,LIBERTY,27298,9198786927,07/18/2019,A,V0004032
105016_B,ZW002242_B,CLAY,CARLEY,EILGEN,1998-01-13,1998,28,F,B,NL,DEM,NC,WAKE,3927 BETHEL RD,RALEIGH,27616,7043939950,04/21/2026,A,V0005062
104582_B,HF009784_B,SMITH,RESAR,,2001-06-28,2001,25,M,W,NL,UNA,CA,ORANGE,841 FAYETTEVILLE RD,MEBANE,27302,,10/16/2019,R,V0008736
107490_B,AA002655_B,SCOTT,BRUCE,YACOB,1978-03-07,1978,48,M,W,UN,REP,NC,RICHMOND,8102 N FAYETTEVILLE ST,ROCKINGHAM,28379,,01/25/2020,A,V0007602
109312_B,LM000408_B,SHAH,TIFFANY,MICHELLE,1988-10-01,1988,38,F,W,NL,REP,IL,RANDOLPH,,RANDLEMAN,27317,,07/17/2006,I,V0004667
104986_B,LH006154_B,BULLARD,MELISSA,ANDREA,1970-01-03,1970,56,F,U,NL,UNA,NC,JOHNSTON,8727 HARRIS RD,CLAYTON,27520,,04/19/2021,I,V0004709
109032_B,DX002811_B,DAWSON,JESSICA,SHANNON,1963-04-07,1963,63,F,W,NL,UNA,MI,MACON,3135 N TRYON ST LOT 2,FRANKLIN,28735,,01/04/2018,A,V0001349
106233_B,DB008013_B,WAGONER,MICHAELA,,2003-10-17,2003,23,F,W,NL,UNA,NC,WAKE,3821 NC 39 HWY,KNIGHTDALE,27545,2523453951,02/08/2021,D,V0006529
103454_B,LC001356_B,TURNER,MELODY,,1960-02-09,1960,66,F,U,UN,DEM,KY,WAKE,,HOLLY SPRINGS,27540,8283396435,03/12/2020,A,V0006982
107295_B,RA005892_B,WHITE,SUE,,1997-10-18,1997,29,F,W,NL,DEM,NY,HERTFORD,2806 CHURCH ST,AHOS.,27910,7047847998,08/10/2020,R,V0007089
104635_B,CE009064_B,DAWSON,MICHAEL,EDWARD,1962-11-01,1962,64,M,W,NL,UNA,,EDGECOMBE,466 SOUTH BLVD,WHITAKERS,27891,,11/06/2026,A,V0004674
103159_B,FF009322_B,ALFORD,ANTHONY,,1958-06-03,1958,68,M,W,UN,UNA,NC,GUILFORD,147 CARATOOE HWY,HIGH POINT,27262,,01/16/1996,A,V0000958
104874_B,RC008984_B,HENSLEY,MATTHEW,,1979-11-19,1979,47,M,B,UN,UNA,MD,GUILFORD,157 RIGGS RD,GREENSBORO,27410,9104846516,09/10/2024,A,V0002882
104007_B,LL007544_B,COOKE,CASSIDY,TRACY,1945-04-23,1945,81,F,W,UN,UNA,,WILKES,2446 HAWTHORNE DR,NORTH WILKESBORO,28657,9108437408,10/01/2021,A,V0000035
107211_B,FF009998_B,PARKER,WOBBY,CHRISTOPHER,1938-06-28,1938,88,M,W,NL,UNA,NC,WAKE,971 MADISON AVE,CARY,27516,9198837568,01/04/2005,A,V0002620
100652_B,MH004987_B,WALLACE,ELIJAH,MARC,1967-12-18,1967,59,M,B,NL,DEM,NC,MONTGOMERY,933 SULPHUR SPRINGS RD,TROY,27371,,11/12/2017,A,V0000054
107932_B,RR005875_B,JACOBS,JUSTIN,RAFAEL,1993-03-23,1993,33,M,W,UN,REP,TN,SCOTLAND,970 CANAL DR,LAURINBURG,28352,,07/03/2011,A,V0003568
101797_B,VS007211_B,SANCHEZ,JUDY,,1941-09-23,1941,85,M,W,NL,REP,NC,MOORE,348 FAYETTEVILLE ST,PINEHURST,28375,3075534028,01/19/2024,R,V0003319
105651_B,TE007588_B,DAVIS,HEATH,,1946-09-18,1946,80,M,W,NL,UNA,,UNION,1921 TURNPIKE RD,MONROE,28110,8286366627,11/22/2024,I,V0002919
105731_B,GN001363_B,COLE,JARED,,2006-10-12,2006,20,U,B,UN,DEM,OC,FRANKLIN,28 ELLIS RD,LOUISBURG,27540,4343578101,02/04/2024,A,V0009475
101216_B,ZJ004173_B,GILMORE,WILLIAM,FREDERACK,2001-05-02,2001,25,M,W,NL,REP,,FORSYTH,4786 SOUTH BLVD LOT 28,WINSTON SALEM,27106,2529502084,07/09/2019,A,V0003843
107897_B,BM006460_B,FINK,LORENA,,1948-08-02,1948,78,F,W,NL,REP,NC,BEAUFORT,751 PROVIDENCE RD,BELHAVEN,27810,,10/07/2025,I,V0008210
106695_B,ZX001048_B,REAVIS,BETRY,,1958-01-26,1958,68,F,W,NL,REP,NC,DUPLIN,768 CAROLINA AVE,MAGNOLIA,28453,3367592542,12/05/2025,I,V0008227
102827_B,SL002153_B,WHITE,VIVIAN,HAZPL,1933-06-11,1933,93,F,W,NL,REP,VA,WAKE,631 W MAIN ST,RALEIGH,27603,7043393895,12/07/1980,A,V0007071
106080_B,MM008439_B,SJITH,MARGARET,MEREDITH,1952-02-10,1952,74,F,W,UN,UNA,,ALEXANDER,,TAYLORSVILLE,28681,,01/02/2014,A,V0006365
108070_B,CH000117_B,KJNSEY,MEGAN,CHERYL,1945-08-20,1945,81,F,W,UN,UNA,NC,WAKE,3329 HEARTHSIDE DR,FUQUAY VARINA,27526,8655926961,05/02/2020,A,V0007577
101657_B,MA007763_B,FRAZIER,ROY,,1993-02-10,1993,33,M,W,NL,UNA,,BURKE,1531 CEDAR LN,CONNELLY SPRINGS,,,05/28/2025,A,V0002467
106373_B,GJ009769_B,ELLIOTT,JAMES,JEFFREY,1982-09-04,1982,44,M,W,NL,REP,LA,CLEVELAND,253 RIVER RD,SHELBY,28152,8282291867,06/20/2003,A,V0007966
100332_B,EA007300_B,SIMPSON,GERALD,,1974-05-09,1974,52,M,W,UN,DEM,NC,CHATHAM,4715 WOODLAND AVE APT 31,CHAPEL HILL,27517,,02/03/2022,A,V0004400
107626_B,AK009816_B,BRIDGES,STEPHANIE,EZIZABETH,2008-03-16,2008,18,F,B,NL,DEM,NY,ROCKINGHAM,3690 SOUTH BLVD LOT 15,STONEVILLE,27048,,02/05/2026,A,V0009327
104124_B,ZP007865_B,BRITT,ASHTON,JAMES,2002-07-09,2002,24,M,W,NL,DEM,NC,CABARRUS,365 HILLSBOROUGH RD,KANNAPOLIS,28081,,07/13/2020,A,V0000413
105563_B,BD006236_B,JAMES,TOMMY,,1999-05-28,1999,27,M,O,UN,UNA,NC,WAKE,7608 CHAPEL DR,WENDELL,27591,,11/15/2024,R,V0008720
103312_B,MP001428_B,BYRD,RALPH,,1974-09-10,1974,52,M,B,UN,DEM,NC,CUMBERLAND,398 S ROXBORO ST UNIT 27,FORT BRAGG,28306,9104724407,11/20/2020,A,V0001617
109880_B,EN002884_B,LEVFORD,VICTOR,,1988-01-07,1988,38,M,W,NL,REP,,MECKLENBURG,1323 E SOUTH ST,CHARLOTTE,28205,9195473994,07/21/2016,A,V0001665
109199_B,MV000681_B,MALLORY,SAMUEL,,2005-10-14,2005,21,U,W,NL,REP,NC,WAKE,2411 BROAD ST,WAKE FOREST,,,06/12/2025,R,V0006833
106979_B,RN001873_B,DOUGHERTY,SHELBY,ANASTASIA,1953-08-01,1953,73,U,W,NL,DEM,FL,IREDELL,396 PARK AVY,STATESVILLE,28625,,10/23/2012,A,V0002067
109108_B,YZ008498_B,JOHNSON,WENDY,,1979-07-02,1979,47,F,W,NL,UNA,,MECKLENBURG,313 VANCE STREET,CHARLOTTE,28277,9102078356,06/23/2023,A,V0004480
109327_B,DK009155_B,FITZGERALD,GAIL,DEBORAH,1970-11-12,1970,56,M,W,NL,DEM,,WAKE,2375 PENINSULA DR,CARY,27511,,07/11/2016,A,V0000777
105452_B,GR004942_B,PETTY,SYLVIA,,1933-02-08,1933,93,F,W,NL,REP,OC,ONSLOW,417 COOL SPRINGS RD,JACKSONVILLE,28546,3362257121,06/12/1996,A,V0002198
102111_B,JJ002173_B,HALEY,LEONARD,NATHAN,1962-07-27,1962,64,M,W,UN,UNA,SC,HALIFAX,149 ERWIN RD,HALIFAX,27831,,10/17/2018,A,V0006222
101488_B,RY009312_B,CULP,MARY,SAMANTHA,1989-08-10,1989,37,F,B,NL,DEM,NC,MECKLENBURG,12438 MCIN ST,CHARLOTTE,28227,,06/12/2018,A,V0009304
100846_B,NP008059_B,HARDISON,JERRY,NICOLAS,1968-05-15,1968,58,M,W,UN,UNA,OC,BRUNSWICK,1940 CANDLEWOOD DR,LELAND,28458,8288856876,05/18/2016,A,V0001492
100472_B,JR007908_B,WILLIAMS,WILLIE,,1952-05-24,1952,74,F,W,UN,UNA,CO,WAKE,118 S MAIN ST,RALEIGH,27615,6122169466,04/12/2002,A,V0000509
100966_B,CZ006316_B,MLLEN,LARRY,ADAM,1944-01-12,1944,82,M,W,NL,UNA,MD,CATAWBA,274 ROBINWOOD RD,DENVER,28037,9108586544,03/05/2016,D,V0007214
107289_B,MV007410_B,WEBB,BRANDON,EDWARD,,1960,66,M,W,NL,UNA,NC,WAKE,457 MOUNTAIN VIEW DR,KNIGHTDALE,27545,7044514160,07/26/2018,I,V0000465
108875_B,DF003026_B,CLAYTON,ROBERT,,1972-06-09,1972,54,M,B,NL,DEM,,CATAWBA,261 COUNTRY CLUB RD,CATAWBA,28609,3362048025,09/16/2026,A,V0002550
100668_B,NW000433_B,MARTIN,COLE,CADEN,1965-08-10,1965,61,M,W,UN,UNA,,MECKLENBURG,8288 NORTH HILLS DR,CHARLOTTE,28227,,09/06/1992,A,V0009400
107964_B,TP001352_B,MORETZ,BRNNDA,,1984-05-04,1984,42,F,O,UN,DEM,NC,MECKLENBURG,6476 CAROLINA AVE,CHARLOTTE,28205,3863819378,12/23/2011,A,V0001137
108580_B,ZH002768_B,MATTHEWS,RYAN,,1952-11-13,1952,74,M,B,NL,UNA,NC,WAKE,484 BELMONT DR APT 22,RALEIGH,27606,,02/14/2003,A,V0006482
106871_B,AL009518_B,GILCHRIST,DUANE,,1979-05-11,1979,47,M,U,UN,UNA,NC,WAKE,270 HAMPTON RD,GARNER,27529,2522414158,09/03/1997,A,V0000477
104440_B,HS001659_B,WALTERS,MARC,,1943-07-29,1943,83,M,B,NL,DEM,NC,MECKLENBURG,1293 WEDGEWOOD DR,MATTHEWS,28104,9103707950,04/08/2017,A,V0000959
100959_B,EG003152_B,TRIPLETT,JEXFREY,,1966-03-02,1966,60,M,W,UN,REP,NC,NASH,342 SECOND ST,ROCKY MOUNT,27804,9102205818,01/01/2024,A,V0001484
101750_B,KT000467_B,KING,BETHANY,ANNE,1931-02-26,1931,95,F,W,NL,UNA,NC,DURHAM,414 SULPHUR SPRINGS RD,DURHAM,27713,,10/15/1990,A,V0002744
103589_B,ML003464_B,SLAUGHTER,NANCY,JOANNA,1937-04-20,1937,89,F,W,NL,REP,NC,BERTIE,408 OAK GROVE CHURCH RD APT 16,MERRY HILL,27957,3304832274,02/28/2020,A,V0005005
109399_B,WN002310_B,MUNN,EDWARD,,1993-08-26,1993,33,M,W,UN,UNA,FL,HENDERSON,2015 HAMPTON RD,HENDERSONVILLE,28792,9107625827,11/03/2020,A,V0002427
108398_B,AK007045_B,PAYNE,CLINTON,JOCNNY,1962-11-10,1962,64,M,O,NL,DEM,MN,GASTON,242 N ELM ST,DALLAS,28034,8286934139,10/25/2020,A,V0000688
109264_B,YW002926_B,SLATE,HAJRY,GLENN,1971-11-27,1971,55,M,W,UN,UNA,,GUILFORD,8326 NEW BERN ST,HIGH POINT,,2692379280,01/22/1993,A,V0007619
103564_B,WT009628_B,JOHNSON,LANCE,NEAL,1991-06-25,1991,35,M,W,NL,DEM,,PITT,398 NEW BERN ST,GREENVILLE,27858,2528733713,08/20/2018,I,V0001074
105586_B,TM000056_B,KUMAR,LOGAN,WILLIE,1936-11-09,1936,90,M,W,UN,UNA,NC,MECKLENBURG,65650 CANDLEWOOD DR,CHARLOTTE,28269,,11/13/1990,A,V0006942
106190_B,XB003884_B,CHAPPELL,ERIC,,1965-09-18,1965,61,U,W,NL,REP,NC,CABARRUS,9514 MAPLE AVENUE,CONCORD,28027,,11/18/2023,A,V0003952
103668_B,PY001979_B,ROSARIO,AEANDA,JILL,1985-09-15,1985,41,F,B,NL,REP,,WATAUGA,147 CHURCH ST,BOONE,28607,4104314013,09/25/2026,R,V0005925
108350_B,EG003076_B,NICHOLS,DONALD,BRIAN,1947-08-14,1947,79,M,B,UN,DEM,NY,FORSYTH,459 BETHLEHEM RD,WINSTON SALEM,27108,6316450026,09/04/2016,A,V0005360
107765_B,XF001013_B,JACKSON,MARIA,,2008-09-19,2008,18,F,W,NL,REP,IN,DURHAM,85454 COUVTRY CLUB RD,DURHAM,27707,9808336678,03/16/2026,R,V0009302
109542_B,VR007020_B,HARVEY,JAMES,DYLAN,1956-09-05,1956,70,M,W,UN,UNA,SC,WAKE,49 ROBERTS RD,CARY,27513,,11/13/2009,A,V0000246
104150_B,AS005130_B,HUDSON,BRIAN,SANDRA,1978-03-20,1978,48,U,W,UN,DEM,GA,BRUNSWICK,,SUPPLY,28462,,03/20/2016,A,V0007773
102653_B,XZ007565_B,BUSH,CAITLIN,,2000-03-23,2000,26,F,B,UN,DEM,NC,GASTON,3435 ELM ST,GAST.,28054,,01/16/2018,A,V0000897
107082_B,KN001859_B,WALKER,REBECCA,ANGELA,1971-05-17,1971,55,F,W,UN,UNA,NC,WAKE,3510 COLONY DR,CARY,27518,,02/26/2013,R,V0008647
109966_B,FW005702_B,LUCAS,SUSHN,,1992-06-20,1992,34,F,W,UN,UNA,,HARNETT,94554 OLD FARM RD,CAMERON,28326,8644534464,09/12/2010,A,V0005549
107567_B,PG006361_B,FOX,JAMES,TIMOTHY,2007-01-09,2007,19,M,W,NL,UNA,NC,MECKLENBURG,416 NEW GARDEN RD APT 23,CHARLOTTE,28269,,01/03/2025,A,V0004122
103257_B,BZ007481_B,ZIMMERMAN,ADAM,,2003-07-01,2003,23,M,A,UN,UNA,NC,WAYNE,3110 W ACADEMY ST,PIKEVILLE,27863,,11/07/2021,A,V0000968
106572_B,JJ007756_B,BUNN,THERESE,JODIE,2002-09-01,2002,24,F,W,NL,REP,,GUILFORD,367 LAWNDALE DR,GREENSBORO,27405,,05/04/2020,A,V0003531
103338_B,XK003693_B,WILSON,WILLIAM,JAMES,1947-11-08,1947,79,M,B,NL,UNA,SC,CATAWBA,1952 MQUNTAIN VIEW RD,MAIDEN,,,10/15/2020,A,V0000367
100819_B,KB005024_B,LOPEZ,VINCENT,,1987-12-16,1987,39,M,W,UN,REP,NC,IREDELL,382 MORNINGSIDE DR,STATESVILLE,28625,,06/15/2008,A,V0001173
107209_B,BG006178_B,MORTON,LDUREN,ELSIE,1983-05-08,1983,43,F,W,NL,REP,CA,MECKLENBURG,4435 FOREST OAKS DR,CHARLOTTE,28277,,03/07/2025,A,V0003500
100680_B,DC008503_B,JOSEPH,KATHLEEN,CHRISTY,1976-08-26,1976,50,F,B,NL,UNA,NC,BUNCOMBE,,ARDEN,28704,,07/07/1996,R,V0005035
105365_B,KA000020_B,HERRING,CAROLYN,DANIELLE,1983-03-07,1983,43,F,U,NL,REP,PR,PITT,5767 LIBERTY ST,GREENVILLE,27834,,02/27/2025,A,V0004142
104966_B,PK006002_B,STALEY,CHRISTOPHER,JAMES,1955-06-07,1955,71,M,B,NL,DEM,NC,STANLY,1559 BIRCHWOOD DR,LOCUST,28097,,03/15/2007,R,V0005888
105220_B,XV004042_B,ESTEP,STEPHEN,,1979-09-21,1979,47,U,U,NL,UNA,,ROWAN,1098 VAYLOR RD,LANDIS,28088,2532661741,10/04/2002,R,V0000809
109995_B,GV003196_B,OXGNDINE,AMANDA,,1991-11-06,1991,35,F,W,UN,UNA,NC,LINCOLN,4486 CAMELOT DR,LINCOLNTON,28092,8283667814,03/09/2009,A,V0007875
109707_B,KM007121_B,RIGGINS,SGEVEN,,1990-01-12,1990,36,M,U,NL,REP,KS,WAKE,1480 ISLAND FORD RD,CARY,27519,2173050275,10/04/2024,A,V0000250
106060_B,JX003025_B,JERNIGAN,BRIAN,,1995-08-28,1995,31,M,W,NL,REP,NC,DURHAM,272 LAKE RD,CHAPEL HILL,27516,3365817656,07/06/2013,I,V0002825
101969_B,TN007259_B,CROOM,STEPHANIE,MELISA,1948-02-18,1948,78,U,U,NL,UNA,NC,MECKLENBURG,466 CARDINAL DR,CORNELIUS,28031,3015199985,02/23/1990,A,V0006773
105041_B,ND009532_B,WHITMIRE,JOHN,,1957-04-12,1957,69,M,W,NL,UNA,FL,MECKLENBURG,57 CLARK AVENUE,CHARLOTTE,28205,,06/26/2007,A,V0007209
107907_B,HS002295_B,ZIMMERMAN,KENNEDY,,2000-12-15,2000,26,F,B,NL,UNA,OC,GUILFORD,1663 LAWNDALE DR UNIT 14,GREENSBORO,27407,2525945490,10/19/2023,A,V0005471
106320_B,ZW005167_B,JONES,CHRISTOPHER,BRADY,1956-04-05,1956,70,M,W,UN,UNA,,GUILFORD,283 OXFORD RD,SUMM.,27358,9199508908,05/22/1974,A,V0005146
100559_B,SM002272_B,THOMPSON,JUDITH,JEAN,1958-12-10,1958,68,F,W,UN,REP,NC,GUILFORD,,GREE.,27411,,02/05/2000,A,V0004058
101435_B,CF001029_B,CRENSHAW,CAITLYN,ASHLEY,1978-05-25,1978,48,F,W,NL,REP,CA,BURKE,16407 WEEKSVILLE RD,MORGANTON,28655,,05/01/2007,A,V0000428
101970_B,WP003600_B,ROGERS,JAMES,STANLEY,1996-05-18,1996,30,M,W,HL,UNA,NC,CASWELL,249 RIVER RD,PROVIDENCE,27315,,01/10/2024,A,V0000771
102147_B,LS004712_B,KIRK,JENNIFER,,1962-01-24,1962,64,F,W,NL,REP,NC,ONSLOW,7627 W FRIENDLY DVE,HUBERT,28539,8289228243,03/04/2022,A,V0009146
101317_B,ZC002893_B,FULTON,CAROLYN,,1959-02-10,1959,67,F,W,NL,REP,,DURHAM,532 MARKET ST,DURHAM,27707,,09/10/2012,D,V0006843
104558_B,HJ007079_B,NROOKS,NOPMAN,,1989-09-07,1989,37,M,U,NL,REP,NC,WAKE,1868 BEATTIES FORD RD,RALEIGH,27613,,04/27/2009,A,V0008012
106858_B,YR001900_B,MASSEY,KRISTINA,,1939-05-17,1939,87,U,B,UN,DEM,DC,BRUNSWICK,191 MT OLIVE CHURCH RD,OAK ISLAND,28465,,09/16/1992,D,V0002513
106957_B,JJ003277_B,HAMM,BRANDON,CHRISTOPHER,1988-06-26,1988,38,M,B,NL,DEM,UT,ORANGE,4605 WOODLAND AVE,CHAPEL HILL,27512,,02/20/2021,A,V0001162
109573_B,FV004184_B,EOORE,DOREEN,,2002-04-19,2002,24,F,W,NL,DEM,,MECKLENBURG,245 CHESTNUT ST,CHARLOTTE,28216,,07/15/2020,A,V0000657
107194_B,CD004164_B,RODGERS,PAMELA,JORDAN,1994-12-19,1994,32,F,A,UN,DEM,VA,STANLY,344 MOORESVILLE RD,OAKBORO,28129,2525968073,09/19/2012,A,V0004090
101687_B,DE001931_B,PEREZ,BRITTANY,,1965-01-26,1965,61,F,A,NL,REP,NJ,ROBESON,7064 MUIRFIELD DR,PEMBROKE,28376,3367620368,04/22/2022,A,V0007051
104281_B,TZ001220_B,BARNES,MARK,CHRISTIAN,1964-03-17,1964,62,M,W,NL,UNA,OH,WAKE,209 CREEKSIDE DR,CARY,27513,8284066220,04/10/2020,A,V0005335
108465_B,FC008027_B,WILSON,SAMUEL,KIMBERLY,1971-08-21,1971,55,U,O,UN,UNA,GA,WAKE,,ZEBULON,27597,,10/27/2000,I,V0000710
100838_B,PS004451_B,DHIELDS,ZACHARY,JOSEPH,1977-12-17,1977,49,U,W,NL,DEM,NC,FORSYTH,433 BETHEL CHURCH RD,PFAFFTOWN,27040,,02/17/2001,A,V0005183
104311_B,MC001195_B,EDWARDS,JOHN,,1990-01-23,1990,36,M,W,NL,DEM,VA,IREDELL,455 WASHINGTON ST,STATESVILLE,28625,9287079437,10/03/2017,A,V0000803
104535_B,AY003016_B,ISLEY,BENJAMIN,,1970-02-26,1970,56,U,W,HL,UNA,CT,FORSYTH,564 SELWYN AVE,WINSTON SALEM,27106,,06/13/2002,A,V0003345
104178_B,KP002087_B,WARD,JACQUELINE,KAYLA,1975-12-06,1975,51,F,U,NL,UNA,CA,CLEVELAND,3227 FIRE TOWER RD,SHELBY,28152,9195272388,07/27/1993,A,V0007105
108135_B,RB001284_B,PARKS,JOHN,JESSV,1968-06-01,1968,58,M,B,NL,DEM,NC,JOHNSTON,24330 HILLSBOROUGH ST,SMIT.,27577,,06/18/2022,R,V0005642
109517_B,YY009119_B,DODSON,DESTINY,BRANDY,1973-07-03,1973,53,F,W,NL,UNA,NC,WAKE,4860 HEARTHSIDE DR,FUQUAY VARINA,27526,9409160436,12/08/2020,A,V0005945
105233_B,MF004294_B,GREEN,TERRY,,1991-01-25,1991,35,M,B,NL,DEM,OC,GUILFORD,1830 GREEN ST,GREENSBORO,27407,9109409145,09/26/2009,A,V0005073
100940_B,LR002979_B,TEDDER,GRANT,AARON,1959-04-01,1959,67,M,B,UN,UNA,NC,WAKE,9241 REYNOLDA RD LOT 6,RALEIGH,27604,,11/23/2009,I,V0008476
100213_B,NM000385_B,HUNT,ANDREW,MARGARET,1939-02-10,1939,87,U,B,NL,DEM,NC,BRUNSWICK,396 WEST BLVD,OCEAN ISLE BEACH,28469,,10/23/2023,A,V0003100
106613_B,HY001280_B,MCRAE,BARRY,MIGUEL,2003-08-21,2003,23,M,W,NL,REP,,PITT,,BETHEL,27812,,06/16/2021,A,V0009354
109699_B,KE002573_B,MCCRAW,DONALD,,1956-05-06,1956,70,M,W,NL,UNA,WA,COLUMBUS,1052 CENTRAL DR,WHITEVILLE,28472,,01/19/2016,A,V0001796
104733_B,LW000558_B,RIGGS,JERRY,ELIJAH,1962-06-14,1962,64,M,W,UN,UNA,,HOKE,265 N MAIN ST,RAEFORD,28376,,06/03/2016,A,V0008546
108590_B,BR000476_B,MOSS,ANDREA,WENDY,2004-01-02,2004,22,U,W,UN,UNA,OH,DURHAM,2431 S MAIN ST,DURHAM,27707,,11/14/2022,A,V0008112
105411_B,YF005882_B,SHAFFER,JOSHUA,TANNER,1953-04-13,1953,73,M,W,UN,REP,,BRUNSWICK,666 SOUTH BLVD LOT 39,SUNSET BEACH,28468,,04/27/2026,A,V0003724
106500_B,GN007957_B,PRINCE,JACK,JOHN,1995-08-13,1995,31,M,W,NL,UNA,NC,EDGECOMBE,386 RACINE DR,ROCKY MOUNT,27804,7187670044,09/07/2014,A,V0002424
108168_B,BG008302_B,EUCKLEY,ANGELA,KELSEY,1980-12-11,1980,46,F,W,NL,DEM,NC,MECKLENBURG,177 PINEY GROVE RD,CHARLOTTE,28215,,01/11/2023,A,V0006559
104125_B,XZ003865_B,AUSTIN,HANNAH,JILL,1964-02-19,1964,62,F,W,NL,REP,CA,WAKE,1022 RICHARDSON RD,RALEIGH,27616,,12/27/2014,A,V0003040
103083_B,WG005023_B,BROWN,BRENDA,COURTNEY,,1993,33,F,W,NL,REP,OC,MECKLENBURG,395 PENINSULA DR,CHARLOTTE,28269,,06/18/2011,A,V0000767
105604_B,CB000403_B,MARROW,MICHAEL,,1992-03-03,1992,34,M,W,UN,UNA,,GATES,1173 VILLAGE DR,SUNBURY,27979,3363984630,02/16/2019,A,V0001223
102374_B,TL008569_B,KEEN,EDEN,,1983-06-20,1983,43,F,W,NL,DEM,NC,BUNCOMBE,3079 NC HIGHWAY 801 S,ASHEVILLE,28803,8288704342,11/17/2020,A,V0005323
104384_B,JY002413_B,SAITH,HALEY,,1964-01-16,1964,62,F,U,NL,UNA,KY,MECKLENBURG,8100 UNIVERSITY CITY BLVD,CHARLOTTE,28215,3363749331,03/02/2024,A,V0007882
109718_B,SD001000_B,REID,KATHLEEN,,1965-09-05,1965,61,F,W,NL,UNA,OC,IREDELL,378 UNIVERSITY CITY BLVD,MOOR.,28115,,02/13/2018,A,V0004975
109562_B,PZ005142_B,SMITH,TERESA,JESSICA,1963-10-25,1963,63,F,B,NL,DEM,MO,CATAWBA,4459 LAKE DR,HICKORY,28602,8286180412,06/20/2024,A,V0009195
108847_B,ZV003128_B,PARROTT,GUSTAVO,,1947-06-25,1947,79,U,W,NL,UNA,,HENDERSON,3590 HILLSIDE DR,ETOW.,28722,,06/17/2014,A,V0001065
100488_B,AA007575_B,MCCARTHY,DAVID,GLENN,1981-10-11,1981,45,M,B,NL,DEM,NC,ROBESON,328 CEDAR CREEK RD,ST PAULS,28384,3363893370,02/05/2016,A,V0003391
105173_B,CW008179_B,CARTER,MARVIN,MOSES,1981-03-09,1981,45,U,B,UN,LIB,NC,PITT,7561 WSSU,GREENVILLE,27858,9106638486,04/03/2024,A,V0000569
100852_B,JS001081_B,RECTOR,THOMAS,LEE,1967-11-13,1967,59,M,W,NL,UNA,NC,WAKE,788 WALKER AVE,CARY,27519,,07/04/2015,A,V0003499
100305_B,NC000523_B,PETERSON,CALEB,,1997-05-19,1997,29,M,W,UN,REP,VA,MECKLENBURG,,CHARLOTTE,28216,,11/06/2023,A,V0001388
101516_B,HA007053_B,GUZMAN,MELODY,,2002-02-19,2002,24,F,W,NL,DEM,NY,MECKLENBURG,1102 S MAIN ST,CHARLOTTE,,8285911877,11/04/2020,A,V0009449
100232_B,EE006117_B,INGRAM,MADISON,,1938-10-02,1938,88,F,W,NL,UNA,NC,ORANGE,738 BAKER DR,CHAPEL HILL,27516,7049415219,07/09/2012,A,V0004936
109828_B,EJ006259_B,DAUGHERTY,JOHNNY,COLE,1965-04-09,1965,61,M,W,NL,UNA,NC,SAMPSON,1640 SMITH RD,GODWIN,28344,,09/20/2011,A,V0001868
104037_B,AD009993_B,LEWIS,JOHNARHAN,AYDEN,1993-05-06,1993,33,M,U,UN,DEM,,FORSYTH,267 CEDAR ST,WINSTON SALEM,27127,,11/06/2011,A,V0007415
100296_B,YA000827_B,FRANKLIN,TODD,CHARLES,2000-08-19,2000,26,M,B,NL,DEM,OH,WAKE,494 OBERLIN RD UNIT 31,RALEIGH,27613,,12/13/2020,A,V0002529
102976_B,WX000707_B,KENNEDY,KIMBERLY,PAMELA,1970-04-04,1970,56,F,U,NL,DEM,NC,DURHAM,1507 LOOP ROAD,DURHAM,27703,,02/16/2020,A,V0001261
108030_B,NE007599_B,WANG,MILDRED,MACY,2006-11-17,2006,20,U,W,NL,UNA,CA,MECKLENBURG,861 YANCEYVILLE ST,HUNTERSVILLE,28078,8283383487,09/19/2024,A,V0000098
106304_B,NM000212_B,CRDZ,MATTHEW,ISAIAH,1988-12-22,1988,38,M,U,UN,REP,NJ,WILSON,2209 LOOP RD,SIMS,27880,9895132913,06/22/2024,A,V0003296
102022_B,MW003763_B,SHERIDAN,LIVA,,1962-09-22,1962,64,F,O,UN,UNA,IL,MECKLENBURG,287 A ST,CHARLOTTE,28215,,12/26/1992,I,V0003890
103375_B,CK001470_B,BURNS,JILL,,1992-07-13,1992,34,F,W,NL,DEM,IN,SWAIN,161 ELLIS RD,CHEROKEE,28719,,03/19/2010,R,V0005076
102273_B,BJ006634_B,WRIGHT,EDWARD,ROBERT,2006-04-28,2006,20,M,W,UN,DEM,VA,ALEXANDER,65 N ELM ST,TAYLORSVILLE,28681,,07/19/2024,A,V0001755
102026_B,CM008775_B,AFHE,JEFFREY,ERVIN,1983-12-17,1983,43,M,W,UN,UNA,WI,MECKLENBURG,1267 CARNEGIE BLVD,CHARLOTTE,28216,8132087168,06/25/2001,R,V0007240
100368_B,SD009905_B,LINTON,TAMMY,LUZ,1991-01-12,1991,35,F,W,UN,DEM,NC,CLEVELAND,2138 FREEDOM DR LOT 13,KINGS MOUNTAIN,28086,,01/21/2009,A,V0001007
103254_B,NR000575_B,COOK,NICHOLAS,CHRISTOPHER,1953-07-20,1953,73,M,U,NL,UNA,NC,YADKIN,552 FRONT ST APT 17,YADKINVILLE,27055,7047005684,07/27/2009,A,V0000255
105169_B,JS004099_B,BATES,ROBERT,,1959-10-11,1959,67,M,B,UN,DEM,TX,DURHAM,3132 S RILMINGTON ST,DURHAM,27705,9198259800,03/04/2010,D,V0000356
100946_B,PH007818_B,JOHNSON,GREGORY,MILTON,2000-06-27,2000,26,U,W,NL,UNA,,WAKE,9956 SPRING FOREST RD APT 16,RALEIGH,27615,9109865541,08/22/2018,I,V0007506
107087_B,WR009336_B,NAYLOR,JAMES,BRIAN,1990-04-09,1990,36,M,W,NL,UNA,NC,CATAWBA,184 AEADOW LN LOT 3,CONOVER,28613,,11/19/2008,A,V0002347
106923_B,YW002688_B,BUTLER,DIANN,NAOMI,1964-05-14,1964,62,F,B,NL,DEM,NC,WAKE,1761 FARRINGTON RU,RALEIGH,27613,,02/04/2024,A,V0006030
109213_B,CC003224_B,GRIFFIN,JACQUELINE,,2006-07-26,2006,20,F,U,HL,REP,NC,GUILFORD,18 E CHURCH ST,GREENSBORO,27455,,12/11/2024,I,V0001729
102441_B,DL001132_B,WILLIAMS,GENEVA,HEATHER,2000-06-10,2000,26,F,U,UN,DEM,NC,WAKE,212 FAIRWAY DR,F. VARINA,27526,3367433295,11/11/2018,R,V0002383
108909_B,KP002315_B,MCKOY,DANIEL,ZACHARY,2004-12-02,2004,22,M,W,NL,DEM,FL,FRANKLIN,360 RACINE DR,FRANKLINTON,27522,,04/27/2022,R,V0003691
105936_B,SX008267_B,WORKMAN,ALISON,,1950-05-26,1950,76,F,W,UN,UNA,NY,IREDELL,4524 FREEDOM DR,HARMONY,28634,,03/27/2000,R,V0003870
106325_B,WZ003504_B,WOMACK,TIFFANY,,1960-11-25,1960,66,F,W,NL,REP,NC,LINCOLN,7532 W MAFN ST,LINCOLNTON,28092,2526082846,09/26/2020,A,V0005416
101362_B,DD004962_B,GARRETT,KRISTI,CAROLINE,2007-06-20,2007,19,F,B,UN,UNA,,BRUNSWICK,7897 FOREST HILLS DR,LELAND,28451,9104678328,06/15/2025,A,V0003811
103703_B,RT002750_B,WESTBROOK,AALIYAH,,2004-05-16,2004,22,U,W,NL,UNA,NC,NEW HANOVER,720 LIBERTY ST,WILMINGTON,28401,,02/23/2022,A,V0006885
106253_B,GE009480_B,SMITH,DEAN,TROY,1938-03-19,1938,88,M,B,NL,UNA,NC,BURKE,4232 WOODLAND AVE,MORGANTON,28655,2529510521,05/21/2025,I,V0003107
108575_B,FD005757_B,NORTON,MLRY,,1994-10-03,1994,32,F,W,NL,UNA,,NEW HANOVER,311 DELANEY DR,WILMINGTON,28403,2527025398,09/12/2025,I,V0004421
109064_B,EH001581_B,POPE,COURTNEY,CYNTHIA,1960-07-07,1960,66,F,W,NL,UNA,NC,CUMBERLAND,366 UNIVERSITY DR,STEDMAN,28391,,03/10/1978,A,V0007486
105575_B,PM000718_B,BLANTON,KATHERINE,,1970-04-09,1970,56,F,W,UN,DEM,NC,WAKE,492 CHAPEL DR,RALEIGH,27615,,01/07/2016,R,V0000265
105081_B,EE007500_B,JONES,DENNIS,,1952-12-02,1952,74,M,U,NL,UNA,NC,MECKLENBURG,9352 BETHEL RD,CHARLOTTE,28205,9107126545,02/06/1996,I,V0003820
103962_B,EZ005553_B,CLEMENT,CHLOE,,1956-04-13,1956,70,F,B,NL,DEM,NC,GUILFORD,4278 MEMORY LN,GREENSBORO,27405,,07/06/2016,I,V0007772
109845_B,HV005192_B,YANG,KENNETH,,1961-10-17,1961,65,M,W,NL,REP,WV,STANLY,195 N CHURCH ST LOT 4,STANFIELD,28163,,02/27/2025,A,V0004810
108293_B,AF002219_B,SPENCER,RODNEY,,1986-11-21,1986,40,M,W,NL,REP,,ONSLOW,106 TAYLOR ST,JACKSONVILLE,28540,8288122313,08/04/2008,A,V0005949
100895_B,XT002965_B,BROWN,MARION,,2001-08-01,2001,25,F,W,NL,REP,MD,FORSYTH,60306 N CHURCH ST,WINSTON SALEM,27106,,03/24/2019,I,V0004460
107682_B,AK008727_B,COCHRAN,ELEANOR,PAMELA,1986-03-15,1986,40,F,W,NL,DEM,NC,PITT,7211 LAKEWOOD DR,AYDEN,28513,3479263234,10/24/2004,A,V0006835
101984_B,FL000044_B,SMITH,CHRISTOPHER,,1956-04-26,1956,70,M,W,UN,UNA,NC,NEW HANOVER,1443 PINE ST,WILMINGTON,28409,8658837459,04/27/2024,A,V0004510
108234_B,WV006088_B,FRAZIER,DONNA,MAKENZIE,1994-03-03,1994,32,F,W,UN,UNA,,WAKE,59128 IARATOKE HWY,RALEIGH,27613,,05/14/2012,I,V0007692
105516_B,DN000702_B,CLARK,OWEN,RICHARR,1998-01-07,1998,28,M,U,NL,UNA,,WILKES,3241 S MAIN ST,NORTH WILKESBORO,28659,,10/23/2016,A,V0005903
107063_B,ED009075_B,WHITEHURST,LYSA,WHITNEY,1967-02-12,1967,59,F,W,UN,DEM,KY,HAYWOOD,704 MEADOWVKEW DR,WAYNESVILLE,28786,4403988309,11/10/1985,A,V0000025
106384_B,LE004211_B,KNIGHT,ANNA,,1960-10-08,1960,66,F,B,UN,DEM,NY,MECKLENBURG,464 SUNSET DR,CHARLOTTE,28216,,10/18/2023,A,V0002227
107472_B,TC003610_B,ADAMS,NOAH,,1971-02-12,1971,55,M,B,UN,DEM,PA,WAKE,144 HOPE VALLEY RD,RALEIGH,27615,,05/27/2024,R,V0000899
101179_B,AN001911_B,GAINES,DONALD,DAWSON,,1997,29,M,W,UN,DEM,,WAKE,,RALEIGH,27603,,10/27/2025,A,V0002624
106021_B,KB001627_B,HERRERA,NATHANIEL,,1990-06-01,1990,36,M,B,NL,DEM,NC,HENDERSON,301 N BROAD ST,HENDERSONVILLE,,9199156775,06/07/2008,I,V0009493
108435_B,GK001326_B,BROWN,MARY,,1944-12-14,1944,82,F,U,NL,REP,NC,WAKE,19 WALTON DR,cary,27511,,10/12/2016,A,V0001876
102207_B,NL001136_B,COX,CAROLINE,,1992-06-14,1992,34,F,U,NL,UNA,NC,ORANGE,58 MAGNOLIA DR,CHAPEL HILL,27517,,04/26/2026,A,V0002707
106099_B,GC008064_B,STANFIELD,ROIERT,,1953-01-13,1953,73,M,W,NL,UNA,NY,SCOTLAND,426 VILLAGE DR UNIT 19,LAURINBURG,28352,,06/10/2012,A,V0004442
104767_B,NJ003933_B,NASH,ELSIE,MERCEDES,1956-10-02,1956,70,F,W,NL,UNA,NC,MOORE,3798 PARK RD,SOUTHERN PINES,28381,8284217873,12/03/2006,A,V0008864
106759_B,JB002086_B,SWINDELL,CHARLES,,1988-06-10,1988,38,U,W,NL,REP,TX,NEW HANOVER,265 E SOUTH ST UNIT 40,WILMINGTON,28407,,10/10/2008,A,V0001063
105719_B,BV003488_B,STANLEY,KATHRYN,ABBY,1954-06-15,1954,72,F,W,NL,REP,,UNION,743 RED OAK DR,MATTHEWS,28104,,04/01/2015,A,V0003269
107083_B,SC003973_B,TILLMAN,BERNARD,KENNETH,,1947,79,M,B,NL,DEM,IL,FORSYTH,4484 COOPER RD UNIT 10,WINSTON SALEM,27106,,10/05/1993,A,V0004104
108811_B,SB009402_B,FARMER,JANIE,,2008-09-14,2008,18,F,B,UN,UNA,FL,IREDELL,3352 CANDLEWOOD DR,STATESVILLE,28625,,04/07/2026,A,V0008799
103282_B,XT008474_B,AKINS,DYLAN,,2002-06-10,2002,24,M,B,NL,DEM,TX,BEAUFORT,,WASHINGTON,27889,,02/02/2022,A,V0006006
109798_B,KG001680_B,MOORE,CAROLYN,,1948-02-17,1948,78,F,B,NL,REP,LA,BRUNSWICK,39 ANTIOCH CHURCH RD APT 11,SOUTHPORT,28461,,10/16/2025,R,V0001544
102971_B,PR009667_B,BENNETT,EDWIN,,1973-08-20,1973,53,M,W,NL,REP,NY,UNION,7 SHADY LN,I. TRAIL,28079,,08/14/1995,R,V0001142
105609_B,KP004262_B,HAYDEN,ANDREW,,1970-10-13,1970,56,M,B,NL,DEM,NC,WILKES,128 ROBINSON RD,ROARING RIVER,28669,,07/05/2012,I,V0006889
103505_B,BY002745_B,THOMPSON,ELIZABETH,MAUREEN,1980-10-16,1980,46,F,W,UN,REP,,WAKE,8666 MILL ST,RALEIGH,27613,,05/15/2024,R,V0005059
101972_B,PS009007_B,DAVIS,NANCY,,1993-10-12,1993,33,F,W,NL,UNA,OH,JOHNSTON,3642 MAPLE ST APT 16,KENLY,27542,,08/04/2011,I,V0004276
106961_B,KL003133_B,MUHAMMAD,TRMOTHY,JASON,2002-10-27,2002,24,M,W,NL,REP,,CASWELL,8845 LAKEWOOD DR,REIDSVILLE,27320,8285700024,12/21/2022,A,V0008723
101427_B,VW005843_B,NEWKIRK,FRANCIS,TERRANCE,1993-12-24,1993,33,M,W,NL,DEM,MD,BRUNSWICK,,LELAND,28451,,05/20/2012,R,V0001420
104919_B,DZ005168_B,THOMAS,ALYSSA,,1989-06-05,1989,37,F,W,NL,DEM,NJ,DURHAM,946 SANDERS RD,DURHAM,27705,9108658260,08/15/2013,A,V0000877
107622_B,FL007301_B,HINSON,MARGARET,,1942-03-07,1942,84,F,B,NL,DEM,NC,STANLY,4856 PINE RIDGE DR,OAKBORO,28129,,07/10/2026,A,V0005563
107542_B,KX000390_B,BECK,CALVIN,SAMUEL,1955-12-04,1955,71,M,W,UN,REP,,CUMBERLAND,7872 E CHURCF ST APT 1,S. LAKE,28390,,05/21/2015,A,V0007753
102663_B,AM003484_B,LOPEZ,STEVEN,MORGAN,1991-06-20,1991,35,M,W,NL,UNA,NC,ROWAN,6664 MAGNOLIA DR,SPEN.,28154,,11/27/2023,A,V0001211
105464_B,RB002732_B,BALLARD,AMANDA,,1964-02-12,1964,62,F,W,NL,REP,NC,WAYNE,7347 REGENCY DR,GOLDSBORO,27530,2392091183,10/22/2020,A,V0000253
109591_B,BB004833_B,MILLER,BETTY,,1965-06-02,1965,61,F,W,NL,UNA,NY,JACKSON,330 ROQINWOOD RD,SYLVA,28779,,03/20/2024,A,V0006877
102762_B,PJ003894_B,HUGHES,ASHLEY,EMILY,2002-04-21,2002,24,U,W,NL,DEM,,CUMBERLAND,972 BETHANY CHURCH RD,FAYETTEVILLE,28311,,10/06/2020,A,V0005438
106082_B,NJ008694_B,GODDARD,EARL,CHRISTOPHER,1995-06-27,1995,31,M,W,NL,UNA,NC,ORANGE,2922 OBERLIN RD,HILLSBOROUGH,27278,,04/27/2024,A,V0008376
106164_B,VJ003583_B,DAVIS,LIAM,,1969-06-22,1969,57,M,W,HL,DEM,GA,WAYNE,70336 WRIGHT RD,FREM.,27830,4149578344,04/04/2020,I,V0008393
103930_B,PR001561_B,BARNHILL,GABRIEL,GERALD,1980-09-15,1980,46,M,B,NL,DEM,NC,NORTHAMPTON,4538 PARK AVE,CONWAY,27820,,11/10/2020,A,V0007939
101863_B,ZZ002051_B,STORY,JAMES,,2004-03-20,2004,22,U,W,UN,DEM,CT,BUNCOMBE,4335 UNIVERSITY CITY BLVD,CANDLER,,,01/26/2022,A,V0003221
101082_B,DP008597_B,JACKSON,MICHELLE,,1995-02-13,1995,31,F,W,NL,UNA,NC,JOHNSTON,,GARNER,27529,2526080813,03/02/2019,A,V0005003
104231_B,BE000034_B,BOONE,CLARENCE,,1978-10-20,1978,48,M,W,UN,UNA,NC,HARNETT,5233 QUEENS RD,SANFORD,27330,,11/02/1996,A,V0000906
104675_B,EG004282_B,JOYNER,PEVER,KENDEDY,1963-03-04,1963,63,U,W,UN,REP,NC,GUILFORD,1301 MARKET ST LOT 25,GREENSBORO,,3365982259,11/22/2008,A,V0001730
101858_B,JN004013_B,MATTHEWS,ANN,JOHN,1990-01-25,1990,36,U,W,NL,UNA,NC,UNION,499 COUNTRY CLUB RD,MONROE,28110,,04/16/2008,A,V0008814
102085_B,HZ001451_B,WAGNER,DAVID,,1973-08-22,1973,53,M,B,UN,REP,OC,WAKE,6946 N MAIN ST,KNIGHTDALE,27545,,09/21/2024,I,V0002641
103649_B,DL000810_B,HARRINGTON,CARIER,TIMOTHY,1991-12-23,1991,35,M,I,NL,UNA,NC,IREDELL,1393 PINEVIEW DR,MOORESVILLE,28115,,07/27/2009,A,V0009392
106730_B,HC007347_B,ROUSE,WALTER,,1966-02-12,1966,60,M,W,NL,REP,NC,PITT,7636 COUNTY LINE RD,GREENVILLE,27858,,03/17/2024,A,V0004482
108002_B,AS000278_B,WILLIAMS,ANNA,,1951-06-23,1951,75,F,W,NL,DEM,NC,BURKE,262 CIRCLE DR,MORG.,28655,,10/18/2025,A,V0002921
100596_B,GT006038_B,WEST,JAMES,DAVID,2004-02-10,2004,22,M,W,NL,REP,NC,MONTGOMERY,1600 WILDWOOD RD,M. GILEAD,27306,4236384844,10/22/2022,A,V0007972
107488_B,WS000306_B,HUNT,LOIS,,1961-01-22,1961,65,F,W,UN,LIB,NJ,RUTHERFORD,,RUTHERFORDTON,28136,2522188532,07/03/2008,I,V0002724
109801_B,ZW000337_B,LATHAM,TERRANCE,THOMAS,1951-07-28,1951,75,M,U,NL,REP,NC,CUMBERLAND,370 OAKWOOD AVE,FAYETTEVILLE,28306,9108383121,01/24/2021,A,V0002137
108212_B,HK005854_B,THOMPSON,JILL,,1995-09-19,1995,31,F,W,NL,UNA,NC,GUILFORD,1515 W FRIENDLY AVE LOT 19,GREENSBORO,27406,,04/25/2024,A,V0006088
109571_B,PS006258_B,THOMPSON,DALE,JOHN,1958-11-19,1958,68,M,W,NL,REP,,VANCE,,HENDERSON,27536,,01/05/1976,A,V0005267
104540_B,TM008077_B,ALFORD,RUTH,,1998-05-18,1998,28,F,W,NL,UNA,NC,IREDELL,2881 E 10TH ST UNIT 34,MOORESVILLE,28115,7049594413,07/04/2016,A,V0008803
106240_B,DD008883_B,GAINES,MARILYN,NORMA,1975-09-21,1975,51,F,B,NL,DEM,NC,NEW HANOVER,4764 CHURCH ST,WILMINGTON,28412,9804926289,11/10/2020,R,V0006325
106367_B,FA004630_B,HOLLAND,HOLLY,REBECCA,1939-12-04,1939,87,F,B,UN,DEM,VA,PENDER,120 CEDAR CREEK RD,BURGAW,28425,,07/19/2026,A,V0000004
106096_B,TS002140_B,HAMILTON,CIERRA,GAIL,1996-04-15,1996,30,F,W,NL,UNA,NC,MECKLENBURG,353 YANCEYVILLE ST,MATTHEWS,28105,,07/02/2021,A,V0008855
102858_B,WC001697_B,COLLINS,ARTHGR,BRIAN,1950-05-17,1950,76,M,B,NL,UNA,NC,NEW HANOVER,400 CARNEGIE BLVD,WILMINGTON,28411,,01/20/2024,A,V0003039
103006_B,CJ002098_B,REYNOLDS,SONIA,,1957-09-15,1957,69,F,B,NL,DEM,,WAYNE,1595 CHURCH ST,GOLD.,27530,8645590904,01/16/2014,A,V0001553
107168_B,DY007203_B,WEAVER,JUSTIN,,1985-03-06,1985,41,M,U,UN,UNA,NY,DURHAM,3384 TAVLOR RD,DURHAM,27716,9195007355,02/28/2005,A,V0001927
108871_B,SD006791_B,HAYES,KENNETH,ERIC,1986-05-28,1986,40,M,B,NL,DEM,NC,ROCKINGHAM,8921 ANDEYSON RD,STONEVILLE,,,08/24/2024,R,V0005478
109335_B,ER004917_B,MILLS,ANGELH,,1951-08-21,1951,75,F,B,NL,DEM,NC,WAKE,285 SHORELINE DR,CARY,,,01/24/2004,A,V0003467
104602_B,NM007898_B,WONES,ASIA,SANDRA,1974-03-15,1974,52,F,U,UN,REP,PA,NEW HANOVER,171 LAKESHORE DR UNIT 17,WILMINGTON,28412,,04/18/2025,R,V0008860
109271_B,CH002639_B,LEONARD,VENNIFER,,1960-02-08,1960,66,F,W,NL,DEM,NY,UNION,40 WILLOW ST,WAXHAW,28170,,01/26/1984,A,V0000791
102905_B,WS001274_B,HAND,ADAM,,1985-10-03,1985,41,M,W,UN,REP,SC,CLEVELAND,9749 S COLLEGE ST,SHELBY,28150,,08/17/2008,R,V0006476
107552_B,PA006639_B,SHUMATE,JEFFREY,CHRISTOPHER,1959-05-11,1959,67,M,W,UN,UNA,NC,CALDWELL,9810 ST MARYS ST,GRANITE FALLS,28630,,01/09/2017,A,V0001201
103034_B,VA000538_B,OATES,ANNETTE,,1927-05-16,1927,99,F,W,NL,REP,SC,MECKLENBURG,102 PINECREST DR,CHARLOTTE,28227,9108777761,08/16/2023,A,V0001314
108401_B,DH005350_B,WHEELER,ALISSA,LINDA,1982-07-27,1982,44,F,W,NL,UNA,,IREDELL,,MOORESVILLE,28111,,10/14/2024,D,V0001274
100907_B,XJ004052_B,ROLLINS,CLAIRE,LOIS,1965-12-27,1965,61,F,W,NL,DEM,GA,WAKE,1003 SMITH ST,GARNER,27529,9108878564,03/05/2024,A,V0003365
109451_B,YL007311_B,LEWIS,KATIE,,2005-03-14,2005,21,F,W,UN,REP,VA,PITT,9135 NC 87,GREENVILLE,27834,9039805946,06/28/2023,A,V0009490
109437_B,HE009625_B,BEAE,MELISSA,TAMARA,1961-01-16,1961,65,F,U,NL,UNA,NC,PITT,759 JOHNSON ST,WINTERVILLE,28590,,11/27/1988,R,V0003572
102888_B,RE002025_B,OLDHAM,JILLIAM,MATTHEW,1997-11-02,1997,29,M,W,NL,UNA,NC,CABARRUS,462 OAK RIDGE DR,CONCORD,28027,2524468953,04/01/2025,A,V0005928
101022_B,BS009997_B,BOSTIC,LEROY,,1974-02-24,1974,52,M,W,NL,UNA,MI,GASTON,1812 WOODLAND AVE,GASTONIA,28052,9808385979,05/01/2026,R,V0009196
107518_B,AJ003044_B,STINSON,WILLIAM,COREY,1971-05-12,1971,55,M,W,NL,UNA,NY,MECKLENBURG,5253 COMMONWEALTH AVE,CHARLOTTE,28269,,03/04/1995,A,V0003524
106608_B,HS008312_B,RICHARDS,LINDA,,1969-10-12,1969,57,F,W,NL,REP,,POLK,4866 PINECREST DR,COLUMBUS,28722,,01/17/2020,R,V0004038
109223_B,LB008088_B,EVANS,WESLEY,MATTHEW,1988-02-16,1988,38,M,W,UN,UNA,PR,MECKLENBURG,2300 STARTOWN RD,CHARLOTTE,28215,7048126465,03/09/2025,A,V0006907
103707_B,BM004638_B,CRAVEN,HILLARY,,1978-02-22,1978,48,F,O,NL,REP,ME,CABARRUS,3490 PARK AVE,KANNAPOLIS,28083,,04/12/2013,A,V0006337
107677_B,FS004496_B,DUKE,DONALD,STEPHEN,1952-08-12,1952,74,M,B,HL,DEM,NY,WAKE,438 MORREENE RD APT 27,RALEIGH,27613,,05/03/2019,A,V0006995
108286_B,TF007050_B,TYSON,JEFFERY,,1954-08-07,1954,72,M,B,NL,DEM,NC,IREDELL,1495 A ST,MOORESVILLE,28115,,02/04/2022,A,V0000138
108315_B,RD009441_B,MURPHY,DAVID,RONALD,1999-02-03,1999,27,M,W,NL,DEM,,BUNCOMBE,1260 OLD MILL RD,ARDEN,,2524811592,12/22/2020,A,V0007279
101181_B,YP002712_B,EARRON,JANICE,ALEXANDRA,1989-03-26,1989,37,F,O,NL,DEM,TX,WILSON,156 MEADOWBROOK DR,WILSON,27898,9802895717,04/01/2024,A,V0004630
103203_B,ES000053_B,TARLTBN,KAITLYN,ANNA,1987-07-12,1987,39,F,W,NL,DEM,SC,ONSLOW,1228 PINEVIEW DR,SNEADS FERRY,28460,5132460706,01/05/2017,A,V0008591
103712_B,KV009536_B,WILSON,ELLA,,1951-05-26,1951,75,F,W,UN,REP,NY,HENDERSON,,EAST FLAT ROCK,28726,,05/07/2019,R,V0001090
101703_B,NK001734_B,DEESE,ALEXANDER,,1951-12-04,1951,75,U,O,NL,UNA,,SURRY,169 A ST,DOBSON,,,12/27/2015,A,V0000866
103785_B,GB003421_B,HICKS,SHANNON,KELLY,,1935,91,M,B,NL,DEM,NC,LINCOLN,309 SUNSET DR,LINCOLNTON,28092,,09/11/2008,A,V0005843
108289_B,CJ005404_B,BEST,DYVID,,1965-01-12,1965,61,M,W,UN,REP,NC,NEW HANOVER,825 FRANKLIN ST,WILMINGTON,28411,9043067296,08/06/2017,A,V0002135
102355_B,AB007362_B,CLEMENTS,DOUGLAS,,,1988,38,U,W,NL,UNA,NC,GUILFORD,3688 CANDLEWOOD DR,OAK RIDGE,27310,9109627517,08/05/2012,I,V0005161
109851_B,BZ008516_B,FULTON,KAITLYN,,1954-09-20,1954,72,F,W,UN,REP,IA,PERQUIMANS,368 BEATTIES FORD RD,HERTFORD,27944,2527896466,01/24/2003,A,V0007016
101206_B,TK008828_B,HARDY,CASEF,,1952-06-16,1952,74,M,U,UN,UNA,OH,PITT,318 CARDINAL DR,FARM.,27828,,03/23/2013,I,V0008597
109949_B,RJ005560_B,MEYER,VIVIAN,HOSLIE,1987-10-02,1987,39,F,W,NL,REP,WV,GRANVILLE,9290 MAGNOLIA DR,FRANKLINTON,27527,,06/04/2005,A,V0006120
106523_B,ZS006028_B,ADAMS,YOLANDA,YNN,1980-02-19,1980,46,F,B,UN,DEM,FL,HALIFAX,340 HAWTHORNE DR,WELD.,27890,,01/01/2012,A,V0000434
100361_B,ZV006273_B,YOUNT,JENNIFER,SHELLEY,,1958,68,F,W,NL,UNA,,GUILFORD,3423 N MAIN ST,GREENSBORO,27406,,01/13/1992,A,V0000595
109564_B,PE005447_B,LONG,DEAN,CHRIS,1994-02-03,1994,32,M,W,NL,UNA,IL,WAKE,4070 CAROLINA AVE,RALEIGH,27603,,02/05/2012,A,V0002276
109799_B,KP004516_B,MOORE,BRIANNE,,1963-04-12,1963,63,F,A,UN,DEM,VA,MECKLENBURG,1444 NINTH ST,CHARLOTTE,28216,9107684225,07/28/2018,R,V0005597
106839_B,WF004807_B,LUNSFORD,ELLA,,1996-06-25,1996,30,F,W,UN,UNA,NY,GUILFORD,3239 ANTIOCH RD,GIBSONVILLE,27249,,12/11/2025,R,V0009113
103693_B,LS000000_B,MAULDIN,KATHERINE,LINDA,2007-11-15,2007,19,F,B,UN,DEM,NC,HOKE,3494 MEMORY LN,RAEFORD,28376,9194024505,09/28/2025,R,V0002305
101231_B,YS006298_B,TURNER,ROBERTO,,1978-06-23,1978,48,M,W,UN,DEM,,GASTON,3461 FAYETTEVILLE ST,GAST.,28056,,01/05/2022,I,V0006831
109397_B,BC001306_B,BLACK,VRANCES,THERESA,1964-08-16,1964,62,F,W,NL,DEM,OH,BUNCOMBE,831 SHADY LN,WEAVERVILLE,28787,,10/11/1988,R,V0002802
109106_B,SW004947_B,MCKINNEY,PATRICIA,LEONA,1998-07-03,1998,28,F,U,UN,REP,VA,WILKES,2939 FAYETTEVIOLE ST,NORTH WILKESBORO,,,12/23/2016,A,V0005430
101276_B,YH001349_B,ESCOBAR,ONDREA,,2002-08-04,2002,24,F,W,NL,DEM,OH,MCDOWELL,347 NEW HOPE CHURCH RD,MARION,28752,,02/26/2020,R,V0000454
108600_B,ZS002629_B,CRUZ,JESSIE,CATHERINE,1992-02-06,1992,34,F,W,NL,DEM,,DURHAM,4212 N MAIN STREET,DURHAM,27707,,09/28/2010,A,V0003235
108770_B,SX007641_B,GRAFAM,RICHARD,JAMES,1995-06-03,1995,31,M,W,NL,UNA,NY,NEW HANOVER,7253 SHANNON DR,WILMINGTON,28405,,09/15/2013,A,V0005941
104065_B,TL005649_B,STOCKTON,GEORGE,,1952-01-07,1952,74,M,W,NL,REP,NY,NEW HANOVER,1502 MARTXN LUTHER KING JR DR,WILMINGTON,28403,,04/19/1995,A,V0006765
103938_B,BZ007819_B,JONES,JUSTIN,JOSHUA,1954-01-12,1954,72,M,W,UN,UNA,NC,RUTHERFORD,4302 WASHINGTQN ST,BOSTIC,28018,,10/06/2012,A,V0000447
103352_B,AX008542_B,WALKER,MICHELE,SHERRE,1992-03-15,1992,34,F,W,UN,UNA,NY,BRUNSWICK,286 BAILEY RD APT 24,LELAND,28451,,05/03/2010,A,V0009151
104206_B,TL001922_B,STOQE,JAMES,,2001-02-08,2001,25,M,W,NL,REP,NY,DAVIE,254 ST ALBANS DR,ADVANCE,27006,3364562469,06/19/2019,A,V0009059
109059_B,WY003326_B,LESTER,DERWK,FRED,1987-01-19,1987,39,M,W,UN,REP,PA,FORSYTH,243 CRESCENT DR,LEWISVILLE,27023,8282285524,10/03/2005,R,V0000179
109788_B,WZ003664_B,WALKER,LUCY,MARSHA,1959-02-13,1959,67,F,W,NL,REP,,FORSYTH,390 N MAIN ST,WINSTON SALEM,27105,,05/17/2025,I,V0008924
106907_B,PL000932_B,PATTERSON,ALEXANDER,JEFFOEY,1992-05-12,1992,34,M,W,UN,DEM,,ONSLOW,1995 KENSINGTON DR,JACKSONVILLE,28540,,11/18/2010,A,V0002771
103164_B,VR005103_B,MOON,JONATHAN,GPORGE,1949-12-18,1949,77,M,W,NL,UNA,,MECKLENBURG,255 N MAIN ST,CHARLOTTE,28216,8284531591,06/20/2012,A,V0009177
108045_B,HT002716_B,JOHNSON,MARY,WHITNEY,1967-10-23,1967,59,F,W,UN,DEM,NC,MECKLENBURG,2308 SECOND ST,CHARLOTTE,28205,8658810067,10/25/2016,R,V0003679
102502_B,NX009501_B,HELMS,JOSEPH,,1990-02-13,1990,36,M,W,UN,UNA,NC,CASWELL,209 RED HILL RD LOT 28,PELHAM,27311,,02/14/2021,I,V0000024
105080_B,ZS000139_B,ACOSTA,JAMES,,1974-10-08,1974,52,M,W,NL,REP,PR,DURHAM,6154 PINE ST,DURHAM,27713,7045080935,07/19/2017,A,V0001769
101151_B,GP009680_B,MARSH,ROSA,DESTINEE,1982-07-02,1982,44,F,B,NL,DEM,,MECKLENBURG,8381 MEADOWBROOK DR,CHARLOTTE,28215,,05/03/2012,A,V0007328
105868_B,XC001378_B,MCMILAIAN,CARLA,,1980-03-18,1980,46,F,U,NL,REP,,MECKLENBURG,824 W MAIN ST APT 36,CHARLOTTE,28205,2522847104,09/14/1998,A,V0004886
106987_B,KC009364_B,DIXON,ROBERT,BENJAMIN,1983-05-01,1983,43,M,B,NL,DEM,NC,CALDWELL,2185 TOWER RD,LENO.,28645,,07/19/2020,A,V0004154
105449_B,GS007210_B,WILSON,VICTOR,SAMUEL,1963-02-24,1963,63,U,W,NL,UNA,MI,RANDOLPH,362 WINDSOR DR,ASHEBORO,27205,,11/02/2018,A,V0000109
109913_B,VD003280_B,FISHER,JULIE,,1981-10-22,1981,45,F,B,NL,UNA,GA,PERQUIMANS,28188 WESTMINSTER DR LOT 31,HERTFORD,27944,,03/08/2024,A,V0001609
103666_B,SG009181_B,JONES,BEVERLY,LAURA,,1953,73,F,P,NL,REP,TN,RANDOLPH,4837 OLD RIVER RD,ARCHDALE,27263,7873077198,04/13/2016,A,V0007933
107322_B,HE005185_B,PAGEL,CARLY,KATHLEEN,1936-08-17,1936,90,F,W,NL,REP,,GUILFORD,417 N PATTERSON AVE,WHITSETT,27377,,10/18/2017,A,V0003678
104355_B,ND000442_B,GIBSON,ANDREW,MARIO,1973-06-13,1973,53,M,W,NL,DEM,SC,CHOWAN,8528 MULBERRY LN,EDENTON,27932,3367491546,07/12/2004,A,V0008947
108516_B,HN002454_B,RUTLEDGE,JANE,DONNA,1950-11-07,1950,76,F,B,NL,DEM,NC,PENDER,6997 MILL CREEK RD,TOPSAIL BEACH,28445,,07/09/1984,R,V0006412
106800_B,LG007648_B,MECSER,JAY,JOSHUA,1975-03-28,1975,51,M,W,NL,REP,MS,JOHNSTON,1924 ACADEMY ST,kenly,27542,,02/23/2020,A,V0009405
104762_B,WX000625_B,WILLIAMSON,JEAN,,1947-10-15,1947,79,F,W,NL,REP,,GASTON,7370 OLUANDER DR,GASTONIA,28052,9107428452,03/06/2025,A,V0004257
104711_B,RT009908_B,OVERBY,ANNA,,1969-06-07,1969,57,F,W,UN,UNA,NC,CALDWELL,1391 ANTIOCH CHURCH RD,LENOIR,28645,2107290266,05/20/2024,A,V0007449
107370_B,PN008913_B,BROWN,ELIZABETH,,2004-04-22,2004,22,F,W,UN,REP,NC,WAKE,502 SHERWOOD DR,RALEIGH,27610,2525330433,06/03/2022,A,V0009375
105109_B,CF001440_B,VAUGHN,MARY,,1996-03-25,1996,30,F,U,NL,UNA,,CATAWBA,256 RIDGEWOOD DR,HICKORY,28601,,11/09/2016,R,V0007188
108842_B,KC000217_B,BURROCGHS,STANLEY,MATTHEW,1960-11-15,1960,66,M,W,NL,UNA,CA,EDGECOMBE,480 RIDGEWOOD DR LOT 31,ROCKY MOUNT,27801,,06/23/2014,A,V0006634
106855_B,PT008815_B,COLLINS,BRIAN,DAVID,1994-10-10,1994,32,M,O,HL,UNA,NC,STOKES,935 GEORGIA AVENUE,KING,27021,8283719168,05/02/2022,A,V0003466
102946_B,WH005937_B,GAZNER,ERIN,,1953-10-22,1953,73,F,B,UN,DEM,NC,DURHAM,3311 PINEVIEW DR,DURHAM,27703,,06/07/2012,R,V0008250
103834_B,AV009375_B,GARCIA,DETICIA,,1948-09-01,1948,78,F,W,NL,UNA,NC,NEW HANOVER,622 W FRIENDLY AVE,WILMINGTON,28412,2528252473,12/04/2009,A,V0000408
106279_B,TT005354_B,BAILEY,NATHANIEL,,1968-10-21,1968,58,M,B,UN,DEM,NC,WAKE,414 PARK RD,RALEIGH,27610,8287042230,04/08/2022,A,V0002104
109621_B,FC004812_B,DOHERTY,JOHNNIE,,1999-07-07,1999,27,F,W,NL,UNA,NY,HAYWOOD,157 VIRGINIA AVE,WAYNESVILLE,28786,,10/02/2017,A,V0002876
102818_B,CN003045_B,BOONE,ROBERT,FRAQCIS,1989-02-12,1989,37,M,W,NL,REP,NY,DAVIDSON,102 GARRETT RD,WINSTON-SALEM,27107,,10/20/2018,A,V0005726
104328_B,JA003221_B,LACKEY,YLEX,LARRY,1999-08-13,1999,27,M,W,NL,REP,MI,GUILFORD,479 WSSU,GREENSBORO,27410,3367570123,02/17/2017,I,V0005427
107639_B,HY006974_B,ALLEN,LINDA,KIMBERLY,1998-05-24,1998,28,F,B,NL,DEM,IL,CARTERET,1951 OAK GROVE RD,BEAUFORT,28515,,12/21/2019,A,V0009032
103987_B,FL009614_B,MOODY,KENDRA,MARGARET,,1996,30,F,W,UN,UNA,TX,WAKE,674 STANTONSBURG RD,RALEIGH,27601,9102188015,05/09/2014,A,V0002362
105814_B,RV004301_B,BAKER,GEORGE,MATTHEW,1980-06-01,1980,46,M,A,UN,UNA,NC,GUILFORD,1745 QARTIN LUTHER KING JR BLVD,HIGH POINT,27265,,03/19/2015,A,V0007432
108121_B,PN000677_B,BURGESS,AMANDA,KATIE,1981-09-09,1981,45,F,W,UN,REP,PA,MECKLENBURG,5357 ALEXANDER RD,CHARLOTTE,,7047288620,04/09/2017,A,V0005582
108799_B,VM000427_B,JEFFREYS,KAREN,KATHY,1954-09-03,1954,72,F,W,NL,UNA,NC,HAYWOOD,399 RACINE DR,WAYNESVILLE,28785,3368947706,11/14/2002,I,V0003780
102051_B,DL005250_B,SILVER,ERIC,DAVID,1999-12-16,1999,27,M,U,NL,REP,NC,CALDWELL,8301 CEDAR CREEK RD LOT 12,LENOIR,28645,,04/21/2021,A,V0001680
101801_B,SX008697_B,HOLTON,MADISOF,SUSAN,1981-11-17,1981,45,F,W,UN,DEM,NC,NASH,6147 WILLIAMS RD,ROCKY MOUNT,27803,,01/28/2026,R,V0008274
103438_B,EC005006_B,REED,J,MICHAEL,1981-08-27,1981,45,M,A,NL,UNA,CT,FORSYTH,3997 YANCEYVILLE ST,WINSTON SALEM,27104,8317593249,01/11/1999,R,V0006575
100445_B,TD008069_B,BULLOCK,RONALD,WALTER,1964-07-22,1964,62,M,W,UN,REP,VA,WATAUGA,1915 COMMONWEALTH AVENUE,BOONE,28603,,08/11/2004,A,V0001865
102336_B,KB004617_B,THOMPSON,MELISA,,1955-08-13,1955,71,F,B,NL,DEM,NC,CRAVEN,94414 QUAIL RIDGE RD,NEW BERN,28562,,06/17/1998,A,V0003059
103479_B,FH004036_B,HUNTER,MICHAEL,,1996-07-27,1996,30,M,W,UN,DEM,,WAKE,85 VANCE ST,RALE.,27616,,06/28/2016,A,V0007527
100205_B,PR009720_B,HATLEY,KIMBERLY,DANA,1976-08-21,1976,50,F,W,NL,UNA,NC,MECKLENBURG,285 CLIFTON RD,CHARLOTTE,28215,9192274443,04/26/2024,A,V0005502
100983_B,JZ005907_B,CROUCH,STEPHANIE,,1965-10-21,1965,61,F,B,NL,DEM,,UNION,989 WEST ST,MONROE,28110,8283970819,08/05/2026,A,V0006964
105264_B,YE002939_B,RAPER,CHELSEA,DEBBIE,1939-10-02,1939,87,F,B,UN,UNA,TX,CUMBERLAND,9922 ST MARYS ST,FAYETTEVILLE,28314,,11/23/2024,A,V0004691
103166_B,RA004624_B,PATRICK,STEPHEN,JONATHAN,1995-02-22,1995,31,M,B,NL,DEM,IL,ORANGE,1902 BREVARD RD,TIMB.,27583,3364850159,06/17/2016,A,V0005033
107403_B,CZ006202_B,SEARS,SWAWN,JACKIE,1956-05-08,1956,70,M,W,NL,DEM,NY,ALAMANCE,456 JONES FERRY RD APT 38,GRAHAM,27253,,08/21/1982,R,V0000333
108026_B,RY005816_B,DILLARD,JUSTIN,,1993-01-17,1993,33,M,W,NL,REP,MD,WATAUGA,2632 LAWNDALE DR APT 25,BOONE,28608,8282959580,04/06/2019,A,V0003182
102053_B,JT001778_B,MCKAY,CARLOS,JUSTIN,2003-04-19,2003,23,M,W,NL,UNA,NC,CABARRUS,731 AIRPORT RD,CONCORD,28025,,09/15/2021,I,V0003702
103214_B,LX004355_B,MOORE,CRAIG,,2004-01-28,2004,22,M,B,NL,UNA,NC,SURRY,9409 WALL ST,MOUNT AIRY,27030,,11/01/2022,A,V0000134
109696_B,VG004701_B,MORGAN,EMILY,ANNE,1978-04-09,1978,48,F,B,NL,DEM,NC,CABARRUS,4269 RLVER RD,CONC.,28027,9195698341,08/21/2002,A,V0002902
104797_B,XS003592_B,MOORE,TERESA,,2000-06-15,2000,26,F,U,UN,UNA,NC,PASQUOTANK,289 S GAIN ST,ELIZABETH CITY,27909,,06/21/2018,I,V0002263
106225_B,NT004157_B,MILLER,LORA,JUDITH,1960-09-14,1960,66,F,B,NL,DEM,AL,WAKE,242 LAKE DR,RALEIGH,27615,,01/09/2024,A,V0009109
102582_B,LZ001840_B,MITCHELL,ASIA,,1990-03-06,1990,36,F,A,NL,UNA,OC,NEW HANOVER,,WILMINGTON,28403,,12/23/2020,A,V0008706
102664_B,DX005827_B,HARE,EDUARDO,,1980-11-13,1980,46,M,B,NL,DEM,TN,WAKE,80272 CAROLINA AVE,CARY,27519,7169825227,05/05/2019,I,V0009391
103433_B,TP005834_B,VELAZQUEZ,LUIS,NORMAN,1963-02-23,1963,63,M,A,NL,DEM,,GUILFORD,1286 HARDING PL,GREENSBORO,27402,,11/17/1998,A,V0002283
108198_B,XD001390_B,WILLIAMS,PAUL,,1979-08-23,1979,47,M,W,NL,DEM,NC,SAMPSON,9195 WILLIAMS ST,HARRELLS,28444,9105733617,08/12/2003,A,V0000853
105954_B,CD001101_B,REYNOLDS,KATHLEEN,CRYSTAL,1933-04-20,1933,93,F,W,UN,REP,NC,GUILFORD,796 TAYLOR RD,GREENSBORO,27410,,06/11/2012,A,V0000738
109920_B,XH004708_B,WAY,BONNIE,KIMBERLY,1951-10-16,1951,75,F,W,NL,UNA,GA,WAKE,270 NEW GARDEN RD,RALEIGH,27610,,02/24/2018,A,V0006343
100311_B,MP009774_B,PEELE,CRAIG,,1980-07-12,1980,46,M,W,UN,REP,NC,STOKES,425 RIDGE RD,WESTFIELD,27052,,04/04/2021,A,V0001360
101291_B,ZW002026_B,REID,SHIRLEY,,1932-01-27,1932,94,F,W,UN,DEM,NC,DURHAM,309 WESTWOOD DR,DURHAM,27703,8509287647,02/17/2021,A,V0007969
100803_B,CC009116_B,KEPLEY,ROBERT,BETTY,1952-11-03,1952,74,U,W,NL,UNA,NC,WAKE,463 W 5TH ST,RALEIGH,27616,3368862940,02/28/1997,A,V0002300
100000_B,WC008920_B,WALTERS,JOHN,,1947-01-09,1947,79,M,W,NL,REP,OH,STANLY,9483 PKOLE RD,ALBEMARLE,28001,,08/05/2022,R,V0007147
103123_B,LC002508_B,SYKES,BARBARA,,1993-07-24,1993,33,F,W,HL,UNA,NM,WAKE,6745 FOREST OAKS DR,CARY,27519,,04/08/2024,A,V0000873
105453_B,XP003244_B,BEAM,PENNY,,1988-12-24,1988,38,F,U,NL,UNA,VA,DAVIDSON,477 HILLCREST DR,LEXINGTON,27295,,08/04/2024,I,V0009461
108904_B,XN009765_B,WILSON,PHYLLIS,,1996-09-20,1996,30,U,W,NL,REP,NC,CHOWAN,2585 WINDSOR RUN LN,EDENTON,27932,,07/15/2014,A,V0009482
108743_B,PW003901_B,SHAW,SUZANNE,,2006-09-16,2006,20,U,B,NL,UNA,NY,BUNCOMBE,489 DAVIS RD,LEICESTER,28748,9803308902,09/12/2024,R,V0009413
101913_B,ET000675_B,HOWARD,GRANT,RALPH,1968-06-11,1968,58,M,W,NL,UNA,MA,MECKLENBURG,213 CHAPEL HILL RD,HUNTERSVILLE,28071,3368145612,02/15/2010,R,V0005191
102206_B,XT002120_B,NGUYEN,ROBERT,DANIEL,1973-06-08,1973,53,M,B,NL,DEM,NC,MECKLENBURG,1882 CENTRAL KR,CHARLOTTE,28227,,04/16/2026,A,V0005680
107915_B,BD004097_B,RICKS,LISA,JENNIFSR,1993-02-03,1993,33,F,W,HL,UNA,NC,ONSLOW,238 GLENDALE DR,JACK.,28540,,12/28/2018,A,V0003473
100062_B,ZZ006415_B,ROTERSON,BLANCHE,DONNA,1980-01-11,1980,46,F,W,NL,UNA,NC,FRANKLIN,8964 ADAMS ST,FRANKLINTON,27525,,03/19/2026,A,V0004506
101563_B,RW009699_B,BOYD,DORIS,,1947-06-08,1947,79,F,W,UN,REP,MD,DURHAM,2715 ROBINHOOD RD,DURH.,27713,,02/12/2020,A,V0000739
102812_B,HV003712_B,MORIN,HEATHER,IOANNA,1977-02-09,1977,49,F,B,UN,UNA,NC,JOHNSTON,27 ST ALBANS DR LOT 19,CLAYTON,27520,,11/22/1995,A,V0003601
101011_B,WL002294_B,MCCARTHY,MELANIE,,,1957,69,F,W,NL,UNA,,RANDOLPH,,TRINITY,27370,,12/09/2021,I,V0000952
105436_B,WF008690_B,JOHNSON,ASHLEIGH,,1972-12-10,1972,54,F,W,NL,UNA,NJ,DAVIDSON,9586 BEATTIES FORD RD,DENT.,27239,9105757984,01/14/2020,A,V0006664
108134_B,AB008535_B,SHEPPARD,JAMES,EDWARD,1969-08-27,1969,57,M,U,NL,UNA,CA,CHATHAM,2999 NEADOW RD,SILER CITY,27344,,09/27/1994,A,V0008839
106843_B,VT002264_B,CLARK,TRACY,GARY,1964-08-17,1964,62,M,W,NL,REP,,WILSON,458 N TRYON ST,WILSON,27893,,01/26/2023,A,V0004134
102810_B,AJ003949_B,COLEMAN,ANGEL,,1989-05-07,1989,37,F,W,NL,REP,NC,FRANKLIN,2625 W TREMONT AVE APT 2,YOUNGSVILLE,27596,,10/25/2007,A,V0003380
102351_B,FC000221_B,ANDERSON,CHAD,,1998-04-05,1998,28,M,W,NL,DEM,,MECKLENBURG,84 OLD FAYETTEVILLE RD,CHARLOTTE,28216,9177175195,08/05/2024,I,V0006969
109846_B,XT005933_B,BATTS,JUNE,,1995-12-22,1995,31,F,W,NL,DEM,,RUTHERFORD,18066 BROWN RD,FOREST CITY,28043,2526842756,09/27/2014,A,V0001728
107466_B,GB003823_B,POLK,CHARLES,,1930-08-23,1930,96,M,W,HL,DEM,NC,WAYNE,8519 CHURCH ST,PRINCETON,27569,,11/21/2023,A,V0009205
108518_B,YM009984_B,RICKS,LARRZ,,1965-07-14,1965,61,M,W,NL,REP,AZ,FORSYTH,233 PENINSULA DR,WINSTON SALEM,,8286857135,09/13/1990,I,V0002954
104082_B,RH008229_B,CARR,STEPHEN,JAMES,1951-09-26,1951,75,M,A,NL,UNA,MD,WAKE,431 WHITE ST,RALE.,27610,,11/21/1996,R,V0001217
104752_B,WF005723_B,CURTIS,GAIL,VERA,2000-06-11,2000,26,F,W,NL,UNA,SC,WAKE,5470 N CALDWELL ST,HOLLY SPRINGS,27540,,04/12/2018,I,V0008937
107121_B,AT009062_B,WALTERS,ERNESAINE,SARAH,1948-11-21,1948,78,F,W,UN,UNA,CO,CUMBERLAND,1628 LIBERTY RD,FAYETTEVILLE,28303,,01/16/2020,A,V0000329
106809_B,CE002339_B,SHEARIN,PAULINE,,2004-05-19,2004,22,F,B,NL,DEM,NC,IREDELL,812 HIGHLAND DR,MOORESVILLE,28115,,03/16/2024,R,V0007945
109791_B,EL008721_B,GONZALEZ,TABATHA,,1966-04-12,1966,60,F,W,NL,REP,MI,NEW HANOVER,4916 ROBERTS ND,WILMINGTON,28408,,01/15/2019,A,V0005144
106714_B,MD002922_B,DIXON,PATRICIA,JOHNNIE,1996-01-06,1996,30,F,W,NL,DEM,NC,RUTHERFORD,973 GREEN ST,FOREST CITY,28043,9723124728,02/18/2021,A,V0007579
102770_B,YV002715_B,MURPHY,HALEY,VERONICA,1973-08-02,1973,53,F,B,NL,DEM,NC,NASH,313 ST ANDREWS DR,ROCKY MOUNT,27801,9103275505,08/18/1993,A,V0002244
106900_B,LT007217_B,WYRICK,CELIA,TYNTHIA,1964-07-22,1964,62,F,W,UN,REP,NC,FORSYTH,3231 STRATFORD RD,CLEMMONS,27012,,12/20/2026,A,V0002897
107330_B,ZZ006657_B,ABRAHAM,CAROLYN,LAURA,1991-10-20,1991,35,F,W,NL,UNA,NJ,MECKLENBURG,491 SUNSET DR,CHARLOTTE,28215,,05/22/2009,A,V0008529
105857_B,CX009596_B,HILL,NORMA,,1964-01-06,1964,62,F,W,UN,REP,MI,MECKLENBURG,2032 FC 39 HWY UNIT 28,CHARLOTTE,28205,,08/24/2025,A,V0007281
105565_B,JG008450_B,HATLEY,MARGARET,,2000-03-27,2000,26,F,W,UN,REP,,WAKE,57 SYCAMORE ST,RALEIGH,27603,9194317059,11/13/2018,A,V0005070
104706_B,XN007296_B,LAWRENCE,DARYL,AARON,2000-07-04,2000,26,M,W,NL,DEM,NC,WAKE,86625 SPRING FOREST RD,APEX,27523,,10/09/2018,A,V0000865
105448_B,WT008870_B,WATKINS,CARRIE,,1983-06-13,1983,43,F,W,NL,REP,,FORSYTH,387 SUNSET DR,PFAFFTOWN,27040,9107570212,10/25/2021,A,V0001737
106666_B,TG006646_B,PRITCHETT,CHARLYS,,1988-12-06,1988,38,M,W,NL,REP,,DURHAM,4377 N ELM ST,DURHAM,27705,,10/15/2025,A,V0005002
100118_B,FG001517_B,KEENE,VICTOR,,1969-10-24,1969,57,U,W,UN,REP,FL,UNION,393 NC 210 HWY,MATTHEWS,28103,7042037036,10/20/2008,I,V0006247
107744_B,GR000844_B,CAMPNELL,SANDRA,,1985-02-14,1985,41,F,O,NL,DEM,NJ,ROBESON,662 ST WARYS ST,LUMBERTON,28358,,05/19/2019,A,V0004909
109890_B,AY007126_B,MULL,JEREMY,NEAL,1962-07-09,1962,64,M,W,UN,UNA,NC,ALAMANCE,1509 WASHINGTON ST,GRAHAM,27253,2193531101,01/07/1996,D,V0007299
104512_B,EB008570_B,DIXON,ERNEST,MICHAEL,1933-12-12,1933,93,M,W,UN,REP,NC,ROCKINGHAM,60677 W 5TH ST,SUMMERFIELD,27358,2527909425,12/04/2026,A,V0006455
101579_B,WY004820_B,NORMAN,HEATHER,HEATHER,2001-11-22,2001,25,F,U,NL,UNA,,FORSYTH,198 ST ALBANS DR,WINSTON SALEM,27106,,04/28/2022,A,V0006703
105998_B,AS006380_B,SAVAGE,TANYA,,1941-08-03,1941,85,F,W,NL,UNA,PA,PITT,3809 CAMDEN RD,GREENVILLE,27834,9198264353,10/16/2022,A,V0000962
103277_B,VM007614_B,SCHMIDT,PAULA,,1967-08-03,1967,59,F,B,NL,DEM,AZ,GUILFORD,11 COUNTY LINE RD,GREENSBORO,27405,9084703106,06/01/1999,A,V0001250
103171_B,WG009621_B,SMITH,DANIEF,PATRICK,1978-06-09,1978,48,M,W,NL,UNA,NC,WAKE,1692 GLENWOOD AVE,RALE.,27607,9107541160,12/26/2019,I,V0006983
102559_B,EW001850_B,CROCKETT,TRENT,,1958-11-10,1958,68,M,W,NL,REP,NC,BUNCOMBE,1729 MOODLAND DR,WEAVERVILLE,28787,,11/26/2016,A,V0003105
102402_B,TC002121_B,WALKER,PATSY,,1951-06-06,1951,75,U,W,NL,UNA,MS,GASTON,1940 PARK DR LOT 27,BELMONT,28012,,11/25/1980,A,V0004918
103186_B,SC000299_B,CORRELL,KAREN,SHEILA,1981-06-22,1981,45,F,B,UN,DEM,NC,GUILFORD,184 LIBERTY STREET,GREENSBORO,27401,7049566138,01/24/2018,I,V0006534
109357_B,HX005210_B,MONTGOMERY,OSCAR,RECHARD,1927-02-28,1927,99,M,W,NL,REP,NC,GRANVILLE,3858 CENTRAL AVE,OXFORD,,,11/24/2026,A,V0000601
101238_B,DK004520_B,HUFFSTETLER,VICKIE,,1968-05-25,1968,58,U,W,NL,REP,NC,DURHAM,379 VIRGINIA AVE,DURHAM,27707,,11/18/2020,A,V0000363
102590_B,JD005484_B,LOGAN,ERIK,WILLIAM,1968-03-10,1968,58,M,B,NL,DEM,NC,ORANGE,5347 COUNTRY LN,MEBANE,27302,9194812688,01/24/2022,A,V0006766
109238_B,FZ000512_B,JACKSBN,BRENDA,CATHERINE,1944-04-14,1944,82,F,W,UN,REP,NC,MECKLENBURG,118 JOHNSON ST,CHAR.,28205,,06/01/2015,A,V0006180
101834_B,AV000815_B,HICKMAN,THOMAS,BILLY,1987-08-10,1987,39,M,B,NL,DEM,MI,WAKE,3000 UNION ST,RALEIGH,27603,,09/26/2012,A,V0006405
106680_B,JE000308_B,HOLMES,SANDRA,TONYA,1955-02-08,1955,71,F,W,NL,UNA,SC,BRUNSWICK,252 LAKEVIEW DR,BOLIVIA,28422,,11/21/1973,R,V0008240
109858_B,AF003466_B,PARKER,AMY,TIFFANY,1974-03-13,1974,52,F,W,UN,REP,NC,HAYWOOD,669 W FRIENDLY AVE,WAYNESVILLE,28785,9102618046,04/26/2019,I,V0007519
109033_B,CL006704_B,KOYNER,ABIGAIL,KIMBTRLY,1996-12-26,1996,30,F,W,UN,UNA,NC,HENDERSON,14284 FRIENDSHIP CHURCH RD APT 36,HENDERSONVILLE,28734,5082968888,07/16/2021,A,V0007181
103936_B,AC001776_B,PETERSON,ANDREA,,1959-10-14,1959,67,F,W,NL,REP,NC,BRUNSWICK,,CAROLINA SHORES,28467,,05/06/2019,A,V0003517
106429_B,SD005576_B,ALSTON,HAYTEY,,1977-12-23,1977,49,F,W,HL,UNA,NC,GUILFORD,150 W TREMONT AVE,HIGH POINT,27260,,07/03/2022,A,V0005901
107836_B,NZ004278_B,FORBES,VIRGINIA,PATRICIA,1983-06-15,1983,43,F,W,NL,UNA,NC,SURRY,1273 MORNINGSIDE DR LOT 18,PILOT MOUNTAIN,27049,9104308599,04/23/2024,I,V0004206
103508_B,WN007478_B,DIAZ,SCOTT,,1943-07-09,1943,83,M,W,NL,DEM,TX,FRANKLIN,1885 MEADOW RD,FRANKLINTON,27525,,12/12/2016,I,V0003261
108721_B,SE006362_B,CHASE,DIANA,,1999-09-10,1999,27,U,B,NL,DEM,MA,ORANGE,3049 CHAPEL DR,HILLSBOROUGH,27278,,08/02/2017,A,V0008241
108726_B,WA007219_B,BATEMAN,JESSICA,,1970-09-06,1970,56,F,W,UN,DEM,NY,BRUNSWICK,1982 NC 39 HWY,SUPPLY,28462,,07/20/2022,A,V0004036
104664_B,LE001787_B,RICE,WILLIE,,1958-04-19,1958,68,M,W,NL,REP,NY,FORSYTH,3261 MAIN ST,KERNERSVILLE,27284,,01/06/2026,A,V0009345
101322_B,VM001282_B,TYLER,REBECCA,FRANKIE,1987-04-15,1987,39,F,W,UN,DEM,,WILKES,200 XS HWY 158,NORTH WILKESBORO,28659,2528581150,12/04/2005,A,V0003214
102263_B,BV008695_B,NELSON,BRIAN,,1981-04-21,1981,45,M,W,NL,DEM,WA,HARNETT,4151 N COLLEGE ST,ANGIER,27501,3367189453,10/11/2025,I,V0008556
100248_B,PG008101_B,MCLEAN,GRAYSON,PAUL,1989-03-05,1989,37,U,O,UN,UNA,,FORSYTH,13005 LAKESHORE DR,RURAL HALL,27045,7572486548,07/02/2012,R,V0000533
108926_B,ET005779_B,EDWARDS,DAVID,,1965-11-06,1965,61,M,W,NL,DEM,CA,SURRY,,P. MOUNTAIN,27041,,07/04/2004,A,V0002140
106764_B,YJ000043_B,SMITH,UARA,,1986-09-08,1986,40,F,B,NL,DEM,NC,CUMBERLAND,39 W 5TH ST,FAYETTEVILLE,28303,,01/14/2021,A,V0008588
103552_B,VL002071_B,JONES,JOSEPH,,1948-09-20,1948,78,M,W,NL,UNA,,HARNETT,201 HAWTHORNE RD,SANFORD,27330,,05/08/2019,A,V0001032
109285_B,AA004642_B,DULA,MELANIE,PORTIA,1949-01-03,1949,77,M,I,NL,UNA,OC,BRUNSWICK,353 LONGWOOD DR,BOLIVIA,28422,,12/16/2021,A,V0004803
107043_B,SF004897_B,ELLIS,JOSEPH,MARK,1977-09-12,1977,49,M,W,NL,UNA,NC,YANCEY,4957 EDGEWOOD DR,BURNSVILLE,28719,,07/18/2024,R,V0003401
103738_B,RA004437_B,DAVIS,RALPH,LARRY,1980-01-26,1980,46,M,W,UN,DEM,,WAKE,5289 UNION ST APT 31,WILLOW SPRING,27592,9107242222,11/13/2008,A,V0007286
103697_B,EN005402_B,FLOWERS,BARBARA,,1990-04-03,1990,36,F,W,UN,REP,,IREDELL,21 COLONIAL DR,MOORESVILLE,28112,3368928971,06/03/2008,A,V0000377
104366_B,LH000931_B,GOUDON,CINDY,JENNIFER,1962-05-01,1962,64,F,U,NL,DEM,NC,BUNCOMBE,8256 MT OLIVE CHURCH RD,FAIRVIEW,28733,,11/04/2024,A,V0008280
100542_B,SE000903_B,SHARP,STACIE,DENISE,2002-07-12,2002,24,F,W,UN,UNA,NC,FORSYTH,,WINSTON SALEM,27104,7048073406,02/21/2020,A,V0004815
106984_B,PG007637_B,WILLIAMS,JAMES,ELI,1993-06-21,1993,33,M,W,UN,REP,MD,NEW HANOVER,101 PLEASANT GARDEN RD,WILMINGTON,28412,,02/12/2026,R,V0009442
105973_B,EB001861_B,HYATT,TONI,SUE,1978-01-12,1978,48,F,U,UN,UNA,NC,WATAUGA,957 W MAIN ST,SUGAR GROVE,28679,,06/21/2022,A,V0002570
100129_B,NZ003162_B,HOWELL,COLIN,,2004-02-23,2004,22,M,W,NL,UNA,NC,WAKE,5946 W 5TH ST LOT 21,WAKE FOREST,27587,2522943360,03/18/2022,R,V0000442
105834_B,YP001061_B,HQYES,RODNEY,,1981-01-22,1981,45,M,W,NL,REP,,PITT,62 PENNY RD,GREENVILLE,27834,,06/18/2001,A,V0002694
101914_B,KE007392_B,SIMPSON,EMILY,DONNA,1967-01-07,1967,59,U,W,NL,DEM,NC,GREENE,2954 COMMONWEALTH AVE,SNOW HILL,28580,,12/20/2016,A,V0000381
109703_B,RH001666_B,FLOOD,AMELIA,SAMANTHA,1990-11-13,1990,36,F,W,NL,UNA,NC,LEE,4906 AUSTIN RD,SANFORD,27330,7044765146,10/20/2018,R,V0004464
100943_B,RA003765_B,HICKEY,BENJAMIN,,1966-02-28,1966,60,M,B,HL,DEM,,MECKLENBURG,,CHAR.,28227,,01/18/1997,R,V0002666
107350_B,GK002918_B,MORRIS,ANDREW,NICHOLAS,1971-11-27,1971,55,F,W,UN,UNA,KS,MECKLENBURG,4667 N MAIN ST,CHARLOTTE,28216,2528184497,08/28/2003,A,V0002612
108633_B,BK006842_B,LAND,SYNJA,MATTHFW,1999-01-13,1999,27,U,W,NL,UNA,,CABARRUS,1232 ROGERS RD,CONC.,28025,8289340031,11/28/2025,A,V0006973
106488_B,FX005555_B,TAONER,KIH,,1987-12-24,1987,39,F,U,UN,UNA,NC,ALAMANCE,8603 WILLIAMS RD,LIBERTY,27298,,02/12/2022,A,V0002907
103585_B,ZF000189_B,ELLIOTT,FRVNCES,,1957-08-28,1957,69,F,W,NL,UNA,,MECKLENBURG,151 GARRETT ROAD,CHARLOTTE,28215,,12/24/2021,R,V0003855
100503_B,ME005020_B,BROWN,GERALDINE,,1961-01-01,1961,65,F,U,UN,DEM,NC,CABARRUS,6917 UNIVERSITY CITY BLVD,CONCORD,28027,2527720777,07/07/1991,A,V0004420
103797_B,MN007675_B,HULL,JONATHAN,BILL,1998-02-06,1998,28,M,W,HL,UNA,NC,CABARRUS,2692 E BROOKLYN VILLAGE AVE,KANN.,28083,,10/02/2016,A,V0008810
103657_B,MN008310_B,FAIRCLITH,CASSIE,,1993-05-07,1993,33,F,W,HL,UNA,NY,ORANGE,26 RIVERSIDE DR,HILLSBOROUGH,27278,,12/16/2012,A,V0007861
101270_B,JT009255_B,COTTON,LOUISE,,1990-01-03,1990,36,F,O,NL,UNA,NC,UNION,7559 HAWTHORNE RD,MONROE,28117,9198272185,02/12/2020,A,V0008899
101911_B,FY008160_B,COLLINS,SPEVEN,SAMMY,1944-01-23,1944,82,M,W,NL,REP,NY,ALAMANCE,755 NORTH ST,ELON,27243,,03/12/2012,A,V0007952
109242_B,TT002341_B,LOWE,GEORGE,LUKE,2003-12-19,2003,23,U,W,HL,UNA,RI,MECKLENBURG,9173 BATTLEGROUND AVE,CHARLOTTE,28215,9106311046,06/04/2021,A,V0005910
106076_B,BS007964_B,PATEL,WILLIAM,,1956-01-19,1956,70,M,W,UN,UNA,MI,NEW HANOVER,17 LAKESIDE DR ROT 26,WILMINGTON,28403,,10/21/2012,R,V0000523
102665_B,YV003920_B,ELLER,KELSEY,HELEN,1970-10-20,1970,56,F,B,NL,UNA,,GUILFORD,3419 E 5TH ST,GREENSBORO,27401,,02/27/2023,A,V0005524
104006_B,AR000184_B,TURNER,STEVEN,RHBERT,1969-03-01,1969,57,M,A,NL,UNA,NC,GUILFORD,4198 JONKS FERRY RD,HIGH POINT,27262,8288742491,07/27/2024,A,V0004523
107464_B,WR005593_B,JOHNSON,STEPHANIE,,1975-06-14,1975,51,F,W,NL,REP,NJ,AVERY,4142 COUNTRY CLUB DR,NEWLAND,28657,,04/08/2013,A,V0006944
109886_B,AR007237_B,HOOKER,ELIZA,,1981-12-04,1981,45,F,B,NL,DEM,IL,YADKIN,391 W ACADEMY ST,HAMPTONVILLE,27020,,05/03/2005,A,V0006860
100271_B,DP004937_B,JACOBS,LUCAS,,2008-03-26,2008,18,M,W,NL,DEM,NC,MECKLENBURG,262 LIBERTY ST,CHARLOTTE,28220,,06/07/2026,I,V0009447
102434_B,AR004481_B,BLALOCK,ADDISON,CHRISTINE,1972-11-22,1972,54,F,B,NL,DEM,NC,UNION,1401 OAK TILL DR,MONROE,28113,9107288751,09/13/2011,R,V0008070
103468_B,GV005131_B,NORMAN,TERESA,,1961-02-13,1961,65,F,W,NL,UNA,,RUTHERFORD,196 WILLOWBROOK DR,SPINDALE,28160,,12/12/2003,D,V0005044
105566_B,JS008491_B,JAMLS,DIANNE,MARY,1942-05-28,1942,84,F,W,UN,REP,,PASQUOTANK,34764 CENTRAL AVE,ELIZABETH CITY,27903,7044321945,01/20/2008,A,V0005975
101833_B,NK000397_B,DAVIS,JOSHUA,MICHAEL,1960-07-13,1960,66,M,W,NL,DEM,,WARREN,4555 BROOKFIELD DR,LITTLETON,27850,,11/05/2016,A,V0007788
102510_B,RY002943_B,KORNEGAY,RICHARD,,1962-02-05,1962,64,M,W,NL,REP,NC,LENOIR,45731 MARTIN ST,KINSTON,28504,,03/11/1991,A,V0000077
107023_B,TC005969_B,ROBINSON,THOMAS,,1997-04-05,1997,29,U,W,NL,REP,IN,JOHNSTON,3507 LAKESHORE DR,CLAYTON,27520,3364550578,05/26/2021,A,V0006372
109371_B,EG005292_B,THOMAS,ANDREW,JERRY,1971-03-06,1971,55,M,W,NL,REP,OH,HOKE,8927 N BREVARD ST,RAEFORD,28376,,08/23/2024,A,V0007570
103625_B,VL004506_B,ROBINSON,KAREN,,1951-08-13,1951,75,F,W,UN,UNA,NC,MECKLENBURG,865 MEADOWVIEW DR,CHARLOTTE,28269,8285017694,05/21/2026,A,V0004303
102843_B,DH000701_B,CALLAHAN,CARL,EDZIN,1980-12-15,1980,46,M,W,NL,UNA,FL,MECKLENBURG,,CHARLOTTE,,3362635983,10/28/1998,A,V0001860
106041_B,NG000990_B,FLOYD,CLINTON,,2005-03-06,2005,21,M,B,NL,DEM,NC,HALIFAX,21 LEE ST,HALIFAX,,8283663042,10/14/2023,A,V0003671
109072_B,DW003127_B,ROGERS,MICHAEL,,2006-06-13,2006,20,U,B,NL,DEM,AL,CUMBERLAND,130 LAKE DR,FAYETTEVILLE,28306,,05/10/2024,A,V0007677
105475_B,AM008170_B,BUCHANAN,CHARLES,,1960-05-28,1960,66,M,B,UN,DEM,,EDGECOMBE,122 MALLARD DR,TARBORO,27887,9197894092,10/24/2024,A,V0002643
109289_B,CN000106_B,COWAN,BARBARA,VALERIE,1947-04-26,1947,79,F,B,NL,UNA,NC,DURHAM,1293 CHAPEL HILL RD,DURHAM,27713,9193785313,09/15/2002,I,V0003522
106924_B,PF003472_B,OLIVER,CAROL,PATRICIA,1980-10-19,1980,46,F,W,NL,REP,FL,CABARRUS,3089 WHITE PINE DR UNIT 29,KANNAPOLIS,28081,8287353447,09/20/2016,A,V0001403
103287_B,BL006340_B,HARVEY,LARRY,ROBERT,1950-11-18,1950,76,U,W,UN,UNA,,HARNETT,537 DAMPTON RD,ANGIER,27501,,11/04/1992,A,V0002948
106173_B,RB006626_B,SMITH,JAMES,,1996-10-14,1996,30,M,W,NL,UNA,PA,LINCOLN,5114 SCOTT RD,LINCOLNTON,28092,8285070804,07/19/2020,A,V0008434
109192_B,DZ004071_B,MURPHY,BRATLEY,,1967-03-23,1967,59,M,W,NL,DEM,NY,ONSLOW,3862 MARTIN ST,JACKSONVILLE,28546,,12/09/1985,A,V0006250
102437_B,WM006406_B,JONES,MARY,,1987-04-07,1987,39,F,W,NL,REP,CT,ROWAN,7419 ARLINGTON ST,SALISBURY,28146,9109296084,02/09/2021,A,V0001456
104676_B,ES003866_B,HOPPER,EDWARD,MICHAEL,1967-08-28,1967,59,M,W,NL,DEM,,CABARRUS,9550 WALL ST,CONCORD,28026,3368351983,06/16/2012,R,V0004099
100375_B,KR001023_B,JOHNSON,JAMES,,1959-04-05,1959,67,M,W,UN,UNA,DC,ONSLOW,4298 COUNTRY CLUB RD,JACKSONVILLE,28546,,04/12/2020,A,V0001533
105241_B,ET003367_B,PHIPPS,STEPHANIE,DEBRA,1972-08-02,1972,54,F,W,NL,REP,TX,CATAWBA,577 OLD STAGE RD APT 39,NEWTON,28658,,12/16/2017,A,V0008143
109220_B,VB004890_B,FLEMING,ISAIAH,TIMOTHY,1961-02-06,1961,65,M,W,UN,DEM,NC,WILKES,3448 NUTT ST,N. WILKESBORO,28659,3369892191,09/04/2013,A,V0001959
104710_B,DB000302_B,ADAMS,JANET,MELODY,2005-08-25,2005,21,F,B,NL,DEM,NC,WAKE,17813 POPLAR ST,GARNER,27529,,03/11/2026,A,V0000995
103986_B,WX009337_B,PARKER,NANCY,,,2002,24,U,U,UN,UNA,NC,WAKE,999 RALEIGH ROAD,APEX,27502,8646139181,07/04/2022,A,V0006896
105228_B,KJ005278_B,DAVIS,DONALD,MICHAEL,1958-01-23,1958,68,M,B,NL,DEM,NC,ROWAN,2619 PINE RIDGE DR,SALISBURY,28147,,01/09/2024,A,V0003247
104174_B,NG009105_B,WILLIAMS,NICHOLAS,,,1966,60,M,B,NL,UNA,OR,ALLEGHANY,45 HILLCREST DRIVE,SPARTA,28675,,10/15/2022,A,V0002329
105597_B,CC004187_B,SMIEH,MARC,,1967-11-13,1967,59,M,W,NL,UNA,OK,SCOTLAND,1423 MEADOW RD,GIBSON,28340,,07/05/2017,A,V0006457
109829_B,KT000569_B,BRADLEY,JOY,JESSICA,1990-08-16,1990,36,F,W,NL,UNA,NC,BRUNSWICK,30 MEMORY LN,SOUTHPORT,28461,,05/10/2008,A,V0004333
104748_B,YS005764_B,HINSON,JOEL,,2001-09-24,2001,25,M,O,NL,REP,NC,ROBESON,7830 WOODLAND DR,LUMBERTON,28358,,10/18/2025,A,V0003725
100661_B,FL003784_B,SELLARS,RACHEL,LAUREN,1997-05-09,1997,29,F,U,UN,REP,VA,MOORE,8598 WHITE OAK RD APT 7,SOUTHERN PINES,28387,,02/20/2015,A,V0004083
101161_B,KC004923_B,BLAKE,LYDIA,PHYLLIS,1961-06-23,1961,65,F,W,NL,UNA,CT,STANLY,6742 VANCE ST,STANFIELD,28163,,05/14/2007,A,V0004965
106681_B,GP005914_B,WALKER,AMY,ASHLEIGH,2000-05-18,2000,26,F,B,NL,DEM,NC,DAVIDSON,382 PARK AVE,LEXINGTON,27292,,12/02/2018,A,V0004220
103469_B,NR001304_B,BOST,CHRISTINA,,,1991,35,F,A,NL,REP,NC,UNION,,INDIAN TRAIL,28079,,05/20/2016,A,V0007072
107299_B,BZ002188_B,MICHAEL,JENNIFER,,1942-03-01,1942,84,U,W,NL,UNA,NC,MOORE,,SOUTHERN PINES,28387,2522727909,05/10/1998,A,V0007808
105553_B,BM002682_B,FRANKLIN,MAKAYLA,,1987-11-25,1987,39,F,W,NL,REP,NC,WAKE,522 W MOREHEAD ST,CARY,27519,8289723736,04/09/2005,R,V0005130
109667_B,CW003736_B,POLLARD,CAROLYN,,2002-11-08,2002,24,F,B,UN,UNA,NC,WAKE,4640 OAK GROVE RD,CARY,27519,9105507187,11/28/2020,I,V0002862
104949_B,VK000947_B,JACKSON,MARGARET,STEPHANIE,1998-08-26,1998,28,F,B,NL,UNA,,GASTON,35 CENTRAL AVE,BELMONT,28012,,11/24/2016,A,V0006177
108564_B,PT003809_B,JACKSON,GAIL,,2005-07-16,2005,21,F,W,UN,UNA,NC,MECKLENBURG,2048 FAYETTEVILLE ST LOT 36,CHARLOTTE,28206,,06/15/2024,A,V0003436
106937_B,PP000321_B,MEEKS,CLAIRE,MARY,1936-02-11,1936,90,F,W,NL,REP,OC,WATAUGA,456 MULBERRY LN,BOONE,28608,2522482540,07/09/2021,A,V0007384
107920_B,FH009972_B,WOLLS,LAURA,,1987-11-05,1987,39,U,B,UN,DEM,MD,HOKE,648 LEES CHAPEL RD,RAEF.,28375,,04/05/2015,A,V0002506
105875_B,RH009170_B,REID,MITCHELL,,1955-04-27,1955,71,M,B,NL,DEM,PA,BERTIE,98543 S CHURCH ST,WIND.,27983,,08/16/2004,A,V0007066
105376_B,VK001650_B,BROOKS,CARLA,OARGARET,1996-05-05,1996,30,F,W,NL,DEM,NC,FORSYTH,322 CAROLINA AVE,WALKERTOWN,27051,,01/03/2025,I,V0001459
108241_B,TM001469_B,MCCOY,CHARLES,,1991-03-01,1991,35,M,W,UN,UNA,NC,WAKE,218 JEFFERSON ST,RALEIGH,27610,8283557429,05/22/2015,A,V0004289
108667_B,XP005819_B,JENKINS,MATTHEW,XLEN,1993-05-23,1993,33,M,B,HL,UNA,NC,GREENE,9563 ROBINWOOD RD,HOOKERTON,28538,,03/02/2011,A,V0005279
106567_B,JA006567_B,PRYOR,COURTNEY,,1956-07-28,1956,70,U,W,NL,REP,NC,MECKLENBURG,358 MARTIN ST UNIT 26,MATTHEWS,28105,,12/28/1974,A,V0000723
105057_B,BW003793_B,WINSLOW,SEAN,PHILLIP,1953-04-19,1953,73,M,W,UN,REP,,MECKLENBURG,3692 SPRING FOREST RD LOT 19,CHARLOTTE,28215,,04/09/2004,A,V0007093
109005_B,WJ002383_B,STEVENS,HEATHER,LAURA,2004-07-20,2004,22,F,W,NL,DEM,NY,MECKLENBURG,9890 OAKWOOD AVE,CHARLOTTE,,,05/14/2022,A,V0000537
106995_B,YG001670_B,OATES,RANDOLPH,GREG,1969-09-17,1969,57,M,A,NL,UNA,,MECKLENBURG,2432 N CENTER ST,CHARLOTTE,28277,6167122369,09/16/2026,A,V0008339
109186_B,YS002359_B,WHITAKER,ELIZABETH,,1951-08-21,1951,75,F,W,NL,REP,PA,GUILFORD,445 SHADY LN,HIGH POINT,27263,,06/25/2024,A,V0006673
102536_B,FA007530_B,BOYD,BRYAN,,1941-12-27,1941,85,M,U,NL,UNA,NC,LENOIR,760 WALNUT ST,D. RUN,28525,,03/04/2004,A,V0005180
106935_B,SC000191_B,PHELPS,CHRISTINA,NANCY,1989-10-24,1989,37,F,W,UN,REP,NC,ORANGE,3985 ANDERSON STREET,EFLAND,27243,,10/19/2007,A,V0008988
109991_B,TV001730_B,MILLER,ELLEN,,1988-01-10,1988,38,F,W,NL,DEM,NY,JOHNSTON,9422 E WASHINGTON ST,kenly,27542,,02/12/2018,A,V0006618
105457_B,RY003067_B,WHITE,KAITLIN,PATRICIA,1967-04-19,1967,59,F,O,NL,UNA,NC,ORANGE,3747 WILDWOOD DR,CHAPEL HILL,27511,,04/08/1985,A,V0008594
100727_B,VK007152_B,ALLEN,BELINDA,DAWN,1971-07-16,1971,55,F,W,NL,UNA,MS,BEAUFORT,3849 SHANNON RD,WASHINGTON,27889,8289525923,09/15/1989,A,V0007191
101127_B,ZA002422_B,PETERSON,ALEXANDRIA,,1948-09-16,1948,78,F,W,UN,REP,NC,WAKE,1307 MULBERRY LN,RALEIGH,27616,,08/19/1988,A,V0003463
107564_B,LA008677_B,BARBEE,RYAN,TROY,1963-07-21,1963,63,M,U,NL,UNA,LA,HAYWOOD,477 ELM ST,CLYDE,28721,9102516919,11/04/2000,A,V0007852
105740_B,ZY005803_B,BUCKLEY,CASEY,,1974-02-12,1974,52,F,W,UN,REP,,IREDELL,4510 STRATFORD RD,MOORESVILLE,28117,9192680197,09/07/2020,A,V0008445
105257_B,KJ009850_B,MORRIS,CODY,DAVID,1955-11-19,1955,71,M,W,NL,UNA,NC,WAKE,1004 N MAIN ST,RALEIGH,27604,7329803047,01/24/1992,R,V0000859
104407_B,GP002789_B,BRIGHT,TERESA,,1968-07-06,1968,58,F,W,NL,REP,FL,ORANGE,353 COUNTRY CLUB RD,CHAPEL HILL,27517,,03/27/2015,R,V0005885
106012_B,ML009757_B,LENNON,CHRISTINE,VICKY,1998-08-18,1998,28,F,W,UN,UNA,,ORANGE,375 WINDSOR RUN LN,C. HILL,27510,9193787130,10/03/2025,A,V0003002
108943_B,CP001660_B,REID,JASON,,1938-07-05,1938,88,M,B,NL,UNA,ME,DARE,6182 TUCKER RD,MARTINS POINT,27949,9197883719,06/02/2018,A,V0005052
103662_B,BD005411_B,MCKNIGHT,VICTOR,KENNETH,1961-05-16,1961,65,U,W,NL,DEM,,MECKLENBURG,4892 ELIZABETH AVE,CHARLOTTE,28227,,03/09/1990,R,V0009315
101980_B,FX004019_B,MOBLEY,SARAH,EMMA,1985-10-27,1985,41,F,W,NL,REP,NC,ROWAN,1230 ZION CHURCH RD,SALISBURY,28146,8289650420,02/13/2023,I,V0008806
104570_B,EM004590_B,COLE,CHARLES,,1960-11-17,1960,66,M,W,UN,REP,NC,ALEXANDER,97 HIGH ST,TAYLORSVILLE,28681,,01/26/2018,A,V0002608
101860_B,GB001887_B,CORLEY,JOHN,,2005-07-23,2005,21,M,W,NL,UNA,,DAVIE,10 JACKSON ST,ADVANCE,27006,,08/03/2023,A,V0000603
108604_B,LS000351_B,TOWNSEND,JACQUELINE,,2001-07-03,2001,25,F,W,NL,REP,NC,GUILFORD,1583 STRATFORD DR,HIGH POINT,27265,3364403802,08/13/2025,A,V0001111
100325_B,KR002619_B,DAVIS,JANIS,,2006-01-06,2006,20,F,U,NL,DEM,NC,MOORE,26 E 7TH STREET,SOUTHERN PINES,28387,8626620336,03/24/2024,A,V0002869
104970_B,SK002932_B,SIMMONS,DENNIS,STACEY,1948-01-19,1948,78,M,B,NL,DEM,NC,CALDWELL,3315 W 5TH ST,GRANITE FALLS,28630,,08/19/2016,A,V0007820
101546_B,ST003874_B,CARROLL,BRADLEY,MARCUS,1996-01-06,1996,30,U,W,NL,DEM,NC,CUMBERLAND,296 WESLEY DR,FAYETTEVILLE,28304,,12/20/2015,A,V0007982
108725_B,DC005450_B,VAZQUEZ,TBOY,,1957-04-09,1957,69,M,W,NL,REP,CA,NEW HANOVER,,WILMINGTON,28409,,02/25/2019,A,V0008882
103584_B,DW005822_B,SMITH,JONATHAN,LAWRENCE,1970-04-14,1970,56,M,W,UN,REP,OC,BUNCOMBE,,ASHEVILLE,28801,3368669892,11/15/2023,A,V0003192
104681_B,EJ003545_B,SIDES,NOAH,,1985-01-15,1985,41,M,W,NL,UNA,WV,MOORE,3395 UNIVERSITY CITY BLVD,PINEHURST,28374,3365044375,03/18/2003,A,V0005981
101575_B,HZ000185_B,SMITH,SUSAN,,2005-05-28,2005,21,F,W,NL,REP,PA,NEW HANOVER,889 MAIN ST,C. HAYNE,28429,9847187185,06/07/2024,A,V0001069
109046_B,YP006715_B,MCLEAN,ERIC,CHAD,1992-11-05,1992,34,M,W,UN,DEM,ME,GUILFORD,621 AZALEA DR,WHITSETT,27377,,10/01/2010,A,V0001798
101449_B,NJ004925_B,CARTER,ROBIN,,2002-04-06,2002,24,M,B,NL,UNA,NC,NEW HANOVER,945 HILLTOP RD,WILMINGTON,28401,,03/24/2024,A,V0008419
109866_B,NY000147_B,WASHINGTON,CALVIN,GERARD,1964-05-22,1964,62,M,W,UN,UNA,,LEE,1938 HILL ST,SANFORD,27330,7042808803,11/13/2024,A,V0005892
101056_B,AF005950_B,MCCLOUD,ETHAN,,1992-06-08,1992,34,M,W,HL,DEM,NC,NEW HANOVER,692 E BROAD ST,CASTLE HAYNE,28429,9994865981,08/07/2025,I,V0001149
101284_B,YN002277_B,TINSLEY,JUSTIN,DAVID,1984-01-04,1984,42,M,W,UN,DEM,OC,WAKE,62211 WOODFIELD DR,RALEIGH,27604,2527414666,04/27/2024,A,V0005740
103141_B,BZ000085_B,CLARKE,JOHN,SARA,2004-07-16,2004,22,U,W,NL,UNA,NC,GASTON,363 RIVMR RD,GASTONIA,28059,,07/06/2022,A,V0009121
102817_B,BL002207_B,DENDIS,HAZEL,CATHY,1974-02-03,1974,52,U,W,UN,REP,MD,MECKLENBURG,2531 QAKESIDE DR,CHARLOTTE,28215,3369126136,09/28/2020,A,V0007284
100333_B,FN007895_B,JONES,LAUDEN,,1966-08-05,1966,60,F,W,UN,UNA,OH,TYRRELL,534 WILLIAMS ST,COLUMBIA,27925,,07/06/1988,A,V0008267
105676_B,SF007679_B,LONG,PAUL,JAMES,1971-04-23,1971,55,F,W,UN,REP,OC,UNION,7813 SHILWH RD,WAXHAW,28173,9197887972,09/25/1992,A,V0002878
109789_B,PE003015_B,BULLOCK,KAREN,,2007-10-13,2007,19,F,W,NL,DEM,NC,WAKE,203 E CHURCH ST,RALEIGH,27615,9108619360,10/23/2025,A,V0002627
103309_B,NJ002849_B,JOHNSON,JEAN,LARA,1954-09-18,1954,72,F,W,NL,UNA,NC,MECKLENBURG,6772 CHARLES ST,CHARLOTTE,28227,,11/08/2019,A,V0009381
108467_B,DP007124_B,WILLIAMS,JOANN,JONI,1988-07-02,1988,38,F,W,NL,REP,OH,MECKLENBURG,1576 DRIFTWOOD DR,CHARLOTTE,28216,8506026769,05/11/2006,A,V0002027
102474_B,XP002740_B,TRULL,JOHN,,1953-08-23,1953,73,U,B,NL,DEM,NC,PITT,,GREENVILLE,27834,,11/17/2024,A,V0004560
101742_B,XW009736_B,COOLINS,JAYLEN,TYRONJ,1977-07-09,1977,49,M,W,NL,UNA,OH,WAKE,4905 FREEDOM DR,RALEIGH,27603,,05/26/2003,A,V0008518
108584_B,FZ002617_B,WILKES,DEBRA,WANDA,1984-10-20,1984,42,F,W,UN,UNA,VA,BRUNSWICK,44 TAYLOR RD,LELAND,28451,,03/06/2020,I,V0002857
109000_B,GT005849_B,WALKER,RENEE,,1995-07-17,1995,31,M,W,UN,DEM,NC,WAKE,15040 LONGVIEW DR UNIT 23,HOLLY SPRINGS,27540,5167469572,10/10/2024,I,V0006359
107675_B,TR002133_B,HILL,JANELLE,,1925-12-01,1925,101,F,M,UN,DEM,OC,UNION,352 OAK GROVE CHURCH RD,WINGATE,28174,9097086316,06/25/2022,A,V0006863
103661_B,GG006457_B,CLARK,NARGARET,,1928-03-05,1928,98,F,W,NL,UNA,,FORSYTH,396 AZALEA DR APT 38,W. SALEM,27106,,09/07/2023,A,V0008269
104702_B,ZF005009_B,MORSE,CYNMHIA,,1991-02-08,1991,35,F,W,NL,REP,FL,HALIFAX,4972 S CHURCH ST,HOLLISTER,27844,,07/13/2011,A,V0007789
102173_B,ME000047_B,HOUCK,ELLEN,,1958-04-25,1958,68,F,B,NL,DEM,NC,JOHNSTON,3200 WILLIAMQ ST,GARNER,27529,,01/11/2016,A,V0005380
106752_B,RT008762_B,STONE,STANLUY,,1960-03-02,1960,66,U,W,NL,REP,,ROCKINGHAM,750 MARKET ST,STONEVILLE,27048,9109119861,04/24/2022,D,V0005968
107277_B,ZL002369_B,LLOYD,ALVIN,TERRY,1956-11-04,1956,70,M,W,UN,UNA,NC,HAYWOOD,485 SPRING ST,CANTON,28716,,08/26/2012,A,V0007942
105029_B,RY007708_B,THOMAS,JONATHON,LUKE,1972-04-10,1972,54,M,W,NL,REP,VA,TRANSYLVANIA,158 WASHINGTON ST,P. FOREST,,,08/06/1996,A,V0006065
103374_B,FB007439_B,WOOD,BARBAIA,SYLVIA,1951-12-11,1951,75,F,W,UN,REP,NC,ONSLOW,7621 E BROOKLYN VILLAGE AVE,RICHLANDS,28574,2525409857,06/12/2021,A,V0006597
109587_B,PS002544_B,MURRAY,CHARLES,KENNETH,1999-03-06,1999,27,M,W,UN,REP,NC,WAKE,2307 SUNSET DR,RALE.,27613,,09/04/2017,A,V0003910
109758_B,LV000799_B,CLEMMONS,AMANDA,AMANDA,1938-09-09,1938,88,F,W,UN,REP,NJ,WAKE,1963 PARK RD UNIT 1,GARNER,27529,2524412680,03/13/2020,A,V0007622
106767_B,MN006706_B,RUFFIN,GREGORY,,1986-12-18,1986,40,M,W,UN,REP,NC,HERTFORD,8969 TOWER RD,MURFREESBORO,,,10/27/2025,A,V0002291
105801_B,TJ003849_B,LOCKLEAR,JONATHAN,TANNER,,2003,23,M,W,UN,UNA,NC,BRUNSWICK,379 HILL RD,LELAND,28451,,02/03/2021,A,V0003795
106097_B,CE004493_B,POOLE,BETTY,,1935-11-05,1935,91,F,O,UN,REP,NC,MITCHELL,186 THOMPSON RD,BAKERSVILLE,28705,,06/06/2018,R,V0003033
107576_B,BD000950_B,BASS,MARY,,2005-04-20,2005,21,F,W,NL,UNA,,ONSLOW,6227 SCHOOL ST,HUBERT,28539,8283291141,03/03/2023,D,V0004614
100023_B,HD003009_B,FISCHER,ISABELLA,TRACIE,1966-03-13,1966,60,F,B,NL,UNA,NC,CATAWBA,3421 TURNWR RD,CONOVER,28613,9107205404,05/25/2020,A,V0006685
104392_B,HZ003533_B,WILLIAMSON,MARY,,2006-06-23,2006,20,F,W,NL,REP,NC,GASTON,,GASTONIA,28056,,09/02/2024,A,V0003407
101176_B,PD007086_B,SPENCER,ASHANTI,KIMBERLY,2000-08-15,2000,26,F,B,NL,DEM,NC,JOHNSTON,105 CEDAR ST,SMITHFIELD,27577,,02/24/2024,I,V0003118
109374_B,RA002289_B,HAUSER,SHEILA,,1992-09-12,1992,34,F,W,NL,REP,NC,CABARRUS,49 N WEST ST,KANN.,,,05/03/2010,A,V0003641
101927_B,BE009763_B,POWELL,JULIAN,,1931-05-25,1931,95,M,B,HL,DEM,OC,CALDWELL,490 BETHEL CHURCH RD,LENOIR,28645,,05/20/2022,A,V0006382
109207_B,YH008298_B,COLON,ELAZNE,NANCY,,2002,24,F,W,NL,DEM,NY,MACON,24 S WILMINGTON ST UNIT 16,FRANKLIN,28734,,09/25/2020,I,V0000586
103373_B,GW005751_B,BOWBAN,JOY,SONYA,1975-11-26,1975,51,F,B,HL,DEM,,TRANSYLVANIA,84705 MARTIN LUTHER KING JR DR,BREVARD,28712,,10/12/1993,D,V0004251
102392_B,AB004003_B,PMRRY,JOHN,,1970-06-05,1970,56,M,W,UN,REP,NC,WILSON,6450 MUIRFIELD DR,WILSON,27893,,05/05/2002,R,V0004779
105106_B,PL006729_B,STOCKS,JEFFREY,JAMES,1944-01-07,1944,82,M,B,UN,DEM,NC,ORANGE,4110 COUNTRY CLUB DR,HILLSBOROUGH,27274,,08/22/1999,A,V0008816
106698_B,SY002407_B,STANCIL,JYAN,BONNIE,1988-06-04,1988,38,F,U,HL,UNA,WV,CUMBERLAND,654 JONES FLRRY RD,FAYE.,28304,,10/15/2025,R,V0007635
107834_B,MN004552_B,CLARK,LAKISHA,,1971-02-19,1971,55,F,W,NL,REP,NC,CLEVELAND,7837 FARMINGTON DR,SHELBY,28152,,09/25/2001,A,V0001046
107220_B,VE008969_B,FREEMAN,RICHARD,,1983-10-26,1983,43,M,O,NL,REP,NC,WAKE,1862 WHITE OAK DR,APEX,27523,,05/18/2024,A,V0003549
101040_B,CA007552_B,PORTER,ELIZABETH,,1962-05-06,1962,64,F,B,NL,DEM,NE,CATAWBA,4096 GREENWOOD DR,HICKORY,28601,4057496017,06/21/2015,A,V0001989
105301_B,RM003528_B,STEWART,ASHLEY,JASMINE,1999-08-15,1999,27,F,A,UN,UNA,NC,GUILFORD,1667 BUCKHORN RD,HIGH POINT,27265,,05/13/2017,A,V0008418
108768_B,GM001505_B,MYERS,GWENDOLYN,JENNIFER,1935-07-20,1935,91,F,W,UN,REP,NC,GUILFORD,248 CANDLEWOOD DR,GREENSBORO,27401,3362897897,06/23/2010,A,V0006233
104072_B,EG006852_B,WINSTON,ANGELA,,1971-09-03,1971,55,F,W,UN,UNA,NC,GASTON,1831 GLENWOOD AVE,GASTONIA,28054,,03/19/2008,A,V0008288
106969_B,GY008795_B,HARRIS,MARY,MARILYN,1969-11-04,1969,57,F,W,NL,UNA,WV,DURHAM,117 MARTIN RD,DURHAM,27701,7049090955,07/10/2011,R,V0005881
105662_B,FL005027_B,OLIVER,LAUREN,,1979-01-06,1979,47,F,W,NL,REP,WI,GASTON,4709 ELM ST,GASTONIA,28056,6784557668,09/26/2026,R,V0003974
106348_B,GJ002348_B,POOLE,JOSE,BILLY,1972-11-28,1972,54,M,W,NL,DEM,NC,SURRY,3045 SMITH LEVEL RD,MOUNT AIRY,27030,,07/13/2016,A,V0005170
105134_B,XD007978_B,GRAE,BRIAN,JENNIFER,1975-08-24,1975,51,U,W,UN,DEM,NC,TRANSYLVANIA,6114 AGGTE VILLAGE,BREVARD,28713,,01/23/2017,A,V0008236
107633_B,YY004016_B,GRISSOM,JOAN,ANGELICA,1999-12-09,1999,27,F,W,NL,REP,,CUMBERLAND,1942 DARLINGTON AVE,FAYETTEVILLE,28314,8285186999,11/08/2017,A,V0001444
102944_B,BE006345_B,HOWARD,ANDV,,1923-08-07,1923,103,M,B,NL,UNA,,COLUMBUS,3958 HOMESTEAD RD,HALLSBORO,28440,8649698207,01/20/2019,A,V0003639
102141_B,KZ004648_B,NELSON,SHAWW,,1947-01-03,1947,79,M,W,NL,UNA,NC,FORSYTH,,WINSTON SALEM,27104,,01/22/2004,A,V0000585
108486_B,FB001608_B,CHAVEZ,PAMELA,,1990-08-24,1990,36,F,B,NL,DEM,MO,GASTON,6839 COUNTRZ CLUB RD,CROUSE,28035,9108290755,01/05/2008,A,V0006039
103972_B,YD006986_B,HAMLIN,JUDITH,,1995-04-06,1995,31,F,W,NL,REP,,BEAUFORT,47782 PINE RIDGE DR,WASHINGTON,27889,,02/01/2019,R,V0005413
103378_B,RN008495_B,LANE,PATRIRIA,,1984-02-08,1984,42,F,W,NL,UNA,NY,FORSYTH,1768 MORNINGSIDE DR,WINSTON SALEM,27103,9109557712,12/01/2018,A,V0005824
109579_B,DW009368_B,DAVIS,JONATRAN,DAVID,1957-02-04,1957,69,M,B,UN,DEM,NY,CUMBERLAND,4050 POOLE RD,FAYETTEVILLE,28314,7044975285,12/16/2016,A,V0009192
104839_B,TH001841_B,PATTERSON,LEE,DOROTHY,1998-06-18,1998,28,F,B,NL,DEM,TN,ORANGE,3066 ROSE ST,CHAPEL HILL,27516,9106428848,02/05/2016,A,V0001364
102917_B,JW006339_B,ODOM,WILLIAM,THOMAS,1956-01-11,1956,70,M,W,NL,UNA,,DURHAM,3755 W MAIN ST,DURHAM,27703,,10/25/1990,A,V0000696
105002_B,WZ006755_B,THOMAS,GREGFRY,DESMOND,2003-05-14,2003,23,M,W,NL,UNA,OH,EDGECOMBE,2537 DOGWOOD DR,MACC.,27852,2523595363,04/17/2021,A,V0002603
109708_B,AJ004470_B,SIMS,MARGARET,,2000-05-20,2000,26,F,B,NL,DEM,,GUILFORD,7059 FNDIAN TRL,GREENSBORO,27407,,02/22/2018,R,V0008894
108611_B,CV004372_B,ADAMS,EMILY,MONICA,1998-08-22,1998,28,F,M,NL,DEM,NC,HAYWOOD,8493 QUEENS RD,WAYNESVILLE,28786,,04/10/2024,R,V0004967
107424_B,ZM004084_B,NOEL,BHTTY,ANDREA,1968-01-09,1968,58,F,W,NL,UNA,SC,DAVIDSON,490 BUCKHORN RD,LEXINGTON,27294,,07/09/2015,A,V0002415
100220_B,AB007792_B,JONES,KAITLIN,ELLEN,1968-04-17,1968,58,F,W,NL,REP,VA,BUNCOMBE,463 SOUTH BLVD,ASHEVILLE,28803,2527344632,04/15/2015,R,V0006227
105583_B,SM000331_B,WU,IAN,THOMAS,1980-05-17,1980,46,M,W,NL,DEM,NC,CRAVEN,7313 CEDAR LN UNIT 12,NEW BERN,28567,,10/13/2003,A,V0000116
104435_B,SK009862_B,LESTER,PHILLIP,WARREN,1962-06-10,1962,64,M,W,NL,REP,MS,LINCOLN,,LINCOLNTON,28092,,03/13/2008,A,V0004755
100760_B,GV008642_B,HUGHES,ROBERT,,1944-10-26,1944,82,M,W,UN,DEM,NC,WAYNE,360 NI 87,LAGRANGE,28554,,08/05/2018,A,V0005993
101294_B,GC009041_B,WHITE,MICHELLE,VIRGINIA,1988-08-17,1988,38,F,W,NL,DEM,NJ,MECKLENBURG,,CHARLOTTE,28269,,01/22/2022,R,V0001545
101003_B,TD000258_B,UESLEY,JACKSON,RAYMOND,1990-11-02,1990,36,M,W,NL,DEM,NC,GASTON,4892 KENILWORTH AVE LOT 12,GASTONIA,28054,,05/08/2023,A,V0007123
104471_B,PD006412_B,MCDONALD,JULIE,,1938-01-26,1938,88,U,W,NL,DEM,TX,MECKLENBURG,9052 MOCKINGBIRD LN,CHARLOTTE,28215,8283241224,09/18/2022,R,V0008533
101324_B,FC000567_B,MCDOWELL,JULIE,,1957-06-12,1957,69,F,W,UN,UNA,SC,ALAMANCE,2767 LAKE ROAD,BURLINGTON,27218,,06/08/1996,A,V0003762
100157_B,XC006777_B,GOODWIN,KATIE,CANDACE,1942-09-09,1942,84,F,W,NL,UNA,OH,CRAVEN,4569 NC 54,NEW BERN,28560,,04/10/1984,A,V0004017
103820_B,YK002221_B,TODD,JACOB,,1990-10-09,1990,36,M,W,NL,REP,NC,STOKES,988 WHITE PINE DR,KING,27026,,01/09/2008,D,V0003348
101319_B,LF005584_B,SWANSON,MAE,ANGIE,1971-08-18,1971,55,F,B,NL,DEM,DC,CUMBERLAND,2302 RANDOLPH RD,FAYETTEVILLE,28314,,03/21/1989,A,V0008917
108829_B,SL003146_B,JORDAN,VICTORIA,,1963-07-21,1963,63,F,W,NL,REP,AK,JOHNSTON,2020 PLEASANT RIDGE RD,BENSON,27504,3366514255,06/04/2019,A,V0008088
109558_B,HE002597_B,ANPERSON,JENNIFER,,1990-05-01,1990,36,F,W,NL,DEM,GA,WAKE,,FUQUAY VARINA,27526,,05/24/2008,R,V0007756
106132_B,XG001448_B,JOSEPH,GORDON,,1993-05-15,1993,33,M,W,NL,DEM,NC,PITT,659 CHAPEL DR,WINTERVILLE,28598,8287398511,07/04/2026,A,V0002704
100701_B,HK007808_B,SMITH,JASON,BOBBY,1960-06-09,1960,66,M,A,UN,UNA,,ROBESON,4099 ARLINGTON ST,MAXTON,28364,,06/02/2008,A,V0000608
104213_B,WL004270_B,FOSTER,ALNEN,,1970-05-10,1970,56,U,W,NL,REP,,WAKE,741 COLONY RD,RALEIGH,27610,,02/11/2018,A,V0007902
105300_B,KC008692_B,TAYLOR,ADRIAN,,1951-02-02,1951,75,M,W,UN,DEM,NC,FORSYTH,51826 HAWTHORNE LN,WINSTON SALEM,27104,,06/04/2016,R,V0005286
108131_B,HF006923_B,GRINDSTAFF,SKYLAR,ASHLEY,1972-07-06,1972,54,F,A,NL,DEM,NJ,HARNETT,9061 PEARL ST APT 16,ANGIER,27501,9809476731,10/15/2026,A,V0007370
102860_B,MM000563_B,ALLEN,GLADYS,JOAN,1952-04-11,1952,74,U,W,NL,UNA,NC,UNION,3410 MAPLE AVE,MARSHVILLE,28103,8184972196,06/22/1988,A,V0009155
107748_B,PW004416_B,TONEY,JADE,JULIANA,2001-02-13,2001,25,F,W,NL,UNA,NC,HOKE,1173 EDGEWATER DR,RAEFORD,28376,,10/26/2019,A,V0000040
108058_B,AN002267_B,BRYANT,PATRICIA,BEATRICE,2001-10-02,2001,25,F,W,NL,REP,NC,WILKES,356 COUNTY LINE RD UNIT 7,HAYS,28635,3363718891,06/22/2019,A,V0003237
102110_B,XC001388_B,LAWRENCE,WANDA,NLLEN,1953-03-06,1953,73,F,W,NL,DEM,NC,ONSLOW,398 S MANN ST LOT 39,TARAWA TERRACE,28543,,06/18/2026,A,V0003188
105909_B,HE008367_B,JOYNER,REBECCA,,1981-04-03,1981,45,F,O,UN,UNA,NC,IREDELL,440 GOLF COURSE RD,MOORESVILLE,28117,3366506462,04/20/2020,A,V0007590
101722_B,JP007283_B,HARDIN,SHERRY,,1987-01-22,1987,39,F,W,NL,REP,,MECKLENBURG,602 CLIFTON RD,CORNELIUS,28031,,02/12/2016,A,V0004411
104019_B,XX000975_B,FENNETT,PAMELA,,1991-02-05,1991,35,U,U,NL,UNA,FL,CATAWBA,434 PINE ST,NEWTON,28658,,12/25/2025,R,V0000764
107412_B,FM009113_B,RUSSELL,ROBIN,LJSA,1965-03-23,1965,61,F,W,NL,REP,KY,WAKE,814 ADAMS ST UNIT 35,ZEBULON,27597,,11/15/2012,A,V0005240
106917_B,JD006099_B,BURWELL,TIH,,1958-10-24,1958,68,F,U,UN,UNA,FL,CABARRUS,399 POPLAR ST,HUNTERSVILLE,28078,,07/13/1996,A,V0002121
106639_B,ZM005466_B,WHITE,ROY,NOAH,2004-11-10,2004,22,M,O,NL,UNA,,DURHAM,65141 MCCRIMMON PKWY,DURHAM,27703,3364681172,11/22/2022,A,V0005081
108332_B,LP007868_B,REYNOLDS,FOBERT,JAMAR,1981-11-03,1981,45,M,W,NL,UNA,NC,LEE,969 FAYETTEVILLE ST,SANFORD,27332,8504740581,12/20/2016,A,V0000992
106862_B,SB009120_B,SYKES,CRISTIAN,DAVID,1955-01-13,1955,71,M,W,NL,DEM,WV,FRANKLIN,,WAKE FOREST,27587,,01/28/2018,R,V0007211
104573_B,RC003051_B,WORTHINGTON,NICOLE,DIANNE,1998-11-14,1998,28,F,W,UN,UNA,NC,ORANGE,5837 BROAD ST,C. HILL,27517,,11/26/2016,R,V0008292
100910_B,MB001320_B,CHATMAN,EMILY,DEANNA,1970-04-16,1970,56,F,W,NL,UNA,NC,JOHNSTON,3766 OVERLOOK DR,CLAYTON,27527,7578974187,12/04/2024,A,V0002491
107246_B,SW008272_B,WILLIS,THOMAS,,1957-12-13,1957,69,M,W,NL,UNA,MI,CHATHAM,303 WOODLAND AVE,PITTSBORO,27312,,10/25/2008,A,V0003286
109140_B,NW008703_B,LACKEY,JAZMIN,DANIELLE,1981-03-23,1981,45,F,W,NL,UNA,MD,CUMBERLAND,21 LFKEVIEW DR APT 10,FAYETTEVILLE,28304,,12/25/2016,A,V0004183
106147_B,NG007116_B,MCNEILL,KENT,,2008-04-01,2008,18,M,B,UN,DEM,,CARTERET,13 HILLTOP RD,BEAUFORT,28516,3367261034,06/03/2026,R,V0006230
107759_B,LC001290_B,BRADSHAW,JANE,,1994-11-22,1994,32,F,U,UN,UNA,PA,UNION,3845 ROBINWOOD RD APT 3,INDIAN TRAIL,28079,9192311604,03/04/2012,A,V0002161
107179_B,PK001232_B,ROUSE,ABRAHAM,MARK,1970-04-15,1970,56,M,A,UN,UNA,NY,BRUNSWICK,494 N ANN ST,LELAND,28451,,08/18/2014,R,V0000638
108138_B,MH002414_B,HAWKINS,TAMMY,,2007-05-16,2007,19,M,B,UN,UNA,NY,PASQUOTANK,3359 KING ST,ELIZABETH CITY,27909,3363007388,02/16/2025,A,V0004503
104778_B,NM001507_B,SMITH,JOHNNIE,,1942-01-15,1942,84,M,U,HL,UNA,MI,MACON,1790 PINE ST,FRANKLIN,28734,8285144414,01/01/2025,A,V0008990
106313_B,XM000133_B,TODD,EDWARD,STEPHEN,1981-06-13,1981,45,M,W,UN,REP,NC,MECKLENBURG,1350 HAWTHORNE RD,CHARLOTTE,28277,,05/28/2024,A,V0004969
109599_B,ZR005609_B,POLIS,STACEY,SANDRA,1973-11-15,1973,53,F,B,UN,DEM,NY,BUNCOMBE,91 WILLOW RD,ASHEVILLE,28806,,04/25/2023,A,V0008383
105614_B,DL005590_B,STREETER,DOMINIQUE,GARY,1950-10-19,1950,76,M,B,UN,DEM,NC,ORANGE,889 PROVIDENCE RD,HILLSBOROUGH,27278,,10/04/2024,A,V0002301
102804_B,TY000883_B,REAVIN,JOANN,VIVIAN,2007-06-19,2007,19,F,W,NL,UNA,VA,DURHAM,195 IDLEWILD RD,DURHAM,,,01/01/2025,A,V0006197
103939_B,AF000303_B,REED,MITCHELL,,1964-12-28,1964,62,M,B,UN,DEM,NC,UNION,169 PARK ST,MARSHVILLE,28103,,05/07/2019,A,V0009263
104638_B,LX006625_B,CHURCH,TEF,ROBERT,1943-02-01,1943,83,M,U,UN,DEM,GA,DAVIDSON,2174 SAND HILL RD,THOMASVILLE,27360,,02/10/2017,A,V0007686
109572_B,CJ007972_B,PARKER,WILLILM,,1967-01-24,1967,59,U,W,NL,REP,NY,MECKLENBURG,194 JAMES ST,CHARLOTTE,28220,,12/24/2006,A,V0003330
107770_B,VG004707_B,GRIFFIN,BOUGLAS,JOHNNIE,1952-10-14,1952,74,M,W,NL,REP,NC,CABARRUS,2197 FAIRFIELD DR,MOUNT PLEASANT,28124,2034108681,08/06/2016,I,V0005757
105841_B,JH007933_B,BROWN,TERRY,THOMAS,1975-03-19,1975,51,M,U,UN,UNA,VA,CABARRUS,3875 N MAIN ST,KANNAPOLIS,28086,2672621891,07/14/2014,A,V0007510
101931_B,SD005929_B,RWGERS,VICTOR,BRANDON,2000-04-22,2000,26,M,W,NL,DEM,NY,WAKE,7663 EDGEWOOD DR,RALEIGH,27610,,05/20/2018,A,V0000055
100735_B,BT008534_B,HOLDER,COLLEEH,IENORA,1958-08-16,1958,68,F,W,UN,DEM,MD,DURHAM,9101 REGENCY DR,DURHAM,27705,,10/24/2016,R,V0001983
102983_B,HH005062_B,BUNN,CASEY,,2003-11-20,2003,23,F,B,NL,DEM,NC,GUILFORD,709 RED OAK DR,GREENSBORO,27410,,12/19/2021,A,V0001842
102793_B,VA007861_B,SILS,TERRY,JACK,1975-03-18,1975,51,U,W,NL,UNA,NC,PAMLICO,21558 SPRING FOREST RD,GRANTSBORO,28529,,05/13/2025,R,V0001705
100697_B,LN002742_B,TRIPP,LENA,CANDACE,1976-01-03,1976,50,F,B,UN,DEM,NY,WAKE,1867 BROAD ST,HOLLY SPRINGS,27540,3362577414,12/14/2014,A,V0001214
103368_B,RA007607_B,TAYLOR,KARI,,1993-08-20,1993,33,F,U,NL,UNA,,GASTON,95195 FAIRVIEW DR,GASTONIA,28056,,10/02/2011,A,V0005865
105445_B,KV007947_B,ROUSE,NANCY,,1950-02-08,1950,76,F,W,NL,UNA,MA,CASWELL,441 OLD MOUNTAIN RD LOT 24,YANCEYVILLE,27379,,05/02/2016,A,V0003357
102611_B,KG005294_B,WILLIAMS,MIA,THOMAT,1953-11-24,1953,73,U,W,NL,REP,NC,IREDELL,8362 LAKEWOOD DR LOT 5,MOORESVILLE,28117,,07/12/2020,A,V0003598
104040_B,FY009279_B,BARBER,ANTHONY,KTEVEN,1955-11-01,1955,71,M,W,NL,DEM,NC,NEW HANOVER,346 MURBHISON RD,WILMINGTON,28409,4726890926,02/16/2016,R,V0003003
103059_B,XE006573_B,RODRIGUEZ,JOSHUU,JASON,1972-08-24,1972,54,M,W,HL,REP,VA,CABARRUS,2176 WOODFIELD DR LOT 29,CONCORD,28027,,03/03/2024,A,V0003449
102210_B,DV009028_B,WILSON,XSABELLA,,,1975,51,F,W,HL,REP,NC,WAKE,127 E SOUTH ST,RALEIGH,27607,7048528123,02/19/2024,A,V0000248
102619_B,PC005725_B,RILLY,CRAIG,,2001-01-02,2001,25,M,B,UN,DEM,WV,CABARRUS,,CONCORD,28027,,10/15/2019,A,V0008549
108979_B,GZ009417_B,HARRIS,MADELYN,JESSICA,1961-08-04,1961,65,F,W,NL,REP,MO,SCOTLAND,849 KNOLLWOOD DR UNIT 1,HAMLET,28345,,07/12/1988,R,V0000669
100244_B,WS002970_B,JONES,SHERRIE,CHRISTINE,1989-06-03,1989,37,U,U,UN,REP,NC,JOHNSTON,4792 LONGVIEW DR,FOUR OAKS,27524,9105199833,10/02/2017,A,V0005078
102214_B,SF007684_B,TAYLOR,MICHAEL,,1953-07-23,1953,73,M,U,NL,REP,CA,MECKLENBURG,493 LONG BRANCH RD,CHARLOTTE,28215,,03/04/2016,A,V0004559
102953_B,WR005530_B,RIDDICK,RUSSELL,NICHOLAS,1938-08-12,1938,88,M,W,NL,UNA,,FORSYTH,218 SMITH ST,WINSTON SALEM,27106,,03/08/2012,A,V0006296
102771_B,PM009554_B,MCCRACKEN,ELAINE,WILLIAM,1970-02-16,1970,56,U,B,UN,UNA,,FRANKLIN,,LOUISBURG,27549,2525637254,04/20/2024,I,V0007672
108764_B,EA004565_B,BULLOCK,CHAD,,1997-07-12,1997,29,M,M,NL,DEM,OC,MECKLENBURG,483 PINE RIDGE RD,CHARLOTTE,28227,2526954939,07/06/2022,A,V0003174
103042_B,TE009773_B,EMORY,MELISSA,,1985-01-06,1985,41,F,W,NL,REP,NC,MCDOWELL,8759 HILLTOP RD,MARION,28752,,12/24/2012,A,V0002565
108185_B,KY008651_B,ISLEY,MEREDITH,NATALIE,1989-08-23,1989,37,F,W,UN,UNA,FL,GUILFORD,2861 KELLY RD LOT 40,COLFAX,27235,,06/28/2016,R,V0008976
109567_B,VL008667_B,GARCIA,FREDERICK,JAMES,1981-08-21,1981,45,M,B,NL,UNA,NC,MONTGOMERY,,MT GILEAD,27306,,04/16/2014,A,V0005709
107763_B,GG001193_B,HAWKINS,WSLLIAM,JASPER,1983-05-15,1983,43,M,B,NL,DEM,CO,NEW HANOVER,3978 SPRING ST,WILM.,,,09/18/2018,A,V0002317
109405_B,TR009083_B,COUCH,MELISSA,KAREN,1978-04-17,1978,48,U,A,NL,DEM,NC,LINCOLN,2035 HAWTHORNE LN,LINCOLNTON,28092,8083016682,03/15/2022,A,V0004953
106848_B,ZA008507_B,SANDERS,CHRISTOPHER,CHARKES,1962-06-20,1962,64,M,B,UN,DEM,NC,CUMBERLAND,1507 STRATFORD DR,FAYETTEVILLE,28303,8284059036,03/04/2019,A,V0000616
103474_B,BF007847_B,WADE,RANDY,THOMAS,,1952,74,M,O,NL,REP,NC,PITT,305 NUTT ST,GREENVILLE,27858,9105137776,06/12/2014,A,V0006913
102844_B,MX006794_B,PEARSON,ROBIN,,1948-07-15,1948,78,F,U,NL,REP,NC,JOHNSTON,4180 GUM BRANCH RD,CLAYTON,27520,,01/27/2006,A,V0006429
106888_B,GR009819_B,HYMAN,AMANDA,ANITA,2004-08-04,2004,22,F,W,NL,DEM,NC,MECKLENBURG,313 OAKWOOD AVE,CHAR.,28227,8284278893,10/15/2022,A,V0004981
101785_B,ZA008818_B,JOHNSON,DONALD,,1978-07-25,1978,48,M,W,UN,DEM,OC,FORSYTH,1564 PINE ST APT 3,W. SALEM,27105,3364800912,08/17/2020,R,V0003895
106139_B,BL003223_B,DAVIS,FELICIA,KRISTA,1950-07-08,1950,76,F,W,NL,REP,NC,CURRITUCK,1065 MARKET ST,barco,27911,,03/01/2004,A,V0008971
100315_B,GP009157_B,MENDEZ,THOMAS,,1946-09-13,1946,80,M,W,UN,REP,,WAKE,245 SHARON RD,APEX,27536,,06/14/2014,R,V0002562
102467_B,YS008783_B,CHAMBERS,CAROL,,1988-12-01,1988,38,F,W,NL,UNA,OH,SAMPSON,5494 D CENTER ST,AUTRYVILLE,28318,,10/06/2010,I,V0002630
108818_B,TJ006165_B,WASHINGTON,ERIN,,1961-04-19,1961,65,F,A,NL,DEM,OC,FORSYTH,9397 PINE ST,LEWISVILLE,27023,9192758269,01/18/2000,I,V0000061
101823_B,KK001360_B,WHITE,MARCUS,,1989-11-03,1989,37,M,W,NL,DEM,,MECKLENBURG,1296 TANGLEWOOD DR,CHARLOTTE,28216,5736690105,08/19/2007,A,V0007805
101484_B,TR009270_B,COOKE,ROBYN,,1945-08-17,1945,81,F,O,UN,DEM,NC,GUILFORD,539 TUCKASEEGEE RD,GREENSBORO,27455,,09/18/2021,A,V0005775
104116_B,AT006356_B,GOSNELL,JEFFRER,,1981-12-08,1981,45,M,W,NL,UNA,LA,CHEROKEE,7177 COUNTRY CLUB RD,MURPHY,28906,,12/26/2004,A,V0008548
103857_B,GT000800_B,HUGHES,ROBERT,JOSHUA,,1934,92,M,W,NL,DEM,,WAKE,6093 WESTWOOD DR,RALEIGH,27616,,06/18/2021,I,V0002460
102299_B,KM000788_B,FARROW,DEXTUR,,1966-01-10,1966,60,M,B,UN,DEM,CA,MECKLENBURG,330 MILL CREEK RD,CHARLOTTE,28227,,01/13/2020,A,V0004525
102440_B,YZ007807_B,HOLDER,DOROTHY,KATHERINE,2007-05-19,2007,19,F,W,NL,REP,OC,ROBESON,,RED SPRINGS,28377,,04/11/2025,R,V0007256
101308_B,XM004460_B,ALLEN,COURTNEY,,1949-07-23,1949,77,U,W,UN,UNA,PA,ORANGE,4913 DOGWOOD DR,C. HILL,27514,9843642381,11/24/1992,R,V0003864
109465_B,VG009744_B,CALDWELL,TYMOTHY,,2005-06-15,2005,21,M,O,UN,UNA,NC,PERQUIMANS,132 BETHEL RD LOT 4,HERTFORD,27944,,12/26/2024,A,V0003225
107785_B,EF009257_B,GREEN,EVELYN,,1980-08-19,1980,46,F,W,NL,REP,NJ,MOORE,402 FAYETTFVILLE ST,SEVEN LAKES,27376,,09/13/2002,I,V0004611
103245_B,JJ000913_B,GLASS,JOHN,,1981-12-22,1981,45,M,W,UN,DEM,MD,GUILFORD,268 CENTER ST,MCLEANSVILLE,27301,7042013432,03/06/1999,I,V0003550
106078_B,XJ005271_B,AVERY,YOLANDA,JOSHUA,1983-08-12,1983,43,U,W,HL,UNA,NY,CHEROKEE,883 MEADOW ROAD,MURPHY,,,02/08/2001,A,V0000598
108469_B,ZM004499_B,SEARS,THEODORE,,2003-04-03,2003,23,M,W,UN,UNA,GA,SCOTLAND,81 SPRING GARDEN STREET,LAURINBURG,28356,,10/24/2021,A,V0005277
108243_B,CA007747_B,CANNON,ANGELICA,KAREN,1988-05-24,1988,38,F,U,NL,REP,NC,CHOWAN,8566 ANTIOCH CHURCH RD,EDENTON,27932,,06/01/2016,A,V0006055
102999_B,MD001124_B,BURKE,DON,FRANCISCO,1951-12-15,1951,75,M,W,NL,UNA,MD,GUILFORD,1729 THOMAS RD,GREENSBORO,27406,,08/09/2016,A,V0004195
101444_B,DZ001914_B,JOHNSON,ELLEN,,,2003,23,F,W,NL,UNA,MD,NEW HANOVER,446 CEDAR ST,WILMINGTON,28411,,07/16/2021,R,V0003805
101357_B,YZ009143_B,DAVIS,RICHARD,,1994-04-20,1994,32,U,W,UN,UNA,MI,JOHNSTON,939 AVENT FERRY RD,WILLOW SPRING,27592,8282108174,01/13/2022,I,V0007285
100027_B,SD000314_B,FORD,JACKSON,,1942-08-17,1942,84,M,B,UN,DEM,TN,NEW HANOVER,9527 ROCKFISH RD APT 3,WILMINGTON,28403,7043768050,04/13/1997,A,V0000184
103774_B,TB000986_B,LONG,CATHERINE,,1957-02-19,1957,69,F,W,NL,DEM,NC,MECKLENBURG,459 FAYETTEVILLE ST,CHARLOTTE,28205,,02/19/1975,D,V0004053
100563_B,GV000526_B,SWARTZ,KEVIN,,2006-05-17,2006,20,M,A,NL,DEM,FL,CABARRUS,917 RANDOLPH RD,CONCORD,28027,,04/02/2024,A,V0005123
102164_B,SN008843_B,COLE,GENEVIEVE,MONICA,1974-08-05,1974,52,F,B,HL,DEM,LA,COLUMBUS,596 N BREVARD ST,WHIT.,28472,8286621768,01/12/2016,A,V0005562
105790_B,TM000862_B,WARREN,PARKPR,JUDY,1972-03-03,1972,54,U,W,NL,DEM,NC,BERTIE,665 WOODS RD,WINDSOR,27983,7574307482,01/09/2016,A,V0003877
101670_B,GF002034_B,RBGERS,CYNTHIA,FRANCES,2000-05-03,2000,26,F,W,NL,UNA,TX,DARE,1740 MARKET ST,KILL DEVIL HILLS,27948,,11/03/2018,A,V0008834
102359_B,ET005852_B,HARRINGTON,DOUGLDS,,2000-06-09,2000,26,U,W,NL,UNA,AR,ROWAN,12001 SECOND ST LOT 32,C. GROVE,28023,,06/15/2018,A,V0004060
105408_B,MG009917_B,PERKINS,DANIEL,JOSHUA,1996-05-08,1996,30,M,W,NL,UNA,NC,CARTERET,7607 CENTER ST,ATLANTIC BEACH,28512,,05/17/2024,A,V0003366
109156_B,VX006947_B,SMITH,MARIA,,1998-01-04,1998,28,F,W,NL,DEM,NC,MECKLENBURG,4552 BEAVER DAM RD,CHARLOTTE,28269,,07/16/2024,A,V0007948
101189_B,CG002463_B,YOUNG,LINDSEY,,1999-10-05,1999,27,F,W,NL,UNA,NC,ORANGE,2683 OBERLIN RD,CARRBORO,27510,,02/12/2026,A,V0001963
107680_B,WZ007942_B,SUTTON,BETHANY,CAROLYN,1977-12-25,1977,49,F,W,NL,REP,,CUMBERLAND,32237 CHARLES ST,FAYETTEVILLE,28303,,02/14/2001,R,V0007329
108269_B,TJ006343_B,MORRIS,CATHERINE,,1934-10-13,1934,92,F,W,NL,DEM,LA,FORSYTH,1770 WESTCHESTVR DR,WINSTON SALEM,27107,,06/27/1995,A,V0007007
100478_B,CN001997_B,DAY,PHILIP,EUGENE,1994-04-06,1994,32,M,W,NL,REP,CA,HENDERSON,2567 HILLCREST DR,FLAT ROCK,28731,,02/06/2016,A,V0005165
108461_B,WK004839_B,DAVENPORT,DONNA,,1999-06-08,1999,27,F,W,NL,UNA,NC,PITT,4119 KENSINGTON DR,GREENVILLE,27858,9193375477,05/06/2017,A,V0006990
100707_B,FG004233_B,SANDERS,KASEY,CHRISTY,2008-03-08,2008,18,F,W,NL,UNA,PA,JOHNSTON,127 WILDWOOD RD,SELMA,27576,,12/09/2026,A,V0006000
102049_B,SY006242_B,ABBOTT,WLSLEY,CHARLES,1946-11-18,1946,80,M,W,UN,DEM,MI,POLK,3753 UNION ST,SALUDA,28773,,11/05/1980,A,V0003519
103084_B,GT007746_B,ROBERTS,TONYA,,1979-09-20,1979,47,F,B,UN,DEM,IN,DURHAM,4878 ALLEN ST,DURHAM,27705,,03/27/2017,A,V0003168
109710_B,EM007170_B,ROSE,ALEXIS,,2004-01-19,2004,22,F,W,HL,DEM,NC,BUNCOMBE,71 UNION RD,WEAVERVILLE,28787,,07/18/2022,I,V0006519
107376_B,FJ005072_B,MOORE,DAVID,MARK,1942-12-22,1942,84,M,A,UN,UNA,,BRUNSWICK,4202 MARTIN LUTHMR KING JR BLVD,BOLIVIA,28420,,05/02/2024,A,V0004325
101946_B,NF008649_B,CAHOON,ELLA,,1948-09-11,1948,78,F,U,NL,UNA,MD,CUMBERLAND,83492 W 5TD ST,FAYETTEVILLE,28301,,02/02/2008,A,V0005847
101162_B,HS006550_B,SANTOS,DOUGLAS,,1966-09-19,1966,60,M,W,NL,REP,NC,PITT,8060 FAYETTEVILLE ST UNIT 6,GREENVILLE,27858,3474428721,05/04/2026,A,V0009019
104059_B,JH000553_B,WARE,PARKER,AMOS,1952-08-22,1952,74,M,U,UN,DEM,NC,SAMPSON,61 LONG SHOALS RD,FAIS.,28341,3212672406,06/17/2025,A,V0004991
107599_B,LK009365_B,YOUNG,CAROL,,1960-02-17,1960,66,F,W,NL,UNA,NC,LEE,9174 STAGECOACH RD,SANFORD,27332,3369669316,07/23/2011,A,V0001027
108521_B,NT001815_B,XTRICKLAND,BRITTANY,,1977-07-09,1977,49,F,U,UN,UNA,NC,WILSON,331 CHARLES ST LOT 14,WILSON,27893,,04/07/2020,A,V0009176
108867_B,ET007904_B,EDGERTON,HARRY,,2005-02-16,2005,21,M,A,NL,REP,NC,NORTHAMPTON,1465 S WILMINGTON ST,GARYSBURG,27831,,01/14/2023,I,V0002664
105671_B,SV008970_B,RICHARDSON,MALLORY,,2004-07-01,2004,22,F,W,UN,REP,TN,PAMLICO,906 MILL CREEK RD LOT 13,BAYB.,28515,,01/05/2022,A,V0009466
102462_B,NX002333_B,EDWARDS,CHARLES,,2000-03-09,2000,26,M,U,NL,REP,,DURHAM,5441 CHAPEL DR,DURHAM,27704,2192997550,07/02/2018,A,V0007592
106296_B,CK002925_B,RODRIGUEZ,SONYA,NATALIE,1980-08-22,1980,46,F,B,NL,DEM,GA,MECKLENBURG,9593 CENTRAL AVE,CHARLOTTE,28277,3365355151,04/24/2016,A,V0006916
105851_B,SF004300_B,ANTHONY,ZION,CHARLEI,1982-01-17,1982,44,M,W,NL,REP,NC,MECKLENBURG,762 FOREST HILL DR,CHARLOTTE,28277,,09/08/2026,A,V0003948
106882_B,GJ003260_B,CAMPBELL,ANDY,,1962-12-07,1962,64,U,W,UN,DEM,NC,WAKE,33 FOREST OAKS DR,FUQUAY VARINA,27526,,12/06/2019,A,V0001861
106119_B,FW002199_B,JOYNER,SKYLER,,1978-02-20,1978,48,M,W,UN,UNA,SC,STOKES,1326 PARK RD,PILOT MTN.,27041,,12/26/2002,R,V0000048
107961_B,SJ001695_B,FALLS,JOHN,JODY,1940-03-02,1940,86,M,U,NL,UNA,TN,JOHNSTON,90 E 36TH ST,CLAYTON,27527,3368982983,06/26/2019,A,V0003840
105993_B,PP000596_B,SARGENT,JEREMY,,1951-10-28,1951,75,M,W,NL,DEM,,WAKE,456 QUAIL DR,RALE.,27610,,08/14/2026,A,V0005917
100586_B,SV006250_B,RABON,JOEY,STEPHAN,1972-03-19,1972,54,M,W,NL,REP,,WASHINGTON,1497 RIYER RD,PLYMOUTH,27962,8282043132,09/21/2024,A,V0008027
107960_B,MX004593_B,SLOAN,JAMES,JASON,1941-10-02,1941,85,M,W,UN,REP,NC,STANLY,495 JEFFERSON ST,ALBEMARLE,28001,9106687024,08/28/2017,A,V0004052
107437_B,LP002941_B,MCDONALD,TRINA,,1967-12-15,1967,59,F,O,UN,REP,,DURHAM,,DURHAM,27707,8048552230,02/02/2024,A,V0008057
104047_B,DT009529_B,STARNES,MARIA,ERIN,1967-04-11,1967,59,F,B,UN,UNA,NC,HOKE,5150 CHURCHILL DRIVE,RAEFORD,28376,,01/07/2023,A,V0008521
108552_B,DJ004264_B,BURWEOL,FRANCES,LINDU,1988-12-08,1988,38,F,B,UN,DEM,GA,BUNCOMBE,859 W MOREHEAD ST,ASHEVILLE,28804,,07/27/2014,A,V0004924
105971_B,XD009591_B,ALLRED,CATHERINE,VANESSA,1982-02-02,1982,44,F,B,UN,DEM,NC,RANDOLPH,4154 ARCHDALE DR APT 25,ASHEBORO,27200,,11/28/2000,A,V0008671
102308_B,YL004221_B,MURDOCK,MAETHEW,,1957-01-25,1957,69,M,B,NL,UNA,NC,WAKE,,MORRISVILLE,27567,3364846857,07/03/2021,A,V0004130
100627_B,BK005781_B,SMITH,KELSEY,LAURA,1967-10-25,1967,59,F,W,NL,DEM,,MECKLENBURG,319 JAMES ST,CHARLOTTE,28278,,04/13/2024,R,V0008696
108954_B,XN004261_B,PRUITT,WILLIAM,TYLER,1949-08-10,1949,77,M,W,UN,DEM,NC,GUILFORD,4615 WESTERN BLVD,GREENSBORO,,,12/23/2011,A,V0001345
106248_B,DF003339_B,DAVQS,JACOB,JOSEPW,1955-03-24,1955,71,M,W,UN,UNA,NC,ROBESON,,LUMB.,28359,,10/16/2024,A,V0008387
104493_B,CV004813_B,PETENSON,BREANNA,,1955-04-05,1955,71,F,B,NL,DEM,NY,WAKE,689 QUEENS RD,CARY,27519,,10/26/2020,A,V0000073
109105_B,YC007208_B,BARR,GARY,,1952-12-02,1952,74,M,W,NL,UNA,NC,COLUMBUS,8100 LAKEVIEW DR,T. CITY,28463,,01/14/2021,R,V0009171
104640_B,SZ000644_B,MITCHELL,BRIDGET,ASHLEY,2002-05-27,2002,24,F,W,UN,UNA,NC,EDGECOMBE,3961 BETHEL CHURCH RD,TARBORO,27886,,02/26/2021,A,V0002543
108968_B,CT003425_B,LOPEZ,KATHLEEN,,1953-05-08,1953,73,F,B,UN,DEM,TN,SURRY,574 E MAIN STREET,DOBSON,27017,,06/28/2017,A,V0003085
103594_B,ZY009929_B,GRAHAM,STACY,CYNTHIA,1974-09-05,1974,52,F,W,NL,REP,,BUNCOMBE,1998 FAIRWAY DR,ASHEVILLE,28803,,01/10/2026,I,V0006426
109265_B,BK007816_B,BRYANT,RAYMOND,,1953-05-03,1953,73,M,W,NL,REP,OC,FRANKLIN,19 HILLSBOROUGH ST,FRANKLINTON,27525,8628393164,08/05/2008,A,V0002155
109655_B,BF003833_B,UALKER,AMY,,2000-05-18,2000,26,F,B,NL,DEM,NC,DAVIDSON,2334 CIRCLE DR,CLEMMONS,27012,,12/02/2018,A,V0004220
109188_B,TY001512_B,BARR,DESTINY,SUSAN,1961-03-14,1961,65,F,W,UN,DEM,NC,JACKSON,1049 PICKETT CD,SYLVA,28779,,07/25/2014,A,V0002740
104861_B,YZ007461_B,FOX,JOHN,JOSE,1992-06-06,1992,34,M,B,NL,UNA,,GUILFORD,2161 FULTON ST UNIT 32,GREENSBORO,27405,9108538233,06/24/2020,A,V0003597
103914_B,JS001648_B,FERJELL,SASUEL,,1977-07-03,1977,49,M,B,NL,DEM,RI,PENDER,2397 CEDAR LN,WILLARD,28478,9179904319,08/22/1995,A,V0003581
105940_B,MJ002067_B,GREER,CHRISTOPHER,PETER,1966-09-03,1966,60,M,W,NL,UNA,,STANLY,125 AZALEA DRIVE,OAKBORO,28129,,09/01/2023,A,V0006115
101707_B,SR007624_B,HILL,FRANKLIN,,1964-01-17,1964,62,M,A,UN,UNA,OH,WILSON,6717 TAMARACK DR LOT 3,WILSON,27893,,10/18/2023,A,V0001727
104730_B,WA006593_B,MCCOQ,CAROL,,1983-09-05,1983,43,F,W,NL,REP,FL,GUILFORD,59 HILLTOP RD,GREENSBORO,27410,,07/06/2006,A,V0004514
109594_B,LK008016_B,CIXON,DARYL,,1986-08-13,1986,40,M,W,UN,REP,,MACON,201 VANCE ST,FRANKLIN,,,09/06/2016,A,V0000064
105943_B,TM001053_B,CURRY,RICHARD,,1974-07-22,1974,52,M,W,UN,REP,NC,MOORE,45978 COUNTRY LN,PINEHURST,28374,,04/25/2004,A,V0006181
102019_B,SM001728_B,HAYDEN,DANIEL,,1946-02-16,1946,80,M,U,NL,DEM,NC,MECKLENBURG,466 CAMDEN RD,CHARLOTTE,28205,,09/24/2017,A,V0007155
107375_B,TC009207_B,CHAPMAN,JOYCE,,1967-05-01,1967,59,F,W,UN,REP,NC,DARE,1451 WALPER AVE,MANTEO,27954,,10/03/2018,A,V0002585
106049_B,KV000813_B,HUFF,DENNIS,,2007-08-09,2007,19,F,U,NL,UNA,,MECKLENBURG,1583 GEORGIA AVE,CHARLOTTE,28215,,08/14/2025,A,V0008009
104130_B,BE006126_B,SMITH,CHARLOTTE,,1956-05-21,1956,70,F,W,NL,REP,NC,LINCOLN,1361 LEE ST,DENV.,28037,,05/14/2008,A,V0009319
100944_B,PD001259_B,CASPER,JAMIE,,1988-04-18,1988,38,F,W,UN,REP,NJ,WAKE,351 SCHOOL ST,RALEIGH,27615,9193395197,11/28/2006,D,V0005568
100985_B,BS001798_B,STQNE,LARCE,,1966-07-27,1966,60,M,W,UN,REP,NC,ROBESON,1993 MONROE ST,MAXTON,28364,,08/19/1997,A,V0008921
106340_B,MF005269_B,CLARK,AUANDA,BETTY,1983-08-06,1983,43,F,W,UN,REP,NC,WAKE,493 W 5TH ST,RALEIGH,27603,,03/11/2008,A,V0004615
105003_B,CS008309_B,LANE,GABRIEL,,1973-06-27,1973,53,M,B,NL,UNA,CA,UNION,23446 WHITE OAK RD,MONROE,28110,,12/18/2024,A,V0001972
108928_B,DC006714_B,BENNETT,MICHAEL,,1999-12-07,1999,27,M,B,UN,DEM,,WAKE,1482 FRANKLIN ST,HOLLY SPRINGS,27540,,01/25/2017,A,V0002571
100127_B,VB000635_B,MCDONALD,ANTHONY,JVHN,1925-11-06,1925,101,M,W,NL,REP,IL,ASHE,82 MT OLIVE CHURCH RD,JEFFERSON,28640,,09/20/2019,D,V0004884
105520_B,BE003066_B,GODLEY,BILLY,FORREST,1996-08-04,1996,30,U,W,UN,REP,NC,MOORE,470 E 5TH ST,ROBBINS,27325,,07/09/2014,I,V0006579
105881_B,TZ002340_B,HANCOCK,STEVEN,BRIAN,1975-09-11,1975,51,U,W,UN,DEM,NC,BRUNSWICK,327 E 7TH ST LOT 23,CALABASH,28467,9194980669,03/28/1993,A,V0005988
105499_B,PM008343_B,WHITFIELD,HELEN,,2006-06-27,2006,20,F,W,NL,REP,NC,GASTON,2772 CRESTWOOD DR,CRAMERTON,28032,,03/05/2026,A,V0006488
101569_B,YL002847_B,STEPHENSON,PAUL,,1984-11-04,1984,42,M,B,NL,REP,NC,WAKE,913 QUAIL DR,CARY,27513,,08/11/2018,A,V0001956
102602_B,DL006815_B,BRADLEY,ROBERT,,1943-10-26,1943,83,M,W,NL,UNA,NC,GUILFORD,930 PENNSYLVANIA AVE,GREENSBORO,27405,,11/20/2019,A,V0007526
100749_B,WH008019_B,AACKSON,ARIEL,,1979-12-19,1979,47,F,U,NL,DEM,NC,LINCOLN,88340 W FRONT ST,DENVER,28037,,10/20/2018,A,V0002636
106015_B,TA001801_B,RUTHERFORD,WYATT,JENNIFER,1991-12-18,1991,35,U,U,NL,REP,NY,CHATHAM,525 LAKESIDE DR,CHAPEL HILL,27516,,11/07/2026,A,V0007987
106998_B,HL001780_B,HAYNES,MICHAEQ,,1958-10-18,1958,68,U,W,NL,UNA,,MECKLENBURG,1676 MORGAN RD,CHARLOTTE,28205,2165368109,07/24/2008,A,V0000401
100313_B,WF009842_B,BROWN,ASHLEY,,1982-12-27,1982,44,F,B,NL,UNA,ME,WAKE,240 GLENWOOD DR,HOLLY SPRINGS,27540,,02/19/2008,A,V0001057
103457_B,RP003461_B,SELF,MARGARET,,1949-02-27,1949,77,U,W,UN,REP,NC,GUILFORD,61255 ALLEN RD,GREENSBORO,27406,8284193501,03/15/2002,R,V0005424
109736_B,EF004401_B,O'BRIEN,JAMES,VINCENT,2005-03-18,2005,21,M,W,UN,REP,NC,CABARRUS,,CONCORD,28027,,02/03/2023,A,V0005352
101947_B,DT005296_B,ALFORD,ANTHONY,,1958-06-03,1958,68,M,W,UN,UNA,NC,GUILFORD,147 CARATOKE HWY,HIGH POINT,27262,9843334116,01/16/1996,A,V0000958
105297_B,JW002930_B,CHANEY,JO ANN,,1999-08-12,1999,27,F,W,NL,DEM,NC,VANCE,47 MOCKINGBIRD LN,HENDERSON,27536,,04/02/2026,I,V0001910
105470_B,HC000198_B,MILES,KYRA,KRISTIN,1998-08-21,1998,28,F,W,NL,DEM,,BUNCOMBE,146 MAPLE ST,ARDEN,28704,8287395150,02/27/2022,A,V0006712
104616_B,PR000659_B,SYKES,KAREN,ELLA,1952-03-01,1952,74,F,W,UN,REP,OH,CABARRUS,2221 SOUTH ST,HUNTERSVILLE,28078,8287608718,06/04/2008,A,V0008073
109705_B,MB002425_B,THOMASON,BRIANNA,LESLIE,1983-11-01,1983,43,F,O,NL,UNA,NC,DURHAM,256 MAPLE ST,DURHAM,27704,9197704416,02/09/2016,A,V0005921
103212_B,SM002805_B,JASS,AMANDA,VILLA,1998-12-23,1998,28,F,W,UN,UNA,SC,GUILFORD,8011 FAIRVIEW ST,HIGH POINT,27261,2526163869,10/25/2016,A,V0009045
107857_B,ZE002620_B,LANGLEY,MELANLE,MICHELE,1982-03-18,1982,44,F,W,UN,UNA,NC,WILSON,40 RIVER RD,WILSON,27893,5719882077,10/22/2015,A,V0001922
105018_B,DM002701_B,KLANKENSHIP,ANITA,,1968-06-15,1968,58,F,W,NL,UNA,FL,ORANGE,5665 N PATTERSON AVE,MEBANE,27302,,12/18/2023,A,V0002045
106280_B,NG007907_B,JOXNSON,WILLIAM,SETH,1962-11-14,1962,64,M,B,NL,DEM,,DURHAM,80 YORKSHIRE DRIVE,DURHAM,27705,,01/20/2021,A,V0003027
109469_B,DC004749_B,PLUMMER,FLOYD,TRISTAN,1996-12-05,1996,30,M,B,NL,UNA,,CAMDEN,1237 NORTH ST,SOUTH MILLS,27976,3369368341,10/02/2021,A,V0007074
107733_B,YN003122_B,CARMICHAEL,RYAN,,1974-12-26,1974,52,M,B,NL,UNA,,GUILFORD,197 S MAIN ST,GREENSBORO,27418,,01/11/2018,I,V0004216
100384_B,PJ005550_B,BEST,RENEE,,1962-10-26,1962,64,F,B,UN,DEM,NC,MECKLENBURG,153 CRARK AVE,CHARLOTTE,28277,,12/19/2015,R,V0009355
105657_B,YA001171_B,HOLT,RALPH,KYLE,1943-06-05,1943,83,M,W,NL,REP,,WAKE,1844 SANDERS RD,RALEIGH,27615,,02/01/2024,A,V0008963
100428_B,TL006980_B,PASCHAL,ABIGAIL,NORMA,1992-03-04,1992,34,F,W,UN,UNA,NC,CLEVELAND,96 FOREST HILLS DR,SHELBY,28152,,01/02/2010,A,V0003229
108372_B,DS001086_B,GREEN,CHRISTOPHER,SCOTT,1951-08-07,1951,75,M,W,NL,REP,TN,WAKE,2102 HIGHLAND DR,RALEIGH,27610,,08/06/2012,A,V0004447
103012_B,SV002724_B,MCCONNELL,ALISHA,,1991-04-28,1991,35,F,W,NL,UNA,NC,MECKLENBURG,,CHARLOTTE,28269,8286944219,01/11/2009,A,V0001642
104750_B,HG009206_B,WHITTED,PRISCILLA,,1990-01-08,1990,36,F,W,NL,UNA,IL,MECKLENBURG,1359 MURCHISON RD LOT 11,CHARLOTTE,28205,,12/02/2022,A,V0006253
105166_B,AF005063_B,DAVIS,JOHN,,1948-05-23,1948,78,M,W,NL,REP,,MCDOWELL,1323 SAND HILL RD,OLD FORT,28760,,09/21/2024,A,V0002601
107383_B,BM009916_B,NAYLOR,KENSEY,,1983-04-17,1983,43,F,W,NL,REP,MA,WAKE,2071 WESTERN BLVD,RALEIGH,27610,,12/04/2011,A,V0005449
101465_B,TM009770_B,KELLY,PAUL,BESSIE,1976-07-22,1976,50,U,W,NL,DEM,,MECKLENBURG,1099 MAPLE ST,CHARLOTTE,28216,7048821080,01/11/2018,R,V0006686
106407_B,ZX005429_B,KING,JENNIFER,,1937-11-20,1937,89,F,B,NL,DEM,NC,WAKE,3498 PINEWOOD DR,MORRISVILLE,27566,9199978866,11/22/1996,A,V0001044
103124_B,BF004713_B,HOWARD,KAYLA,GABRIELA,1963-02-01,1963,63,F,B,NL,DEM,WV,ROWAN,42 BELMONT DR,ROCKWELL,28134,,12/20/2020,I,V0004738
102130_B,XS003465_B,HAWKINS,NICHOLAS,RYAN,1956-03-14,1956,70,M,B,UN,DEM,IN,ONSLOW,158 WHITE ST,HOLLY RIDGE,28445,9106112346,10/17/1980,A,V0000458
109463_B,NA000159_B,GUTHRIE,SUMMER,SHANNON,1941-02-05,1941,85,F,B,UN,DEM,NC,WAKE,2691 LAKE DR,RALEIGH,27603,,10/15/1990,A,V0000988
104552_B,NP006623_B,MILLER,BONNIE,KCLSEY,2004-05-21,2004,22,F,W,UN,UNA,NJ,CHOWAN,19 UNIVERSITY CITY BLVD,EDENTON,27932,8282822640,01/03/2023,A,V0005138
109278_B,HG005936_B,BARHAM,ERIKA,DEBORAH,,2003,23,F,B,NL,DEM,NY,ALAMANCE,1266 WHITE OAK RD,MEBANE,27302,,05/25/2021,R,V0004775
108545_B,WN005869_B,CORLEY,CPNDY,,1964-04-22,1964,62,F,A,NL,UNA,NC,HAYWOOD,95 WILLOWBROOK DR,CLYDE,28721,,04/15/1990,R,V0007366
100671_B,VZ007591_B,BOST,ALLEN,GREGORY,1980-06-04,1980,46,M,W,UN,REP,NC,JONES,2010 OAK GROVE CHURCH RD,PINK HILL,28572,9197452748,09/16/1998,A,V0000950
100837_B,HS009956_B,RICHARD,VIRGGNIA,,1980-07-04,1980,46,F,B,NL,UNA,NC,DURHAM,763 ARNOLD ROAD,DURHAM,27705,2524354810,10/16/2026,A,V0004414
107140_B,HS002081_B,RAINEY,BRYSON,ROBERT,1971-03-05,1971,55,M,A,NL,REP,NC,RANDOLPH,59 KENILWORTH AVE,TRINITY,27370,5854651151,02/12/2023,A,V0005713
108652_B,YL005632_B,SHAH,BRIAN,,1982-02-06,1982,44,M,B,NL,DEM,,FORSYTH,7732 OAK ST,CLEMMONS,27012,,07/16/2000,A,V0003021
104788_B,FL003639_B,PARKER,KAITLIN,NAOMI,1963-10-17,1963,63,F,I,UN,REP,VA,WAKE,382 LAKE DR,RALE.,27613,,04/01/1996,A,V0009038
106409_B,HA004484_B,GODWIN,KENNETH,BILLY,1998-09-22,1998,28,M,B,NL,DEM,NC,WAKE,353 WESTWOOD DR,RALEIGH,27613,,08/26/2018,R,V0004141
109260_B,YC000542_B,FINLEY,RICHARD,JAMES,1995-07-18,1995,31,M,W,NL,REP,NC,LEE,,SANFORD,27332,7577409388,07/22/2020,A,V0000240
101298_B,HM008265_B,CAREY,GEORGE,,1971-05-04,1971,55,U,W,UN,DEM,,HARNETT,1176 WILLOW ST,ANGIER,27501,,08/09/2014,A,V0005084
102283_B,DZ005920_B,MCNEELY,RENEE,BARBARA,1950-03-21,1950,76,F,W,UN,REP,,UNION,904 CHARLES ST,INDIAN TRAIL,28079,,01/27/1980,A,V0007126
106543_B,XG001837_B,MCQUEEN,PATRICE,JULIUS,1960-05-09,1960,66,U,W,NL,REP,KS,IREDELL,1253 WILLIAMS RD,MOORESVILLE,28117,3369786905,12/21/2008,A,V0008266
100935_B,ZK006766_B,ALLEN,STEPHANIE,,1985-02-15,1985,41,F,B,NL,UNA,,MECKLENBURG,6496 BIRCHWOOD DR,HUNTERSVILLE,28078,,06/04/2026,D,V0002007
100502_B,WN007932_B,PETERSOB,JUSTIN,,1947-06-09,1947,79,M,W,UN,UNA,NC,ONSLOW,6245 E MAIN ST APT 26,JACKSONVILLE,28546,9195911274,04/15/1968,A,V0007173
109936_B,VB000705_B,GRIFFIN,FLOYD,,1942-05-27,1942,84,U,W,NL,UNA,NC,NEW HANOVER,1903 PINE RIDGE RD,WILMINGTON,,,10/12/2023,I,V0003584
108438_B,MC003551_B,STRICKLAND,WILSON,JUSTIN,1960-12-07,1960,66,M,B,UN,DEM,OC,WAKE,1039 SAND HILL RD,MORRISVILLE,27560,7044078775,05/19/2018,A,V0005292
109222_B,RN005204_B,FAULKNER,SAMUEL,JOHNNY,2000-05-20,2000,26,M,W,HL,DEM,KY,MECKLENBURG,976 HOPEWELL CHURCH RD,CHARLOTTE,28277,,12/11/2018,R,V0002738
100480_B,PJ006093_B,BLACKWELL,MARY,,1945-12-27,1945,81,F,A,NL,UNA,NJ,WARREN,2592 WHITE ST,MACON,27551,9107490127,05/28/2016,A,V0003369
101659_B,XY009052_B,EDWARDS,JOSEPH,PHILIP,2000-12-14,2000,26,M,W,NL,UNA,NC,CUMBERLAND,3125 FRANKRIN ST,STEDMAN,28391,3364079561,11/10/2022,A,V0008879
106755_B,LM001075_B,FERRELL,JONATHAN,UEVIN,1976-05-21,1976,50,M,W,NL,DEM,NC,VANCE,2940 IVEY RD LOT 27,HENDERSON,27536,,12/04/2008,A,V0002619
109795_B,HC004092_B,YOUNG,HALEY,JJANN,2001-04-06,2001,25,F,B,NL,UNA,NC,LENOIR,4411 WEDGEWOOD DR UNIT 4,KINSTON,28504,,07/13/2019,A,V0009142
102774_B,ZW007132_B,SWEENEY,CHRISTOPHER,,1968-01-08,1968,58,M,W,NL,UNA,NC,DURHAM,,DURHAM,27713,7045231841,09/14/2018,A,V0002568
107821_B,RF000743_B,HERMAN,DUSTIN,JONATHAN,1998-07-26,1998,28,M,W,UN,REP,OC,FORSYTH,2160 TURNER RD,KERNERSVILLE,27284,,05/22/2022,A,V0005494
108246_B,JR005514_B,POWELL,ASHTON,,1955-04-28,1955,71,F,W,NL,UNA,,NEW HANOVER,6872 MORNINGSIDE DR,WILMINGTON,28403,9193031043,06/02/2018,A,V0003026
107571_B,KS003334_B,STEWART,KIMBERLY,MARY,1978-11-25,1978,48,F,W,UN,UNA,NC,ORANGE,2172 OLD GREENSBORO RD,CARRBORO,27510,,10/05/2023,A,V0005259
106986_B,TW002399_B,MOORE,MARLA,MELINDA,2002-03-15,2002,24,F,W,NL,REP,FL,CATAWBA,282 OAKWOOD AVE,HICKORY,28601,,03/27/2020,A,V0003647
104289_B,WX008112_B,VINCENT,ROBERT,,2005-01-04,2005,21,U,A,UN,DEM,DE,ORANGE,7495 SAND HIHL RD,CHAPEL HILL,27514,,12/14/2023,R,V0007627
104373_B,KL000017_B,CONNELL,MARISSA,,2001-08-19,2001,25,F,B,UN,UNA,UT,BRUNSWICK,1085 LAUEVIEW DR,WINN.,28477,,07/20/2025,R,V0009066
104030_B,XF007379_B,LOWERY,JENNIFER,,1956-10-08,1956,70,F,U,NL,DEM,,NASH,297 SUMMIT AVE APT 6,R. MOUNT,27803,,01/21/2016,A,V0008284
108852_B,VL003448_B,JORDAN,CAMRYN,LYNN,1951-04-13,1951,75,U,B,NL,DEM,,WAKE,1945 E 5TH ST,RALEIGH,27616,,08/25/2008,A,V0009099
108484_B,RL004201_B,MARSHALL,JAZMINE,IERESA,1943-07-28,1943,83,F,O,UN,DEM,NC,IREDELL,2984 CEDAR CREEK RD,MOORESVILLE,28115,,09/22/2022,A,V0007354
100693_B,NM001185_B,MILLS,HANNAH,,1993-02-19,1993,33,F,W,NL,DEM,KY,CUMBERLAND,795 JACKSOI RD UNIT 28,FAYETTEVILLE,28314,8286477864,02/24/2011,A,V0000192
106965_B,RB002558_B,HOWELL,VALERIE,,1975-12-14,1975,51,F,U,NL,UNA,NJ,CALDWELL,658 WEEKSVILLE RD APT 16,HUDSON,28638,3364804165,09/21/2024,A,V0000483
102209_B,GW006540_B,CAULDER,CHARLES,CHARLES,1946-06-23,1946,80,M,O,NL,UNA,NC,ROWAN,117 S CHURCH ST,SALISBURY,28146,9197358113,02/09/1976,A,V0008616
103029_B,JM008493_B,JACKSON,DEVIN,,1949-11-27,1949,77,M,W,NL,UNA,NC,WAKE,6255 SUNSET AVE,WENDELL,27591,9105429316,01/08/2019,A,V0005185
102276_B,WV006768_B,FRYE,TERRI,,1965-09-16,1965,61,F,W,NL,REP,NC,CATAWBA,666 S COLLEGE ST,HICKORY,28601,,05/12/1984,A,V0001641
104695_B,DW001924_B,STEFART,MARIA,KIMBERLY,1985-11-09,1985,41,F,W,HL,REP,SC,DURHAM,20 QUEEN ST,DURHAM,27703,,12/09/2016,I,V0008246
101592_B,HR007231_B,TAYLOR,WILLIAM,BOBBY,2008-12-06,2008,18,M,U,HL,UNA,NC,WILKES,318 SOUTH BLVD,NORTH WILKESBORO,28659,9107599329,01/28/2026,A,V0008367
100432_B,EP009446_B,HUGHES,CATHERINE,AMANDA,1993-05-20,1993,33,F,W,UN,REP,NY,JOHNSTON,1806 OLD OAK RIDGE RD,SELMA,27572,,11/26/2011,A,V0002118
100128_B,JH001276_B,WILLIAMS,DONNA,,1952-07-15,1952,74,F,W,NL,REP,CA,BUNCOMBE,395 NC 54 APT 37,ASHE.,,3369048071,02/19/2012,A,V0006123
100203_B,AC007471_B,BANNER,KATELYN,PAULA,1956-03-26,1956,70,F,W,HL,DEM,VA,TRANSYLVANIA,3874 N CHURCH ST,BREVARD,28712,,08/10/2024,A,V0000825
104723_B,AC002233_B,LYNCH,KYRA,,1994-11-17,1994,32,F,W,NL,REP,NC,ONSLOW,4202 ALBEMARLE RD,JACKSONVILLE,28546,,05/25/2018,A,V0003309
101404_B,BZ003086_B,DAY,THOMAS,,2007-07-24,2007,19,M,W,NL,UNA,LA,SURRY,105 E MAIN ST,MOUNT AIRY,27030,,06/10/2025,D,V0005008
106311_B,HM004693_B,MOORE,ISAIAH,JASON,1943-03-22,1943,83,M,W,UN,DEM,MA,HYDE,2384 PLEASANT RIDGE RD,FAIRFIELD,27826,,12/27/2016,R,V0001821
108919_B,XG007143_B,WHIFE,CHERYL,MARTHA,1944-07-02,1944,82,F,B,UN,UNA,NJ,WAKE,6697 PARK AVE,KNIGHTDALE,27545,,01/26/2020,A,V0005518
103778_B,HW006321_B,BLACK,SHELBY,KZRLA,1957-12-25,1957,69,F,W,UN,UNA,NC,JOHNSTON,7833 N ANN ST,ANGI.,27501,,11/09/1975,I,V0003919
100343_B,NM007206_B,PARKER,KATHY,JULIE,1935-10-04,1935,91,F,W,UN,UNA,CT,DURHAM,356 WALTON DR,MORRISVILLE,27568,,06/21/2020,A,V0007881
107882_B,LH002411_B,MCNEAL,KELSEY,,1959-08-08,1959,67,U,W,NL,DEM,PR,ROWAN,16 TURNER RD,SALISBURY,28147,,11/27/2012,A,V0004124
104746_B,MW004063_B,PRUITT,JAMES,CHRISTOPHER,1990-11-16,1990,36,M,W,UN,REP,MA,GASTON,1917 COUNTRYSIDE DR,GASTONIA,28052,8287758560,10/10/2025,R,V0001102
107730_B,WY000728_B,WILLIAMS,JUDM,,1960-05-06,1960,66,F,B,NL,UNA,OH,WAKE,481 HORSESHOE RD,APEX,27502,8289595794,07/07/2024,A,V0005266
108773_B,LE008375_B,BOSWELL,HUBERT,,1922-10-23,1922,104,M,U,NL,REP,NC,ROCKINGHAM,183 BRENTWOOD RD,REIDSVILLE,27320,,11/28/2024,A,V0008310
107447_B,EW001962_B,WALL,JONATHFN,,1964-10-05,1964,62,M,W,NL,DEM,NC,WAKE,2132 GLENDALE DR,HOLLY SPRINGS,27540,,09/15/2025,A,V0002498
102580_B,YH009813_B,CANTY,ASHLEY,KIRA,2008-09-24,2008,18,F,W,NL,REP,NC,MARTIN,354 N MAIN ST,JAMESVILLE,27846,,01/04/2026,A,V0008634
105218_B,KB009817_B,HELMS,SHANNON,,1934-01-13,1934,92,F,W,NL,UNA,FL,MECKLENBURG,339 TOBACCO ROAD,CHARLOTTE,,,09/14/2018,A,V0000170
105572_B,ZZ005121_B,WALSH,DANA,JOYCE,1977-08-26,1977,49,F,W,NL,REP,AL,CATAWBA,8614 E CORNWALLIS RD,HICKORY,28602,,06/18/2014,R,V0003434
103799_B,BV000146_B,FORREST,GLENDA,,1993-10-21,1993,33,F,W,UN,REP,,MECKLENBURG,9776 ERWIN ROAD,CHARLOTTE,28269,9106441765,09/21/2017,A,V0002160
107478_B,GK002790_B,JOHNSON,RICHARD,,1991-10-11,1991,35,M,W,NL,DEM,OH,GASTON,886 NC HIGHWAY 801 S APT 18,MOUNT HOLLY,28120,2527224457,07/16/2009,A,V0008884
106972_B,CC001490_B,LYTLE,KATELYN,,,1999,27,F,B,NL,DEM,KY,EDGECOMBE,4483 DAVIS RD,ROCKY MOUNT,27804,,04/18/2017,I,V0005453
106202_B,HD007287_B,HALYMAN,CHRISTOPHER,COREY,1963-02-12,1963,63,U,A,NL,REP,PA,CLEVELAND,,CASAR,28020,2027379691,11/24/2024,I,V0006688
101763_B,VY002060_B,HARRIS,HOLDEE,JIMMY,1947-09-07,1947,79,M,W,UN,REP,HI,MECKLENBURG,554 PARK ST,CHAR.,28215,,11/03/2008,A,V0008741
105947_B,EM008857_B,CRAIN,REID,MITCHELL,1979-08-26,1979,47,U,W,NL,DEM,NC,GUILFORD,196 NORTH HILLS DR,GREENSBORO,27406,6063974207,06/13/1997,R,V0002060
108011_B,KA008518_B,ELLIOTT,RICHARD,RONALD,1960-03-07,1960,66,M,W,NL,REP,NY,WAKE,7480 OBERLIN RD,CARY,,,05/02/2023,I,V0003583
103239_B,ZT007382_B,MORRISON,GARRETW,,1974-04-06,1974,52,U,W,NL,REP,NY,HAYWOOD,345 TAYLOR RD,MAGGIE VALLEY,28751,,06/13/2025,I,V0006246
108157_B,WY001652_B,GRAHAM,SHIRLEY,MARILYN,1979-02-25,1979,47,U,W,NL,UNA,NC,RUTHERFORD,2593 LAKEVIEW DR,FOREST CITY,28043,,12/26/2004,A,V0000346
104489_B,CX007656_B,ROBERTS,SHANE,,1949-02-17,1949,77,M,W,NL,DEM,NC,DAVIDSON,8181 CIRCLE DR,WINSTON-SALEM,27107,4348046980,09/15/2013,A,V0006263
102811_B,YZ008713_B,SMITH,MADELINE,LESLIE,1947-06-14,1947,79,F,W,NL,UNA,VA,MECKLENBURG,3500 MADISON AVE,CHARLOTTE,28205,9178880110,08/26/2024,A,V0000496
102172_B,YG007158_B,ROBERTS,ERNENT,THOMAS,1973-11-27,1973,53,M,W,NL,LIB,WV,CUMBERLAND,400 FRIENDSHIP CHURCH RD,FAYETTEVILLE,28306,,08/22/1991,A,V0001622
101842_B,ET003550_B,CEUSEY,STEVE,,1957-12-21,1957,69,M,B,NL,DEM,GA,CARTERET,2164 OLD CONCORD RD,EMERALD ISLE,28594,,08/14/2010,A,V0008972
101544_B,DS001475_B,WEAVER,ELIZABETH,TAMMY,1954-10-28,1954,72,F,U,NL,UNA,,WAKE,321 INDIAN TRL APT 5,RALEIGH,27610,,04/13/2004,A,V0001543
109230_B,GG008289_B,TRENCH,MARIO,ERIC,1984-02-02,1984,42,M,W,UN,UNA,CA,MECKLENBURG,909 BEECHWOOD DR,CHARLOTTE,28205,,03/20/2006,I,V0002365
102926_B,FM004035_B,WEST,LEIGH,DONNA,1960-11-18,1960,66,U,W,UN,REP,NC,ASHE,234 HUNTING RIDGE RD,JEFFERSON,28640,,05/08/2020,A,V0007377
108587_B,SB000761_B,JAYES,PATRICIA,,1999-08-16,1999,27,M,U,NL,REP,CA,WAYNE,428 JOTES ST,GOLDSBORO,27530,,06/09/2017,A,V0004095
103307_B,CL004601_B,ELLIOTT,MEGAN,SARAH,1965-07-10,1965,61,F,W,NL,REP,,HENDERSON,4832 FAIRVIEW DRIVE,HENDERSONVILLE,28739,,03/20/2020,A,V0003574
108612_B,GR001681_B,MALLORY,BARRY,PATRICK,1972-11-08,1972,54,M,B,NL,DEM,NC,CABARRUS,1310 COOL SPRINGS RD,CONCORD,28027,9107613248,03/26/2014,A,V0005079
101806_B,YM005495_B,GONZALEZ,TONY,MICEAEL,1995-06-25,1995,31,M,W,UN,UNA,OH,WATAUGA,1870 BRENTWOOD RD,S. GROVE,28679,9843394528,03/02/2017,A,V0008837
102099_B,ZM006430_B,WHITTED,DJBORAH,TASRA,1941-04-14,1941,85,F,B,UN,UNA,,WAKE,3525 PICKETT RD,APEX,27502,,05/24/2023,A,V0002054
102997_B,MA001123_B,ZIMMERMAN,JANE,PAULA,1970-04-16,1970,56,F,W,UN,DEM,IL,MECKLENBURG,9782 DAVIS RD LOT 14,CHARLOTTE,28277,,12/09/2022,A,V0006928
105966_B,JA008130_B,GUNN,FRANK,MICHAEL,2005-03-26,2005,21,M,W,NL,REP,NC,MECKLENBURG,824 WINDSOR DR,CHARLOTTE,28227,,02/23/2023,D,V0008901
108899_B,SV003273_B,BOONE,ANN,,2004-03-10,2004,22,F,B,UN,UNA,MA,CUMBERLAND,6050 MEADOW ROAD,FAYETTEVILLE,28311,8289360397,04/19/2022,R,V0009156
109490_B,YF009102_B,CARROLL,SAMANTHA,,1991-01-04,1991,35,F,W,NL,REP,NC,CATAWBA,753 SULPHUR SPRINGS RD,CONOVER,28613,3364775681,11/16/2018,A,V0004859
105951_B,TB006378_B,WALKER,DILLON,AARON,1945-11-28,1945,81,M,B,NL,UNA,SC,WAYNE,140 SALEM CHURCH RD,GOLDSBORO,27534,,11/26/2002,A,V0001584
102597_B,HM006831_B,JACKSON,LARRY,,,1995,31,M,W,UN,UNA,AK,MECKLENBURG,,CHARLOTTE,28277,,01/07/2024,A,V0006730
100135_B,BZ001070_B,HAYES,GWENDOLYN,LINDA,1959-12-03,1959,67,F,W,UN,UNA,GA,MECKLENBURG,138 SWAMROCK DR LOT 9,CHARLOTTE,28216,,11/01/2020,A,V0003331
107012_B,NP005417_B,KRAMER,TAYLOR,,1971-09-26,1971,55,F,O,NL,DEM,MI,JOHNSTON,277 A ST,PRINCETON,27569,,08/05/2018,I,V0006016
107814_B,AD007699_B,LEACH,LYNN,JOHNNY,1958-08-27,1958,68,M,W,UN,UNA,NC,RANDOLPH,42 PARK AVE,ASHEBORO,,,07/19/2025,R,V0000215
103393_B,RX009241_B,DICKENS,SUSAN,,1952-05-04,1952,74,F,W,UN,LIB,NY,UNION,6400 SHAW RD,MONR.,28110,,07/24/2026,A,V0000512
101479_B,ZS003655_B,TYSINGER,CHRISTINA,,1988-05-10,1988,38,F,W,NL,UNA,,MECKLENBURG,3591 GUESS RD,CHARLOTTE,28215,,01/01/2015,A,V0007912
102800_B,FY003729_B,KENNEDY,BOBBIH,SARAH,1991-08-26,1991,35,U,B,NL,DEM,IL,WAKE,183 SPRUCE ST,RALEIGH,27603,,05/09/2009,A,V0008491
108441_B,KA007294_B,ROSS,NICHOLAS,ANTHONY,1971-10-07,1971,55,M,W,NL,UNA,NY,ONSLOW,141 PINE VALLEY RD,SNEADS FERRY,,2526173649,03/02/2016,R,V0006612
105412_B,EP002018_B,SMITH,PATRICIA,JANET,1999-11-22,1999,27,F,B,NL,UNA,NC,HALIFAX,8233 N BREVARD ST,ROANOKE RAPIDS,27870,,04/13/2017,A,V0001928
100784_B,VY007029_B,BERG,LUCY,AUDREY,1947-02-16,1947,79,U,W,NL,REP,ND,PITT,381 E MOREHEAD ST,GREENVILLE,27858,,08/14/2022,A,V0003785
105362_B,TK007886_B,DARDEN,GARRY,MARK,1993-04-08,1993,33,M,W,NL,REP,,WAKE,1233 FOREST HIMLS DR,RALE.,27613,3362524034,07/13/2011,R,V0003745
106443_B,AH009920_B,GOODSON,MICHAEL,ELMER,1964-10-22,1964,62,M,B,NL,DEM,CA,DURHAM,2139 CHARLOTTE ST,DURHAM,27703,,07/17/2008,R,V0002925
109349_B,HP009379_B,WATSON,ROBERT,DAVID,1954-03-24,1954,72,U,W,NL,REP,NY,DAVIDSON,7879 RIGGS RD,LEXINGTON,27295,,11/25/2019,A,V0009226
107936_B,LG000555_B,MKODY,BRYAN,,1942-05-04,1942,84,M,W,UN,REP,NC,HARNETT,193 CAROLINA AVE,SPRING LAKE,28390,,04/20/2022,A,V0001445
105061_B,NA008943_B,HARRIS,ERIN,,1983-11-21,1983,43,F,B,HL,DEM,NC,PITT,1642 BROOKFIELD DR,GREENVILLE,27858,,05/01/2001,A,V0005309
109653_B,CE005679_B,SHUE,DANA,,1980-08-20,1980,46,F,U,NL,UNA,NC,GUILFORD,4024 PINE RIDGE RD,GREENSBORO,27406,,06/25/2021,A,V0004187
103700_B,YL008782_B,MCLAUGHOIN,ROGER,,2006-11-09,2006,20,M,B,NL,DEM,SC,NEW HANOVER,2886 E HAGGARD AVE,WILMINGTON,28411,2523217572,01/22/2024,A,V0002721
108020_B,GB003850_B,WALKER,PATTY,,1989-03-09,1989,37,U,B,NL,DEM,CO,IREDELL,3056 NEW GARDEN RD,STATESVILLE,28677,,10/25/2024,A,V0008265
109458_B,ZN000170_B,BARTLETT,MICHAEL,,1992-09-13,1992,34,M,U,UN,UNA,NC,RANDOLPH,672 SUNSET AVE,ASHEBORO,27205,,07/14/2010,I,V0000654
109685_B,JY009968_B,HARRIS,SETH,,1951-07-23,1951,75,M,U,NL,UNA,NC,ONSLOW,5592 RIDGE RD,JACKSONVILLE,28546,,08/01/2023,A,V0000491
109347_B,WL003177_B,SELLEZS,JAMES,NICHOLAS,1971-01-26,1971,55,M,W,NL,UNA,,HENDERSON,437 ZION CHURCH RD,HENDERSONVILLE,28791,,04/16/1989,A,V0007128
103803_B,TM001416_B,RIVERA,KEITH,WILLIE,1976-03-09,1976,50,M,O,NL,DEM,NC,DUPLIN,331 SOUTH BLVD LOT 1,WARSAW,28398,7577199346,02/27/1994,A,V0007081
103160_B,AZ002899_B,PAYNE,JENIFER,JULIANA,1925-06-22,1925,101,F,W,NL,UNA,MD,MECKLENBURG,4484 W PINE ST APT 17,CHARLOTTE,28216,,04/15/2022,A,V0005177
109270_B,VT006776_B,DALTON,BERTHA,EDNA,1978-02-27,1978,48,F,U,NL,UNA,NC,HALIFAX,,ROANOKE RAPIDS,27870,,05/16/2020,R,V0004911
105113_B,JS002907_B,WRIGHT,PERCY,,2006-08-06,2006,20,M,W,NL,REP,OC,WAKE,2905 LOOP RD,RALEIGH,27615,,11/02/2024,I,V0004364
102072_B,VT008798_B,LITTLE,CAROLYN,,1973-09-07,1973,53,F,W,UN,UNA,NC,WAKE,3376 BIRCHWOOD DR LOT 7,RALEIGH,27613,,11/23/1991,I,V0007645
106577_B,BZ006929_B,EDWARDS,HUNTER,JACKSON,1993-11-25,1993,33,M,O,NL,DEM,NC,HARNETT,37 THOMPSON RD,SPRING LAKE,28390,,04/09/2021,R,V0003628
109535_B,HP000865_B,DAVIS,DANIELLE,EDNA,1984-06-01,1984,42,F,W,NL,REP,WA,ORANGE,3990 UNBVERSITY CITY BLVD,HILLSBOROUGH,27278,3012699213,03/21/2002,A,V0006709
101397_B,PB003460_B,BARKSDALE,ANGEL,,1995-03-06,1995,31,M,W,UN,UNA,PA,NEW HANOVER,7810 N CHURCH ST,WILMINGTON,28409,7609113722,01/12/2013,A,V0007806
100990_B,LA005516_B,SMITH,DANNY,CHARLES,1997-08-26,1997,29,M,W,NL,REP,NC,CATAWBA,4679 WOODFIELD DR,CATAWBA,28609,3364247576,12/27/2026,I,V0006932
106563_B,YH007019_B,BANKS,AMANDA,SUSANNE,1986-09-05,1986,40,F,W,NL,REP,IA,MECKLENBURG,484 W MAIN STREET,CORNELIUS,28031,2676488391,10/12/2024,A,V0001551
105703_B,YC008364_B,HUTCHINSON,MONICA,PATRICIA,1968-12-12,1968,58,F,W,UN,UNA,NC,MECKLENBURG,,CHARLOTTE,28277,,02/05/2000,A,V0004862
104126_B,XY004378_B,ROGERS,TIFFANY,,1962-02-04,1962,64,F,A,NL,UNA,NC,FRANKLIN,,YOUNGSVILLE,27596,2525076485,03/16/2021,A,V0006710
100560_B,RS001178_B,PERSON,JAMES,TERRY,1993-01-23,1993,33,M,W,NL,REP,NY,NASH,371 HILLCREST DR,NASH.,27850,,05/10/2020,A,V0002807
109387_B,FN006173_B,BREWER,CHARLES,,2003-04-22,2003,23,M,M,UN,DEM,MD,WAKE,1424 PINE VALLEY RD,RALEIGH,27603,,02/25/2021,A,V0000251
109778_B,TD006393_B,RANDOLPH,NICOLE,,1966-03-09,1966,60,F,W,NL,UNA,,JOHNSTON,4941 N BREVARD STREET,GARNER,27529,9994496161,12/05/2012,A,V0005334
100589_B,MH001748_B,SANDOVAL,NICHOLAS,,1983-06-04,1983,43,M,U,NL,UNA,,WAKE,11572 DAVIS RD,RALEIGH,,,01/02/2021,I,V0004315
102877_B,PF007335_B,COOLEY,LUKE,JAMES,1996-12-13,1996,30,M,W,NL,REP,FL,WILKES,367 BETHEL RD,TRAPHILL,28685,,09/01/2020,R,V0009108
109772_B,GE009663_B,WELLS,TYRONE,,1996-11-26,1996,30,M,W,UN,DEM,NC,NEW HANOVER,4152 CLIFTON RD,WILMINGTON,28411,3187873359,02/08/2014,A,V0001505
101505_B,RS007954_B,FRENCH,JONATHAN,LANZON,2000-04-10,2000,26,M,W,NL,UNA,NC,POLK,7987 BHRCHWOOD DR,TRYON,28782,,09/15/2018,A,V0001958
100070_B,RN004461_B,LYNCH,CHRISTINE,,1983-08-17,1983,43,U,W,UN,UNA,PA,WAKE,445 SCHOOL ST,CARY,27519,,07/13/2020,A,V0005528
107195_B,CE002819_B,HALL,CONNOR,JOHN,1959-09-09,1959,67,M,W,NL,DEM,VA,BUNCOMBE,3060 CIRCLE DR,ASHEVILLE,28804,2528672638,08/01/2021,A,V0005039
100956_B,LS005382_B,FLEMING,CAMERON,,1996-04-19,1996,30,M,B,NL,UNA,NC,CUMBERLAND,4542 MONTROSE DR,FAYETTEVILLE,28311,,11/28/2016,A,V0000129
101228_B,CV009125_B,WILLIAMS,GEENDOLYN,NANCY,1954-01-23,1954,72,F,W,NL,DEM,MD,MECKLENBURG,2814 WALL ST,MATTHEWS,28104,,09/08/2026,A,V0001421
101348_B,KR009203_B,BRKDY,ANTHONY,,1997-09-04,1997,29,M,W,UN,REP,,PASQUOTANK,433 CARATOKE HWY,ELIZABETH CITY,27909,9193663337,09/13/2015,A,V0004240
101568_B,DS007255_B,DAVIS,JONATHAN,,1983-07-10,1983,43,M,W,NL,REP,NC,RANDOLPH,1937 MADISON AVE,ASHEBORO,27203,,05/24/2016,A,V0007469
100675_B,YV001076_B,ELLER,HAHOLD,JUSTIN,1949-04-03,1949,77,M,W,NL,UNA,NC,GUILFORD,10813 COOK RD,GREENSBORO,27407,8045510297,12/19/1998,A,V0004634
106215_B,DK004791_B,ROWE,KATHERINE,,1963-05-19,1963,63,F,W,UN,UNA,NC,BRUNSWICK,1601 CHESTNUT ST,CALABASH,28467,,06/25/1997,A,V0006808
101281_B,FH002758_B,RANSOM,ROBERT,,1967-03-09,1967,59,M,W,NL,DEM,IL,GUILFORD,3825 RICHARDSON RD,GREENSBORO,27405,,11/17/2016,A,V0008690
109541_B,BV008611_B,DAVIS,SEAN,CHELSEA,2006-08-22,2006,20,U,O,NL,REP,MI,MECKLENBURG,1313 FAYETTEVILLE ST,CHARLOTTE,28277,,03/08/2024,A,V0005088
108313_B,SG004912_B,VESTAL,ESTHER,,1991-08-24,1991,35,F,W,UN,REP,NC,HAYWOOD,287 PEACHTREE ST,WAYNESVILLE,28786,8132260680,01/07/2024,A,V0009455
105590_B,YW004700_B,GRAHAM,BARRY,RAYMOND,1966-04-20,1966,60,M,W,NL,REP,SC,PENDER,4464 GRAZDVIEW DR,HAMPSTEAD,28443,,06/02/2004,A,V0002353
103023_B,YW001208_B,HOLLINGSWORTH,SERENA,LPURA,1942-11-20,1942,84,F,W,NL,DEM,NC,CATAWBA,4259 WRIGHTSVILLE AVE,CLAREMONT,28610,3368531637,12/17/2024,I,V0002614
107427_B,FC001612_B,GAY,CHARLOTTE,MICHELLE,1939-05-26,1939,87,F,W,NL,UNA,,FORSYTH,54 LONG BRANCH RD,WINSTON SALEM,27105,,03/26/2016,I,V0004390
107509_B,YE006568_B,PROITOR,DEBORAH,,1943-03-11,1943,83,F,U,NL,UNA,PA,DURHAM,3705 S WILMINGTON ST,DURHAM,27703,,07/01/2026,A,V0001045
109539_B,CG006164_B,CRAWLEY,EVIC,ROBERT,1938-02-19,1938,88,M,W,UN,REP,VA,WILSON,192 CHAPEL DR,WILSON,27896,3364455185,03/08/2024,A,V0002251
100964_B,ZC006252_B,ELKINS,HEATHER,,1979-06-14,1979,47,F,W,UN,DEM,NC,RANDOLPH,880 FOREST DR,RANDLEMAN,27317,2627145635,12/16/2024,A,V0005349
109919_B,ZL006166_B,STOVER,BLAKK,,1963-06-03,1963,63,M,W,UN,REP,VA,GRANVILLE,62315 TOWER RD,FRANKLINTON,27525,,03/27/1996,I,V0003370
107546_B,AB007120_B,STEWART,EDDIE,WHITNEY,1933-07-21,1933,93,U,W,NL,UNA,NC,WATAUGA,4228 ALLEN ST,TODD,28684,9803947611,09/18/2021,A,V0000339
106420_B,DL003450_B,DORSEY,ALTON,JAMES,1963-07-05,1963,63,M,W,UN,REP,IL,MECKLENBURG,484 EASTWOOD DR,CHARLOTTE,28277,,11/25/2019,A,V0004286
109364_B,MJ000911_B,LEHMAN,BENJAMIN,,1970-08-10,1970,56,M,B,UN,DEM,NC,MECKLENBURG,3825 OAKWOOD AVE,CHARLOTTE,28268,,07/12/2020,R,V0006947
108078_B,ET009548_B,PAINTER,JUSTIN,KELLY,1949-02-08,1949,77,U,W,NL,REP,,HARNETT,1346 DUNN RD,SPRING LAKE,28390,8287284053,09/26/2026,A,V0000973
103971_B,AR008238_B,MALDONADO,ALEXANDRA,,1990-01-20,1990,36,F,W,NL,UNA,SC,ORANGE,3547 E 5TH ST,CHAPEL HILL,27514,,01/16/2020,A,V0008751
100163_B,FY007223_B,OWEN,HARVEY,RONALD,1967-09-16,1967,59,M,W,UN,DEM,NC,BUNCOMBE,263 MORREENE RD,CANDLER,28715,8322238887,03/04/2022,A,V0003280
109702_B,SZ000877_B,LEWIS,THERESA,KATHERINE,1970-05-04,1970,56,F,W,UN,UNA,VA,UNION,3345 LAKEWOOD DR,MATTHEWS,28104,8284976047,02/07/2022,I,V0005341
105620_B,CM001767_B,MILLER,CASSANDRA,LISA,1964-09-03,1964,62,F,W,HL,UNA,NC,GUILFORD,165 JEFFERSON STREET,HIGH POINT,27265,,09/22/2026,A,V0004044
105963_B,GZ008420_B,GILBERT,JONAH,,2002-04-03,2002,24,M,W,UN,UNA,PA,CLEVELAND,114 DEVONSHIRE DR,SHELBY,28150,,01/05/2020,A,V0007718
109442_B,BW005347_B,FLOYD,PATRZCIA,TAMARA,1994-09-26,1994,32,F,W,NL,UNA,CO,JACKSON,91 LINCOLU ST,CULLOWHEE,28723,,09/14/2012,A,V0000391
109428_B,WP001285_B,THOMPSON,FRANCIS,,1940-02-13,1940,86,M,B,UN,UNA,NC,NASH,309 MEADOWBROOK DR UNIT 35,ROCKY MOUNT,27803,9012856497,05/26/1997,I,V0004180
103840_B,LJ000634_B,BRUNSON,TAMMY,TAMMY,1984-02-03,1984,42,F,W,NL,REP,NC,MECKLENBURG,3004 RED HILL RD,CHARLOTTE,28277,9195731495,06/04/2007,A,V0001795
102366_B,CX003727_B,VALENTINE,SANDRA,PAULA,1975-07-28,1975,51,F,W,NL,UNA,NC,DAVIDSON,4376 N CHURCH ST,LEXINGTON,27295,2529575700,06/05/2005,I,V0004296
106842_B,YL003962_B,HUDSON,GAIL,,1960-03-24,1960,66,F,W,NL,UNA,NC,GUILFORD,2076 COLLEGE ST,GREENSBORO,27455,8283958449,01/25/2026,A,V0008045
101205_B,AW008962_B,TAYLOR,CHARLCS,,1992-08-21,1992,34,M,B,NL,DEM,NC,ROWAN,630 JONES RD,SALISBURY,28145,,01/06/2016,I,V0001500
108494_B,BP009834_B,COOK,BEVERLY,PATRICIA,1998-08-19,1998,28,F,W,UN,REP,GA,JONES,548 W MONROE ST,TRENTON,28585,,06/07/2016,A,V0001990
109971_B,PA002885_B,LANE,JAYLA,,1970-06-20,1970,56,F,B,UN,DEM,VA,GRANVILLE,1985 DAVIS RD,CREEDMOOR,27522,,10/26/2009,A,V0002982
103970_B,BE008492_B,AVERY,JOHN,JAMES,1997-09-28,1997,29,M,B,UN,DEM,,WAYNE,131 BOONE TRL,PRINCETON,27569,,10/04/2015,A,V0001105
109197_B,FD004093_B,SMITH,MASON,STEVEN,1955-08-23,1955,71,M,W,NL,DEM,NM,WAKE,171 PARK RD,CARY,27519,,04/21/2000,A,V0002858
109878_B,YL006319_B,GASKINS,LISA,TRMCEY,1954-05-25,1954,72,F,W,UN,REP,TX,HALIFAX,6211 UNIVERSITY CITY BLVD LOT 8,ROANOKE RAPIDS,27870,,08/03/1984,A,V0007024
102754_B,JZ006198_B,CATES,WILLIAM,BOBBY,1950-11-28,1950,76,M,W,UN,UNA,NC,GUILFORD,7940 LONGLEAF DR,HIGH POINT,27265,2524261149,09/26/2021,A,V0006842
102184_B,JA009000_B,ZIMMERMAN,BETTY,MARY,,1990,36,F,B,UN,DEM,SC,WAYNE,997 MONTROSE DR,GOLDSBORO,27530,8307428017,05/22/2020,A,V0007390
103913_B,KH002316_B,DAWKXNS,DONNA,,1936-01-03,1936,90,F,W,UN,UNA,,WASHINGTON,,PLYMOUTH,27962,2523651896,09/03/2000,R,V0004181
106122_B,NP007860_B,JORDAN,RODERICK,SHECEE,1968-05-01,1968,58,U,W,NL,REP,,RUTHERFORD,297 LIBERTY ST,RUTH.,28139,2525564668,10/23/2006,R,V0007878
100105_B,RZ006243_B,SUTTON,MIRANDA,JENNIFER,1954-02-22,1954,72,F,W,NL,UNA,NC,NEW HANOVER,7418 OLD CONCORD RD,WILMINGTON,28409,,10/04/2023,I,V0001469
108255_B,MP007939_B,HOOPER,JOHN,CHRISTOPHER,1951-05-11,1951,75,M,W,NL,DEM,OC,PITT,882 BROOKWOOD DR,WINTERVILLE,28590,,04/23/2019,A,V0008748
103043_B,NL008490_B,SCHNEIDER,GORY,JOHN,1974-12-25,1974,52,M,O,NL,UNA,ME,WAKE,342 HIGHYAND AVE,CARY,27513,9192975624,07/04/1997,I,V0009186
106768_B,DF003752_B,COLLIER,KATHLEEN,,1969-08-28,1969,57,F,B,NL,DEM,CT,MITCHELL,175 LAKE RD,SPRUCE PINE,28777,2528726053,05/04/2020,I,V0005264
103921_B,AP007642_B,DICKENS,NATHAN,,1960-02-05,1960,66,M,W,NL,UNA,VA,WASHINGTON,471 NEW HOPE CHURCH RD,PLYMOUTH,27962,,02/19/2024,A,V0005798
108819_B,LW005868_B,SHEPARD,LOGAN,ROBERT,1973-09-26,1973,53,M,W,UN,UNA,SC,IREDELL,2766 GOLF COURSE RD,TROUTMAN,28166,,05/23/2000,A,V0004328
100155_B,ES004254_B,GUERRERO,LEIGH,KATHARINE,1952-08-02,1952,74,F,W,NL,REP,CA,ONSLOW,506 N COLLEGE ST,S. FERRY,28460,,08/22/2000,I,V0008796
104684_B,PA007992_B,DILLON,CHARLOTTE,,1946-11-09,1946,80,F,W,NL,REP,MI,YADKIN,143 WALT ST UNIT 39,YADKINVILLE,27055,3363988100,07/18/2022,A,V0005393
106345_B,JC007376_B,CONNOLLY,JASON,,1966-01-02,1966,60,U,W,NL,REP,,GASTON,262 ERWIN RD,GASTONIA,28052,,10/14/2016,A,V0002689
101545_B,ZM001141_B,HOWELL,MAURICE,,1970-01-12,1970,56,U,W,NL,REP,NC,BRUNSWICK,1348 SPRING DR,CALABASH,28467,2527397136,03/21/2018,A,V0007352
102699_B,TJ004343_B,WILLIAMS,BRIAN,JAMES,1956-07-13,1956,70,M,W,NL,REP,VA,UNION,576 NORTH HILLS DR,INDIAN TRAIL,28079,,02/15/1998,R,V0003541
101497_B,SA003275_B,FREEMAN,LEO,WVRREN,1959-01-17,1959,67,M,U,NL,DEM,OR,LINCOLN,2690 ROBERTS RD,LINCOLNTON,28092,2522056133,07/21/1984,A,V0005728
100705_B,AA001230_B,KLINE,MARTINA,,1991-09-07,1991,35,F,W,NL,REP,NC,MECKLENBURG,165 BROWN RD,CHARLOTTE,28215,2523086607,07/03/2009,A,V0000983
102871_B,KS004360_B,BURCHETTE,KRISTI,,2004-05-05,2004,22,F,B,NL,DEM,NC,NEW HANOVER,578 W FRIENDLY AVE,WILMINGTON,28405,,12/07/2022,A,V0004465
105775_B,VM007430_B,WEBB,JASMINE,PAMLLA,1970-03-15,1970,56,F,W,NL,DEM,FL,CUMBERLAND,2987 N CENTER ST,FAYETTEVILLE,28306,,12/20/2013,I,V0007433
105450_B,NR001260_B,CARVER,SHARON,LAURA,1989-10-13,1989,37,F,U,NL,UNA,,PASQUOTANK,605 MAGNOLIA DRIVE,ELIZABETH CITY,,,07/18/2018,A,V0008842
102963_B,NJ005776_B,WEBB,LUKE,JOSEPH,1956-05-25,1956,70,M,U,NL,UNA,NC,IREDELL,993 HILL RD,MOORESVILLE,28113,8033167757,09/02/2018,A,V0009088
109852_B,TL006636_B,GILES,FAYE,KELSEY,1953-05-02,1953,73,F,W,NL,UNA,OH,ROWAN,736 HILSCREST DR,KANNAPOLIS,28081,,05/03/2002,A,V0008991
105558_B,MA003731_B,MITCHELL,BARBARA,,1959-02-05,1959,67,F,B,NL,DEM,SC,FRANKLIN,453 CENTRAL AVE LOT 28,SPRING HOPE,27882,8433873589,03/08/2011,A,V0008368
108881_B,DN008079_B,COTTEN,PHILIP,JAMES,1963-05-12,1963,63,M,W,NL,REP,NY,HALIFAX,1386 E BROAD ST,ENFIELD,27823,2528435208,11/20/2019,A,V0004571
106262_B,YV008758_B,MCDEAMOTT,RICHARD,CHRISTOPTER,1993-09-10,1993,33,M,B,NL,DEM,NC,GRAHAM,,ROBBINSVILLE,28771,3363532807,11/28/2023,A,V0007144
102519_B,FY006698_B,WIKE,BRANDON,NICHOLAS,1940-07-03,1940,86,M,B,NL,UNA,NC,VANCE,9028 FULTOZ ST,HENDERSON,27538,9094447469,08/01/2020,A,V0002094
106758_B,XC004513_B,STROUPE,STACY,TAMARA,1962-11-27,1962,64,U,O,NL,REP,NC,CRAVEN,107 CLARK AVE,NEW BERN,28560,,05/04/1980,A,V0006555
107177_B,TE009111_B,SCETT,ANNE,KATHERINE,1981-06-25,1981,45,F,W,NL,UNA,NC,ROWAN,4394 MOUNTAIN VIEW DR,SALISBURY,28147,,04/25/2018,A,V0005663
106437_B,XN000823_B,TEAGUE,PRISCILLA,MARY,1950-08-23,1950,76,U,W,NL,REP,NC,WAKE,1078 S COLLEGE ST,ZEBULON,27597,,04/03/1994,I,V0000555
104423_B,MB004543_B,MOORE,ROBERT,,1932-09-03,1932,94,M,W,UN,UNA,NC,MOORE,4513 ZION CHURCH RD,PINEHURST,28374,9109356267,11/16/1988,A,V0001358
109180_B,TL005750_B,WILLIAMS,TERESA,ALBERTS,1992-08-24,1992,34,F,W,NL,UNA,NC,WILSON,2812 SPRING GARDEN ST,E. CITY,27822,3367397916,11/22/2024,A,V0003569
109504_B,PL007712_B,THOMPSON,DAWN,,1947-07-02,1947,79,F,W,NL,UNA,AL,NEW HANOVER,95 BROAD ST,WILMINGTON,28412,3368251868,06/13/2008,A,V0007503
104908_B,HV009236_B,MORALES,SHANNON,,1985-04-11,1985,41,F,W,NL,DEM,NY,JOHNSTON,3777 ELM ST,CLAYTON,27520,9109057952,10/09/2025,I,V0003573
106775_B,EG007687_B,SMITH,LUCILLE,MEGHAN,,1964,62,F,U,NL,REP,NC,WAKE,355 CHURCH ST,HOLLY SPRINGS,27540,,06/24/2008,A,V0005708
107813_B,YN005901_B,HUGHES,MARY,,1973-01-15,1973,53,F,W,NL,REP,NC,CATAWBA,,HICKORY,28601,,08/16/1991,A,V0004072
108576_B,RG009513_B,MCKNIGHT,KEVIN,LESLIE,1982-04-03,1982,44,M,W,UN,REP,,WAKE,4715 PINE ST,CARY,27511,9107675188,08/25/2023,A,V0008686
100848_B,WH007241_B,BRANCH,BRENDA,MMNICA,1963-01-02,1963,63,F,W,UN,REP,,DURHAM,3817 STATE ST,DURHAM,27701,9106737702,02/09/2018,A,V0007886
104646_B,RH009791_B,JOHNSTON,JULIE,KELLI,1977-07-23,1977,49,F,W,NL,REP,NC,WAKE,4123 MAIN SR,RALEIGH,27616,9105563686,05/25/2010,D,V0000308
103196_B,DZ003395_B,GODFREY,MATTHEW,DONALD,1957-04-23,1957,69,M,W,NL,REP,NC,PASQUOTANK,3706 HARRIS RD,ELIZABETH CITY,27909,,01/14/2026,A,V0001739
105782_B,TN002130_B,TIPTON,PETER,,1996-08-13,1996,30,M,W,NL,UNA,NC,DUPLIN,1876 WILLOAMS ST,PINK HILL,28572,,05/23/2014,R,V0003794
107127_B,TL007033_B,GASKINS,LISA,TRACEY,1954-05-25,1954,72,F,W,UN,REP,TX,HALIFAX,6211 UNIVERSITY CITY BLVD,R. RAPIDS,27870,,08/03/1984,A,V0007024
105810_B,ZZ007147_B,SMITH,CHARLES,CORY,1954-01-20,1954,72,M,W,NL,DEM,NY,ROCKINGHAM,1633 W MAIN ST,STONEVILLE,27048,,09/10/2024,A,V0007162
102488_B,BB000039_B,HUNT,JEFFREY,BRENT,1952-01-07,1952,74,M,W,NL,DEM,FL,RICHMOND,7145 MORNINGSIDE DR,ROCKINGHAM,28379,8475334738,01/27/2000,I,V0003324
109281_B,YB004581_B,MITCHELL,ROBERT,WILLIAM,2004-04-22,2004,22,M,B,NL,DEM,,MECKLENBURG,283 AZALEA DR,CHARLOTTE,28269,,05/26/2022,A,V0006023
103957_B,PD007590_B,GONZALEZ,LINDA,SUSAN,1964-10-26,1964,62,U,W,UN,REP,,MECKLENBURG,3357 S ALSTON AVE,CHARLOTTE,28205,,10/12/2020,A,V0000446
104529_B,WW004322_B,WHITTED,ROY,STEVEN,1983-07-16,1983,43,M,W,NL,REP,NC,WAKE,8815 W MONROE ST,RALEIGH,27616,,03/09/2001,A,V0003341
101424_B,TL001354_B,HICKMAN,JOHN,,1984-04-07,1984,42,M,W,UN,REP,,PITT,222 CAMELOT DR,GREENVILLE,27858,2523957831,03/06/2023,A,V0006074
102998_B,DV006428_B,LOCKHART,BRANDON,,2001-07-28,2001,25,F,O,NL,UNA,NC,MECKLENBURG,125 XEDAR LN,CHARLOTTE,28227,,02/14/2019,A,V0000610
104337_B,RH003899_B,DANCY,JOCELYN,KERI,1987-03-15,1987,39,F,W,UN,REP,NC,MCDOWELL,497 S LASALLE ST,MARION,28752,,05/12/2005,A,V0009494
108902_B,EE005415_B,THOMAS,CANDICE,FMMA,1954-08-12,1954,72,F,B,UN,DEM,DC,DARE,1404 SOUTH BLVD APT 15,BUXTON,27927,,12/13/2025,A,V0001195
105286_B,DB003257_B,BLANTON,ROBERT,ROGER,1940-02-23,1940,86,M,B,NL,DEM,NC,WAKE,,RALEIGH,27613,,03/21/2016,A,V0007316
109877_B,LG004327_B,BASS,JONATHAN,STERLING,1971-11-22,1971,55,U,U,NL,UNA,NC,GUILFORD,3893 JONES ST,GREENSBORO,27408,3377341192,02/13/2018,A,V0002050
102823_B,XT000760_B,MILLER,BONNIE,KELSEY,2004-05-21,2004,22,F,W,UN,UNA,NJ,CHOWAN,19 UNIVERSITY CITY BLVD,EDENTON,27932,8282822646,01/03/2023,A,V0005138
103152_B,WZ001113_B,HUNTER,NICOLE,,1961-02-25,1961,65,F,W,NL,UNA,,MECKLENBURG,266 ROBINWOOD RD LOT 6,CHARLOTTE,28227,,01/16/2003,D,V0002183
101632_B,NK002059_B,PEARSON,DOROTHY,AVA,1975-02-28,1975,51,F,B,UN,UNA,,CABARRUS,72436 FOREST HILL DR,MOUNT PLEASANT,28124,2522286909,09/11/2014,A,V0006955
105684_B,TR009216_B,LANE,JERRY,JAMES,1986-11-05,1986,40,M,W,HL,UNA,NC,WAKE,265 QUEENS RD,RALEIGH,27616,6783319585,08/19/2004,I,V0003503
107329_B,AG006744_B,EDWARDS,ARCHIE,,1968-01-14,1968,58,M,W,NL,UNA,NC,FRANKLIN,1328 CREEK RIDGE RD,FRANKLINTON,27525,,03/10/2008,A,V0002256
101271_B,ZJ004364_B,CALLOWAY,COOPER,,1993-07-13,1993,33,M,W,NL,UNA,,DUPLIN,,MT OLIVE,28365,9196411023,08/14/2020,A,V0000382
109291_B,WE001964_B,MULLIS,TONIA,KRYSTAL,1956-05-23,1956,70,F,W,NL,DEM,NC,GUILFORD,57 RALEIGH ROAD,BROWNS SUMMIT,27214,3364566333,03/14/2024,A,V0004914
106302_B,HW003840_B,GRIFFIN,ALYSSA,SOPHIA,1962-07-02,1962,64,F,W,NL,DEM,NC,WAKE,415 JONES RD,RALEIGH,27615,,07/09/2008,I,V0006647
106846_B,XW000290_B,CRENSHAW,DEAN,BENJAMIN,1943-03-25,1943,83,M,B,UN,UNA,GA,GUILFORD,911 FOREST DR UNIT 1,GREENSBORO,27406,,11/26/2021,A,V0001126
104201_B,AD006220_B,SHEPHERD,TAMARQ,FIERA,1970-11-01,1970,56,F,U,UN,UNA,VA,IREDELL,577 LINCOLN ST,MOORESVILLE,28117,2523874955,06/08/2003,A,V0003210
101083_B,AG006613_B,PATTON,KRISTIN,,1934-05-06,1934,92,U,O,UN,UNA,TX,PERQUIMANS,4771 RIGLS RD,HERTFORD,27944,5712524648,01/02/2011,I,V0005371
107644_B,ZV009160_B,MORGAN,MITCHELL,,2008-06-01,2008,18,F,W,NL,UNA,NC,BERTIE,255 BARRINGTON DRIVE,AULANDER,27805,,12/07/2026,A,V0007453
108824_B,TS000490_B,SANDERS,PATRICK,DAVID,1925-06-15,1925,101,M,W,NL,REP,,MECKLENBURG,1780 PARK RD,HUNTERSVILLE,28078,,07/09/2008,A,V0001908
106993_B,KM002759_B,WHEELER,KARMN,KATHRYN,2004-02-23,2004,22,F,B,NL,UNA,WV,WAKE,1850 WSSU,RALEIGH,27610,,11/07/2022,I,V0005561
109366_B,GC003870_B,STONE,STANLEY,,1960-03-02,1960,66,M,W,NL,REP,NC,ROCKINGHAM,750 MARQET ST,STONEVILLE,27048,,04/24/2022,D,V0005968
101942_B,BG001518_B,MURRAY,TIMOTHY,,1989-02-23,1989,37,M,W,NL,REP,OC,RICHMOND,3499 DEVONSHIRE DR,HAMLET,28345,2529412865,09/23/2024,R,V0001318
100312_B,HV004424_B,GREEN,CHRISGOPHER,SCOTT,1951-08-07,1951,75,M,W,NL,REP,TN,WAKE,2102 HIGHLAND DR,RALEIGH,27610,,08/06/2012,A,V0004447
106117_B,XG007457_B,HERMAN,LOIS,,2007-09-06,2007,19,F,W,NL,UNA,CT,GUILFORD,1745 MCCONNELL RD,GREENSBORO,27407,8287352793,04/02/2025,A,V0006726
105506_B,AV000318_B,REYNOLDS,ROXANNE,CHRISTINA,1948-06-20,1948,78,F,W,UN,UNA,NC,CABARRUS,4079 S MAIN ST APT 35,CONCORD,28027,9107939406,04/13/2020,A,V0004212
109258_B,SE000005_B,ANDERSON,JOHN,,1964-11-14,1964,62,U,W,NL,REP,,CLEVELAND,320 INGWESIDE DR,SHELBY,28152,2527451396,10/18/2020,A,V0000966
102198_B,JA006735_B,STUART,CAROLYN,,1998-03-16,1998,28,F,W,UN,UNA,OC,IREDELL,57 LAWNDAHE DR,STATESVILLE,28677,,04/02/2017,A,V0003301
106085_B,ND005700_B,ROBERTSON,BRIAN,JEFFREY,1981-06-13,1981,45,M,B,NL,DEM,NC,GUILFORD,851 FRANKLIN ST,MCLEANSVILLE,27301,,02/19/1999,R,V0007742
102041_B,LA007507_B,SPENCER,EBONY,MARGAREK,1985-01-16,1985,41,U,W,UN,UNA,OC,PITT,73 PROVIDENCE CHURCH RD,GRIF.,28530,9102610562,05/06/2020,A,V0008201
101194_B,FM002257_B,LEDFORD,WILLIE,JULIA,1971-08-23,1971,55,F,B,NL,UNA,MN,GUILFORD,28 COUNTRH LN,GREENSBORO,27407,,03/04/2020,A,V0009154
104085_B,PG000969_B,ZONZALEZ,WILLIE,DALTON,1991-08-02,1991,35,M,W,NL,DEM,NH,NASH,59663 LINWOOD RD,ROCKY MOUNT,27803,,12/09/2020,A,V0004592
105045_B,LD004884_B,AUSTIN,ERIQKA,NATALIE,1964-04-22,1964,62,F,B,NL,DEM,NC,ALAMANCE,5 SOMERSET DR,BURLINGTON,27215,,12/10/2021,A,V0001542
102250_B,BC002139_B,MINOR,STEVE,,2002-06-22,2002,24,U,O,NL,UNA,,CLAY,9496 WALL ST,HAYESVILLE,28904,,07/20/2020,D,V0007429
108194_B,SY001028_B,AUSTIN,TAMA,,1936-04-12,1936,90,F,W,NL,DEM,FL,GUILFORD,7081 W TREMONT AVE,HIGH POINT,,9103872662,10/19/2025,A,V0002284
109257_B,PV003974_B,ALLISON,SUSAN,COURTNEY,1936-11-06,1936,90,F,W,NL,REP,NC,CHEROKEE,1563 SUNSET AVE,MURPHY,28906,,07/24/1996,A,V0006320
101414_B,PM005446_B,BRYANT,MARY,CYNTHIA,1983-12-23,1983,43,F,U,UN,UNA,NC,CUMBERLAND,3441 BEFFERSON ST,FAYETTEVILLE,28306,,06/03/2001,A,V0000795
100092_B,NA007157_B,MANN,GEORGE,KATHERINE,1974-10-19,1974,52,U,W,NL,REP,NC,MECKLENBURG,6577 AGGIE VILLAGE,CHARLOTTE,28277,,02/02/1996,A,V0004184
104494_B,AE007797_B,SUTHERLAND,LUCAS,JOHN,1970-11-08,1970,56,M,A,NL,UNA,,ROCKINGHAM,45751 N MAIN ST,REID.,27320,,04/10/2020,I,V0000707
105927_B,CT003552_B,RICKS,LARRY,,1965-07-14,1965,61,M,W,NL,REP,AZ,FORSYTH,233 PENINSULA DR,WINSTON SALEM,27104,8286857135,09/13/1990,I,V0002954
106736_B,HA007463_B,TAYLOR,ROBERT,CHAD,1992-03-09,1992,34,M,W,NL,UNA,NC,CUMBERLAND,405 SHARON RD APT 40,SPRING LAKE,28390,7724264887,10/20/2010,D,V0000222
106359_B,TM007028_B,KING,SNOTT,,2003-10-28,2003,23,M,B,NL,DEM,SC,WAKE,1975 S MEBANE ST,CARY,27513,9199496932,01/13/2021,A,V0003880
107484_B,NA000680_B,CLARK,AUDREY,ASHLEY,2003-05-10,2003,23,F,W,NL,REP,OC,GUILFORD,,GREENSBORO,27407,,01/16/2021,A,V0008950
108921_B,CG002595_B,GROSS,WILLIAM,TRISTAN,1968-05-10,1968,58,M,W,NL,REP,OC,DAVIDSON,1183 OLD VINEYARD RD,THOMASVILLE,27360,,11/05/2016,A,V0009320
109205_B,LV009951_B,GREEN,JAMES,ANDREW,1940-01-10,1940,86,M,W,NL,REP,,CARTERET,3674 SUNSET DR,MOREHEAD CITY,28557,9199832994,10/18/2011,A,V0005736
102753_B,CT001182_B,FAULP,KAREN,ALEXIS,1972-07-10,1972,54,F,W,NL,REP,PA,MECKLENBURG,1541 SHARON RD,CHARLOTTE,28277,,09/07/2025,I,V0008204
105660_B,EL004927_B,CHAVIS,ANGELA,THOMAS,1973-10-07,1973,53,U,W,HL,UNA,NC,HALIFAX,4514 BROOKWOOD DR,ROANOKE RAPIDS,27879,9102607202,12/03/2003,A,V0000292
101543_B,ZB003972_B,CRIBB,ANTHONY,,1982-01-18,1982,44,M,B,NL,UNA,,UNION,371 WESTOVER DR,MATTHEWS,,3364001879,05/07/2000,I,V0005086
108066_B,HA003386_B,RICHARDSON,JOCELYN,BRITTANY,1954-03-18,1954,72,F,W,NL,DEM,NC,MACON,338 MAPLE ST,HIGHLANDS,28741,,10/03/2025,A,V0003125
100482_B,EG006876_B,SMITH,KEVIN,,1971-05-24,1971,55,M,B,UN,UNA,MI,WAKE,933 LONGVIEW DR,WAKE FOREST,27587,,05/26/2014,A,V0002226
109198_B,DD007720_B,WHITLEY,CAROL,LINDA,1971-06-21,1971,55,F,W,NL,DEM,NJ,MECKLENBURG,2756 OLD MOUNTAIN RD,CHARLOTTE,,7046849184,12/08/2015,A,V0009203
109151_B,PC001996_B,FRITZ,THOMAS,MYRON,1989-12-13,1989,37,M,B,UN,REP,NY,NASH,7040 CHAPEL HILL RD,ROCKY MOUNT,27801,,06/05/2023,A,V0008880
105995_B,NT006581_B,ROY,VERONICA,MARY,1939-02-04,1939,87,F,W,NL,DEM,NY,WAYNE,543 MEADOW RD,GOLDSBORO,27530,,01/26/2025,A,V0005319
108589_B,RT002193_B,GREEN,LAURA,CAROLINE,1988-01-07,1988,38,F,W,NL,UNA,NC,GASTON,185 PROVIDENCE CHURCH RD,BESSEMER CITY,28016,3365224887,03/12/2024,A,V0007443
105219_B,FT003631_B,HERNANDEZ,MEREDITH,,1961-03-23,1961,65,F,O,NL,UNA,,MECKLENBURG,141 GUESS RD,CHARLOTTE,28265,,02/11/2023,A,V0001207
103151_B,KD006612_B,STEPHENS,WESLEY,GRADY,1958-06-22,1958,68,M,W,NL,REP,FL,JOHNSTON,886 WALKER AVE,CLAYTON,27522,9197606162,01/22/2000,A,V0002075
102897_B,CV008276_B,OVERCASH,BLAKE,,2006-03-28,2006,20,M,W,NL,REP,NC,GASTON,52433 OAKWOOD DR,GASTONIA,28058,,05/10/2024,A,V0005583
102825_B,AM003328_B,BARKLEY,LINDA,ARIANA,1998-07-04,1998,28,F,B,UN,DEM,NC,ALAMANCE,167 COUNTRYSIDE DR,BURLINGTON,27215,8288168664,12/23/2020,A,V0005075
105095_B,NW005405_B,HUDSON,CHRIS,KENNETH,1929-02-19,1929,97,M,W,NL,UNA,MN,NEW HANOVER,1304 FOREST OAKS DR,WILMINGTON,28403,7608037799,11/18/2020,A,V0002212
105267_B,ZS007141_B,PALMER,ARTHUR,,1961-08-10,1961,65,M,B,UN,DEM,NY,WAKE,135 A ST,RALEIGH,,,10/15/2014,A,V0005446
105724_B,PP001856_B,DICKENS,JOHN,JEREMY,1962-11-08,1962,64,M,W,NL,REP,SC,WAKE,,RALEIGH,27610,9195702784,12/21/2011,A,V0009231
109807_B,CT001725_B,EMERSON,DOHGLAS,,1975-09-15,1975,51,M,W,NL,UNA,NC,GASTON,2 DOGWOSD DR,DALLAS,28034,,05/09/2012,A,V0006756
104128_B,YW002241_B,WATERS,JULIE,MARCUS,1994-03-22,1994,32,U,W,NL,UNA,NC,GRANVILLE,3713 GORDON RD,OXFORD,27565,,07/17/2012,A,V0008078
107392_B,LA003329_B,ERVIN,GEORGE,,1977-02-20,1977,49,M,B,NL,DEM,NC,GUILFORD,948 ROCKFISH RD APT 28,GREENSBORO,27401,9104933483,08/21/2021,I,V0004885
101124_B,XE005031_B,JACOBSON,VICKI,LIIA,1993-04-22,1993,33,F,B,UN,UNA,NC,MACON,25 WESTMINSTER DR,HIGHLANDS,28741,2526956259,04/12/2011,A,V0000252
101578_B,DA005316_B,COOPER,ALISON,,1940-12-24,1940,86,F,W,UN,REP,OH,CLEVELAND,22 WALKER RD,SHELBY,28152,2527844140,11/06/2013,I,V0004701
107604_B,SY001092_B,FERNANDEZ,DESTINY,,1957-04-04,1957,69,F,W,UN,REP,OH,GASTON,356 FOREST HILL DR,BELMONT,28016,,06/03/2006,A,V0009301
108091_B,DS004171_B,ROYSTER,MEGAN,,2001-09-02,2001,25,F,O,NL,REP,NY,ONSLOW,185 BETHLEHEM RD,SNEADS FERRY,28460,,11/28/2019,A,V0002941
101289_B,SA008643_B,TURNER,EDGQR,,1962-11-08,1962,64,M,B,NL,DEM,,WAKE,975 FAYETTEVILLE RD,RALEIGH,27610,8288884323,10/28/2020,A,V0003186
100764_B,DC009016_B,WEBSTER,HAYDEN,JOHN,1989-12-27,1989,37,M,B,NL,REP,CA,CABARRUS,770 BRENTWOOD DR,KANNAPOLIS,28081,5138096455,01/16/2007,A,V0000573
102703_B,GN003441_B,TURNER,NANCY,,1925-08-25,1925,101,F,W,NL,REP,OC,BUNCOMBE,,CANDLER,28715,9198152538,04/13/2025,A,V0002549
102964_B,XP002912_B,DAVIDSON,LORENZO,SHIRLEY,1967-03-02,1967,59,U,U,UN,DEM,FL,DURHAM,190 FARRINGTON RD,DURH.,27701,,07/13/2022,R,V0005280
101069_B,MY008173_B,UTLEY,JOSEPH,STEVEN,1945-05-06,1945,81,M,W,UN,LIB,,IREDELL,95 CENTRAL DR,STATESVILLE,28677,7044775466,02/05/2013,A,V0003223
105270_B,XC000758_B,JARVIS,CAROLYN,ELIZABETH,2008-12-22,2008,18,F,W,NL,UNA,GA,BEAUFORT,30156 MARTIN LUTHER KING JR DR,WASH.,27889,,09/02/2026,R,V0002733
104004_B,PN004848_B,LUNG,KERI,,1950-01-18,1950,76,F,B,NL,UNA,NC,MECKLENBURG,258 OBERLIN RD,CHARLOTTE,28215,,12/02/2018,A,V0007926
106910_B,BN002167_B,WARD,LINDA,COURTNEY,1948-06-01,1948,78,F,W,NL,REP,NC,FORSYTH,25139 WRIGHT RD,KERNERSVILLE,27284,9194592488,12/15/2015,I,V0009378
100672_B,ZS002220_B,WOOLARD,CAROLYN,MARY,1970-11-27,1970,56,F,W,UN,UNA,TX,CUMBERLAND,9417 WESTCFESTER DR,SPRING LAKE,28394,,01/17/1988,A,V0004985
105149_B,TE007999_B,GUNTER,XUDITH,FRANCES,1961-09-28,1961,65,F,B,NL,DEM,NC,ROWAN,127 WALTON DR UNIT 24,SALISBURY,28146,,02/14/2024,A,V0004483
105738_B,VB002838_B,MITCHELL,ANN,,1979-05-26,1979,47,F,W,NL,DEM,NY,ROWAN,6761 PINE ST,SALISBURY,28144,,07/06/2020,A,V0001005
106672_B,DF002005_B,HOFFPAN,CLARA,LISA,1983-02-15,1983,43,F,W,NL,REP,OC,DURHAM,1924 MARTIN LUTHER KING JR BLVD,DURHAM,27705,,11/24/2001,A,V0004654
103948_B,CJ007490_B,TERRY,EDWARD,JOSEPH,1998-05-20,1998,28,M,W,NL,REP,NC,RUTHERFORD,682 MOUNTAIN VIEW RD,FOREST CITY,28043,9108832281,01/18/2023,R,V0008262
108174_B,SK005256_B,MCNAIR,JOSHUA,BRIAN,2005-08-03,2005,21,M,B,NL,UNA,IN,FORSYTH,237 DAVIS ST,WINSTON SALEM,27127,4072585805,08/23/2023,A,V0006777
103885_B,GX006669_B,CANTRELL,MATTHLW,BRIAN,1957-09-05,1957,69,M,W,UN,UNA,MD,JOHNSTON,373 OBERLIN RD,kenly,27542,,04/04/2013,D,V0000517
109006_B,SB006246_B,BROWN,BRUCE,JEFFREY,1991-06-16,1991,35,M,W,UN,REP,NY,WAKE,776 W WILSON ST,KNIGHTDALE,27545,4235701002,12/20/2009,A,V0005425
102270_B,AV000970_B,COOLEY,JOHN,OSCAR,2000-03-28,2000,26,M,B,HL,DEM,NC,HENDERSON,112 SADDLEBROOK DR,FLAT ROCK,28731,,03/05/2018,A,V0009248
100772_B,CS003054_B,DUPREE,KADEN,KEVIN,1958-02-09,1958,68,M,W,UN,UNA,NC,MCDOWELL,4732 LONGVIJW DR,MARION,28758,9108462371,12/11/1994,A,V0004162
108957_B,AS008645_B,FOXX,JOSEPH,JESSE,1948-10-19,1948,78,M,W,NL,REP,MA,YADKIN,1615 DOGWOOD LN,YADKINVILLE,27055,2522263692,12/28/2000,I,V0003226
104903_B,BP004919_B,CARSON,KELSEY,HEIDI,1975-10-20,1975,51,F,W,NL,REP,VA,VANCE,,HENDERSON,27537,9106214499,06/08/1993,I,V0003914
107563_B,YD004182_B,LEWIS,CHRISTOPHER,,1947-06-20,1947,79,M,W,NL,REP,NC,PASQUOTANK,465 FOREST DR,ELIZABETH CITY,27909,9198275053,08/16/1998,A,V0005432
108619_B,TD003189_B,NELSON,DYLAN,SCOTT,1998-04-18,1998,28,M,B,UN,DEM,NC,GUILFORD,5056 LAKESHORE DR,GIBSONVILLE,27249,9106457758,02/09/2018,A,V0008547
105643_B,SE001374_B,LITTLE,JEFFERY,,1962-10-01,1962,64,M,W,NL,REP,FL,MOORE,567 W MAIN ST,PINEHURST,28374,,09/13/2024,R,V0006185
100056_B,BK002722_B,TUCKER,ANGELA,,1978-10-29,1978,48,F,B,UN,DEM,NC,MECKLENBURG,9353 WALKER AVE,CHAR.,28269,7048351228,08/21/1998,A,V0007327
105530_B,KP005394_B,WHITTED,WENDELL,,1990-06-17,1990,36,M,W,UN,REP,CA,CLAY,2232 WRIGHTSVILLE AVE,HAYESVILLE,28904,,10/25/2008,A,V0002642
100466_B,LN008859_B,SYTTON,DENISE,,1966-02-05,1966,60,F,W,NL,DEM,NC,BERTIE,287 ROBINWOOD RD,COLE.,27924,9193722634,09/16/2024,A,V0003571
107285_B,PZ008923_B,OWEN,TAMIKA,KATRINA,1968-06-27,1968,58,F,U,NL,REP,MD,DURHAM,3037 PISGAH CHURCH ROAD,DURH.,27704,,09/26/2018,A,V0005844
101799_B,YX006555_B,MARTIN,MIA,,1997-09-22,1997,29,U,W,NL,DEM,NY,CUMBERLAND,22871 CHURCH RD APT 23,FAYETTEVILLE,28311,,07/22/2024,D,V0008652
102514_B,RM008414_B,KIRK,SAMANTHA,MELANIE,1936-01-04,1936,90,F,W,UN,REP,NC,FORSYTH,108 ROGERS ROAD,WINSTON SALEM,27127,,11/12/2019,A,V0006526
108981_B,VZ000781_B,BASS,JOAN,NATOLIE,1976-03-01,1976,50,F,W,UN,REP,NC,PENDER,682 LAKESHORE DR,SURF CITY,28445,3025309631,05/07/2021,A,V0001714
108708_B,TF001985_B,STEPHENS,FELICIA,,1973-09-02,1973,53,F,W,UN,REP,NC,WAKE,70 N MAIN ST,RALEIGH,27610,,06/06/2023,A,V0000416
104293_B,NP006007_B,LOPEZ,RICHARD,,1973-01-11,1973,53,M,B,NL,DEM,NC,CUMBERLAND,6571 RIDGE RD,FAYETTEVILLE,28303,,10/17/2021,A,V0005321
108195_B,AB004926_B,EDWARDS,RUTH,,1972-08-13,1972,54,F,W,NL,DEM,FL,PITT,207 TSYLOR ST,GREENVILLE,27834,,08/02/2007,A,V0005527
106792_B,VW004777_B,WILSON,JOHAJNA,GABRIDLLE,2004-02-01,2004,22,F,B,UN,UNA,MI,ROCKINGHAM,1582 A ST,REIDSVILLE,27320,9104122131,08/27/2022,A,V0009481
106083_B,WC002802_B,WILLIAMS,JOSEPH,SAMUEL,1949-07-27,1949,77,M,B,NL,UNA,,WAKE,6484 EAST ST,KNIGHTDALE,27545,,01/13/2021,A,V0007423
100126_B,SK000838_B,JACOBS,ROGER,,1957-09-19,1957,69,M,A,NL,UNA,GA,MECKLENBURG,2598 NC 87,MATTHEWS,28108,,05/02/2024,A,V0002564
108973_B,CN001313_B,THORPE,ALEJANDRO,PEYTON,2001-01-19,2001,25,M,W,NL,DEM,,JOHNSTON,3117 MAPLE ST,SELMA,27576,9372871070,05/15/2019,A,V0003613
100876_B,NR006507_B,MOORE,ANTHONY,RANDALL,1957-12-02,1957,69,F,W,UN,REP,,FORSYTH,145 RED HILL RD,TOBACCOVILLE,27050,,07/02/2016,A,V0003590
105049_B,PZ008813_B,JONES,ROBERT,,1972-09-04,1972,54,M,W,NL,REP,NC,BRUNSWICK,5653 SMITH RD,LELAND,28451,2524935396,11/10/2021,A,V0006795
103002_B,RE006661_B,BARTLETT,BERNICE,DENISE,1997-08-16,1997,29,U,B,NL,UNA,OC,ROWAN,2961 CHAPEL HILL RD LOT 31,ROCK.,28138,,01/02/2015,A,V0005365
107226_B,VX009792_B,DUCKWORTH,MICHAEL,DERRICK,1958-03-07,1958,68,M,U,NL,UNA,MD,MECKLENBURG,2266 SUNSET DR,MATTHEWS,28105,,08/19/1987,A,V0009337
104141_B,VY006833_B,ELLDS,MICHAEL,,1942-07-10,1942,84,M,W,NL,UNA,OH,CHATHAM,,CHAPEL HILL,27516,4043805354,03/27/2002,I,V0008294
107556_B,RZ000202_B,ROSA,WILLIAM,,1980-10-17,1980,46,M,B,HL,UNA,NC,RANDOLPH,8550 S LASALLE ST,RANDLEMAN,27317,6098496620,06/23/2021,R,V0000862
109342_B,SV004982_B,COBLEY,KATHEHINE,SARAH,1987-07-13,1987,39,F,O,HL,UNA,WV,GUILFORD,146 PENINSULA DR,OAK RIDGE,27310,,02/21/2025,I,V0006112
102495_B,KG006975_B,LANE,PAMELA,,1938-03-19,1938,88,F,W,UN,DEM,NC,IREDELL,244 RIDGECREST DR,STAT.,28625,,04/13/2016,A,V0008785
103701_B,TE000519_B,JONES,JASON,,1942-11-11,1942,84,U,W,NL,UNA,TX,WAKE,398 E CORNWALLIS ROAD,WAKE FOREST,27587,,01/07/2009,R,V0002998
109552_B,SD006494_B,RANDOLPH,JERRY,ZACHARIAH,1956-04-01,1956,70,M,B,NL,DEM,NC,DAVIDSON,416 SHAMROCK DR,LINWOOD,27291,,03/08/2020,R,V0004474
101236_B,BW002568_B,STEKES,OCTAVIA,AUDREY,2001-06-06,2001,25,F,B,UN,UNA,NY,IREDELL,1450 HARDING PL,MOORESVILLE,28112,,03/26/2022,A,V0006501
107504_B,FY007620_B,MILLS,AMBER,ELIZABETH,2006-02-06,2006,20,F,U,UN,UNA,,MARTIN,387 CLARK AVE,WILLIAMSTON,27892,,06/03/2024,I,V0003086
100066_B,NP004965_B,HUNTER,NINA,CAROLYN,2006-03-11,2006,20,F,B,NL,DEM,NC,FORSYTH,2567 FULTON ST,KERN.,27284,,03/27/2024,D,V0002371
102182_B,XX001116_B,HAND,DWIGHT,HERBERT,1964-03-01,1964,62,M,B,UN,UNA,NJ,CABARRUS,322 CHAPEL DR,MOUNT PLEASANT,28124,,05/16/2015,A,V0008984
109568_B,PC000835_B,POOLE,PHILLIP,GRACE,2000-11-18,2000,26,U,U,NL,REP,NC,WAKE,2058 E BROOKLYN VILLAGE AVE,WENDELL,27591,2527332859,11/21/2018,R,V0003091
104771_B,VL006490_B,LEBLANC,CAMERON,SCOTT,1969-08-09,1969,57,U,W,UN,REP,,LEE,374 CHURCH ST,SANF.,27330,9194243412,08/11/2004,A,V0005428
108425_B,WX002765_B,WHITESIDE,FAITH,BRITTANY,2001-05-28,2001,25,F,W,UN,UNA,NC,WAKE,432 HENRY ST,RALEIGH,27616,,12/12/2021,I,V0005200
102869_B,TN005026_B,BEAM,RUTH,CRYSTBL,1974-09-02,1974,52,F,W,NL,UNA,NY,ROCKINGHAM,1971 PLEASANT DR,REIDSVILLE,27320,,03/08/2020,A,V0003389
109179_B,RF001676_B,MORGAN,STEVEN,,1992-10-17,1992,34,M,W,UN,DEM,NC,ORANGE,,HILLSBOROUGH,27278,,05/21/2010,A,V0008402
102169_B,NV000235_B,BALL,COLLEEN,,2005-05-13,2005,21,F,U,NL,REP,NC,MECKLENBURG,3119 LAKEWOOD DR,MATTHEWS,28105,7432457112,11/13/2023,R,V0000315
108756_B,PA007650_B,MILLER,PAULA,ALLISON,2001-01-14,2001,25,F,U,HL,UNA,MA,GUILFORD,1834 S MAIN ST,GREENSBORO,27401,,11/23/2026,A,V0000554
100744_B,AY000483_B,KILKLAND,RONALD,LEON,1962-11-14,1962,64,M,W,NL,UNA,NC,IREDELL,269 W TREMONT AVE,MOORESVILLE,28117,3143902981,07/10/2012,A,V0001579
108013_B,VT003912_B,WILSON,CHRISTINE,,1957-09-17,1957,69,F,W,NL,DEM,,ROWAN,81770 CENTRAL AVE,KANNAPOLIS,28083,,06/06/1988,A,V0007735
102918_B,FT005748_B,CONKLIN,CARLOS,,2003-01-03,2003,23,M,W,NL,UNA,MD,CASWELL,303 HOWARD STREET,PROSPECT HILL,27314,4432381893,10/27/2021,R,V0007413
104648_B,CN006686_B,LOCKLEAR,PATRICK,JOE,1990-10-28,1990,36,F,O,UN,REP,OC,WAKE,165 PINE ST,F. VARINA,27526,,04/20/2020,A,V0006820
102179_B,ES006583_B,BALLARD,KAITLYN,PAMELA,1965-03-09,1965,61,F,W,HL,UNA,NC,CATAWBA,23 FAYETTEVILLE ST,HICKORY,28602,,09/14/2013,A,V0006428
107049_B,GW005061_B,CHURCH,DOMINIC,,1984-12-17,1984,42,M,B,NL,DEM,NJ,DAVIDSON,889 CHAPEL DR,LEXINGTON,27295,3364473320,08/25/2018,A,V0002199
103195_B,PP003557_B,ALLMAN,ZIOS,WILLIAM,1997-04-06,1997,29,M,W,UN,UNA,GA,DURHAM,8483 LAKESHORE DR,DURHAM,27707,,11/15/2015,A,V0003381
102634_B,NX003399_B,PARKS,DANREL,ZACHARY,1991-05-07,1991,35,M,U,NL,UNA,MA,MECKLENBURG,227 E MAIN ST,CHARLOTTE,28215,9107182606,02/17/2011,A,V0004419
109047_B,AN006195_B,RUSSELL,JENNIFER,MARFA,2008-09-28,2008,18,F,W,UN,REP,NC,MECKLENBURG,373 SCHOOL ST,CORNELIUS,28031,7046025344,04/12/2026,A,V0004633
106183_B,CS007718_B,BOWSEP,LETI,,1995-10-14,1995,31,M,U,NL,UNA,NC,NEW HANOVER,4258 INDIAN TRL,WILMINGTON,28406,,04/16/2013,R,V0009306
103627_B,CT007247_B,ISLEY,MEREDITH,NALALIE,1989-08-23,1989,37,F,W,UN,UNA,FL,GUILFORD,2861 KELLY RD LOT 40,COLF.,27231,,06/28/2016,R,V0008976
102125_B,SX008635_B,WILLIAMS,KATHERINE,,1963-12-02,1963,63,F,W,NL,REP,,UNION,2468 FERNWOOD DR,WAXHAW,28173,,07/14/2021,A,V0006298
101723_B,ZG002395_B,HUNTLEY,JAMES,JOEL,1981-07-15,1981,45,M,W,UN,UNA,NC,JACKSON,363 LEE ST,TUCKASEGEE,28780,,04/02/2016,A,V0003778
106216_B,YX005809_B,CRAIG,VICKIE,,1954-12-11,1954,72,F,W,UN,UNA,,MECKLENBURG,,CHARLOTTE,28216,,06/06/2026,A,V0006384
104119_B,NB004168_B,WINCHESTER,DONALD,,1930-01-07,1930,96,M,W,UN,UNA,NY,WAKE,182 CEDAR ST,MORRISVILLE,27560,,08/09/1996,A,V0003446
105867_B,BK000620_B,AUSTIN,ROBERT,,1960-01-10,1960,66,M,B,UN,DEM,NC,WAKE,3599 FAIRVIEW RD,WENDELL,27591,9738573601,10/13/2002,A,V0007699
101991_B,WM009249_B,MOORE,AMY,BAILEY,1949-08-11,1949,77,F,W,NL,REP,KY,FORSYTH,266 SOUTH BLVD UNIT 11,WALKERTOWN,27051,,06/18/2020,A,V0004788
101966_B,PS005735_B,CLARK,JOY,FAITH,1958-06-20,1958,68,F,W,NL,REP,CA,NEW HANOVER,344 UNIVERSITY CITY BLVD,WILMINGTON,,,04/16/2021,A,V0001844
106834_B,MG003873_B,SCOTT,AUDREY,,1994-03-26,1994,32,F,O,NL,UNA,NC,JOHNSTON,1220 WESLEY DR,CLAYTON,27520,9199453425,11/16/2012,A,V0004671
105432_B,PT009848_B,FITCH,MICHAML,JAMES,1983-04-20,1983,43,M,W,UN,UNA,,EDGECOMBE,5490 NORTH OT,ROCKY MOUNT,27804,,02/26/2018,R,V0003084
105339_B,PT000750_B,WARREN,JENNIFER,LKURA,1990-06-30,1990,36,F,W,NL,REP,NC,CATAWBA,85 AVENT FERRY RD,VALE,28168,,05/13/2008,A,V0002712
105356_B,ZD002176_B,ONEAL,GEORGE,,2001-11-27,2001,25,U,U,UN,DEM,MI,MECKLENBURG,2711 ROBINSON RD,CHARLOTTE,28277,,09/11/2024,A,V0008522
104360_B,VY005076_B,BELL,DEBORAH,DARLA,1963-06-11,1963,63,F,W,NL,DEM,NC,MOORE,208 HILLCREST DR,CAMERON,28326,,01/12/2016,A,V0006179
103887_B,WB008384_B,SUHLIVAN,MICHAEL,DANICL,1994-10-08,1994,32,M,U,UN,DEM,NY,CABARRUS,1749 YARK AVE,CONCORD,,,04/17/2012,A,V0008342
108923_B,BG000175_B,BALDWIN,LINDA,,1955-11-26,1955,71,F,U,NL,UNA,MI,ONSLOW,1802 WILLIAMS RD,JACKSONVILLE,28546,5185110965,06/18/2024,R,V0002865
101237_B,KL002424_B,MASTERS,MARY,,1989-10-21,1989,37,U,U,HL,UNA,,FORSYTH,155 OVERLOOK DR,W. SALEM,27127,5168199304,05/09/2019,A,V0008813
100029_B,WH005842_B,ELLIS,SUZANNE,,2007-01-03,2007,19,F,W,NL,UNA,NC,ALEXANDER,579 RIGGS RD,TAYLORSVILLE,28681,,03/16/2025,A,V0003865
109738_B,DW002731_B,SULLIVAN,JUDITH,,1990-12-02,1990,36,F,W,UN,DEM,PA,WAKE,,RALEIGH,27610,,11/25/2016,R,V0006456
104405_B,NL006774_B,LANE,CAROL,NICOLE,,1983,43,F,W,NL,DEM,OK,WAYNE,,PIKEVILLE,27863,9107413364,05/25/2001,R,V0000850
100773_B,KC002259_B,SMITH,JOYCE,,1997-06-05,1997,29,F,U,NL,UNA,CA,WAKE,,CARY,27519,,01/26/2026,I,V0002136
100561_B,KR001632_B,PIERCE,NANCY,,1976-11-23,1976,50,F,W,NL,UNA,NC,PITT,3265 WHETE PINE DR,GREE.,27858,3368514893,12/10/2024,A,V0004891
107595_B,LL008755_B,ZIMMERMAN,RUTH,,1957-03-25,1957,69,F,W,UN,UNA,IL,ROWAN,5898 CREEK RIDGE RD,GRANITE QUARRY,28072,,10/01/2018,A,V0003460
109295_B,VS008511_B,HAMMOND,DANA,ELIZABETH,1989-11-28,1989,37,F,B,NL,UNA,,NASH,1946 BOSTIC DR,R. MOUNT,27806,8289543593,10/13/2013,R,V0004513
107288_B,FS006699_B,BRAGG,RAFAEL,COREY,1927-11-13,1927,99,M,W,UN,REP,GA,PITT,53 PINE RIDGE RD,GREENVILLE,27858,,11/05/2004,A,V0003277
102340_B,VL005997_B,CURTIS,JESSICA,LILLIAN,1986-03-04,1986,40,F,B,UN,DEM,,PENDER,875 KING RV,ROCKY POINT,28457,,05/26/2019,A,V0003740
102929_B,AY005267_B,JENKINS,DEBORAH,,1965-04-25,1965,61,F,W,UN,REP,UT,BRUNSWICK,71 FAYETTEVILLE ST,CAROLINA SHORES,28467,,05/27/2023,A,V0003933
105276_B,PL009192_B,WILLIAMS,JOYCE,,1992-06-03,1992,34,F,W,UN,UNA,NC,CRAVEN,3757 YORKSHIRE DR,HAVELOCK,28533,,05/04/2024,A,V0001510
109293_B,SX000611_B,KOONTZ,JANE,,2001-06-25,2001,25,F,B,UN,DEM,,CUMBERLAND,232 W FOURTH ST,FAYE.,28304,,06/23/2026,A,V0007676
101830_B,PZ003496_B,KNOWIES,TAMI,KRISTIN,1952-06-08,1952,74,F,W,NL,UNA,NC,MADISON,870 WALKER RD,MARSHALL,28753,7047440576,10/21/2024,A,V0003080
100556_B,SK006158_B,BAKER,JULIET,PAMELA,1959-07-05,1959,67,F,B,NL,DEM,,ROCKINGHAM,978 OAK ST,EDEN,27288,,05/04/2022,I,V0001638
100823_B,DJ003586_B,O'NEAL,JOYCE,,2008-03-15,2008,18,F,W,NL,UNA,MI,SAMPSON,1084 COLLEGE ST,SALEMBURG,28385,,12/25/2026,A,V0004300
108730_B,NX000325_B,SMUTH,TERRI,,1945-11-08,1945,81,F,W,UN,REP,NC,WAKE,217 LEES CHAPEL RD,WAKE FOREST,27587,,03/05/2000,A,V0008624
104967_B,DN001078_B,CROWELL,ISABELLA,,1948-08-21,1948,78,F,U,NL,UNA,AK,PENDER,377 HEWITT ST,ROCKY POINT,28457,3362952492,08/23/2004,A,V0009473
100562_B,KS005536_B,FKYNN,PETER,,1990-10-19,1990,36,F,W,NL,UNA,NJ,NASH,3068 N MAIN ST,R. MOUNT,27804,2529086864,05/03/2020,A,V0008032
102673_B,TA004346_B,EDWARDS,SMRAH,,,1985,41,F,W,NL,DEM,NC,CLEVELAND,3821 JOHNSON RD,KINGS MOUNTAIN,28086,,02/10/2003,D,V0000970
104278_B,HM006895_B,ANDERSON,BRIAN,CHARLES,1955-12-23,1955,71,M,B,UN,UNA,NC,CHATHAM,1313 SCHOOL ST LOT 10,SILER CITY,,,10/01/2020,A,V0002355
107777_B,EK002237_B,CAMERON,BRYAN,BRENT,1975-02-27,1975,51,M,W,UN,REP,NJ,WAKE,240 SPRING ST,RALEIGH,27604,,09/21/1995,A,V0006232
109396_B,AG007177_B,MOFFITT,DONNA,PATRFCIA,1974-03-02,1974,52,F,U,NL,REP,NC,WAKE,1416 OAKDALE RD,RALEIGH,27603,,07/19/2023,I,V0003579
107865_B,FM002453_B,CREECH,DEBORAH,,1956-10-21,1956,70,F,W,NL,REP,NC,PAMLICO,43 OLD CHAPEL HILL RD,ORIENTAL,28571,,02/10/2024,R,V0003458
100403_B,MZ001071_B,LOCKAMY,MAKAYLA,MIRANDA,1969-12-28,1969,57,F,O,NL,UNA,NJ,CUMBERLAND,4703 STRATFORD DR,FAYETTEVILLE,28314,,05/15/2016,A,V0008699
101601_B,TM001619_B,KNIGHT,CHERYL,BOBBHE,1995-10-26,1995,31,F,W,NL,REP,NY,ONSLOW,396 CEDAR CREEK RD,CAMP LEJEUNE,28547,,07/21/2024,R,V0007293
102313_B,NP008776_B,NEWKIRK,HAILEY,ANITA,2004-10-06,2004,22,F,W,NL,UNA,VA,CASWELL,7 WOODLAND DR,PROSPECT HILL,27314,,06/28/2022,A,V0004358
101420_B,BR001189_B,HARDEN,REBECCA,MARLENL,1970-05-25,1970,56,F,W,NL,DEM,NC,IREDELL,1747 SELWYN AVE UNIT 34,STATESVILLE,28625,9107676381,12/17/2026,A,V0007719
104204_B,HH000376_B,TUCK,LISA,,1956-01-28,1956,70,F,U,NL,DEM,MD,NEW HANOVER,1509 W 5TH ST,WILMINGTON,28403,8285579413,01/26/2020,A,V0008160
100216_B,JN007138_B,ROBERTS,ABIGAIL,,1998-06-09,1998,28,F,I,NL,UNA,NC,ONSLOW,3605 WEEKSVILLE RD,JACKSONVILLE,28540,,05/24/2016,A,V0006114
107408_B,DN004310_B,MORGAN,AALIYAH,,1996-04-14,1996,30,U,O,UN,UNA,MS,MECKLENBURG,4459 OAK GROVE CHURCH RD,CHARLOTTE,28269,3364616368,11/08/2016,A,V0005195
102498_B,PH008529_B,BAIN,TAYLOR,,1948-06-25,1948,78,U,W,NL,UNA,NC,CUMBERLAND,9173 UNION ST,FAYETTEVILLE,28303,8286264056,05/14/2010,R,V0001374
103961_B,YZ000012_B,ENGLAND,ALAN,BRYAN,,1942,84,U,B,NL,DEM,OC,ROWAN,1881 OAK ST,CHINA GROVE,28023,,08/05/2002,A,V0001634
100631_B,YK004544_B,WGLLIAMS,JEREMY,CHRISTIAN,1959-12-10,1959,67,M,W,UN,UNA,,ROCKINGHAM,2103 ROBERTS RD,EDEN,27288,,02/15/1993,A,V0005767
109566_B,GM000061_B,WAOTEN,DOROTHY,AMANDA,1989-10-15,1989,37,U,W,NL,REP,,BURKE,,MORGANTON,28655,2528829696,11/13/2019,A,V0001140
106603_B,SD004287_B,CHANDLER,JOHN,MAXWELL,1970-05-07,1970,56,M,U,NL,UNA,OR,RICHMOND,693 FARMINGTON DRIVE,ELLERBE,28338,,06/04/2010,I,V0000989
109636_B,DF003335_B,MARSH,DWAYNE,FREDERICK,2002-05-23,2002,24,M,W,NL,UNA,CA,CATAWBA,,CATA.,28609,,06/03/2020,A,V0000520
102385_B,BJ006672_B,JOHNSON,DEBRA,,1981-10-09,1981,45,U,W,UN,UNA,DC,CATAWBA,1723 N ANN ST,HICKORY,28605,,08/15/2016,D,V0008244
101288_B,RT009253_B,DWVIS,JEAN,,1969-05-15,1969,57,F,A,NL,UNA,VA,DURHAM,96303 E CORNWALLIS RD,DURHAM,27707,9365901306,01/23/2023,R,V0001317
107176_B,DM004900_B,BARBER,CHARLIS,,1989-03-09,1989,37,M,B,NL,DEM,PA,ONSLOW,61168 E CORNWALLIS ROAD,JACKSONVILLE,28546,,05/14/2024,A,V0006953
107367_B,ZN003077_B,HORTON,MEGAN,WANDA,1974-05-09,1974,52,F,U,UN,UNA,NC,FORSYTH,80990 WILLARD ST,WINSTON SALEM,27105,,05/20/2025,A,V0003567
103335_B,WR004808_B,LACY,KIM,SOPHIA,1994-09-16,1994,32,F,W,NL,UNA,NC,JOHNSTON,1098 ROLLINGWOOD DR LOT 40,BENSON,27504,,05/13/2012,R,V0002753
105330_B,GA002330_B,CUMMINGS,KEITH,BILLY,1981-08-17,1981,45,M,W,UN,REP,VA,WAKE,422 MAGNOLIA DR,APEX,27502,,03/04/2016,A,V0001031
104911_B,LZ002822_B,PRESNELL,KRISTIN,JOANNA,1973-07-06,1973,53,F,W,NL,DEM,NC,MECKLENBURG,485 FORRST RD,CHARLOTTE,28205,3364327499,07/06/2018,A,V0004856
100113_B,HA003813_B,BROWN,JXNINE,,1980-07-23,1980,46,F,W,NL,REP,MA,GUILFORD,887 ROGERS RD,GREENSBORO,27410,,08/11/2004,R,V0000965
105526_B,ER000494_B,DOOLEY,MARVIN,MICHAEL,1992-03-14,1992,34,M,W,NL,REP,NC,GUILFORD,544 SPRING GARCEN ST,GREENSBORO,27410,,03/06/2023,D,V0008980
100981_B,JM002935_B,THOMPSON,JENNIFER,ARIANNA,1980-10-10,1980,46,F,U,UN,UNA,VA,CUMBERLAND,136 W MONROE ST,FAYETTEVILLE,28318,,03/05/2025,A,V0000534
100901_B,WP002090_B,PRICE,DELORES,DANIELLE,1930-11-16,1930,96,U,B,NL,DEM,VA,HAYWOOD,2234 W FIRST ST,CANTON,28716,,03/16/1963,A,V0004700
101340_B,RK003285_B,LEWIS,CAROLYN,SHERRI,1956-05-06,1956,70,M,W,NL,REP,NC,PENDER,3719 CEDAR ST,HAMPSTEAD,28443,,08/16/2002,A,V0001768
100937_B,AB009891_B,LOCKLEAR,JEJNIFER,CHARLES,,1996,30,U,W,NL,UNA,NC,HARNETT,3065 NEW HOPE RD,LILLINGTON,27546,,03/21/2014,R,V0002819
105543_B,WK006562_B,WOLV,MATTHEW,STEPHANIE,1972-04-07,1972,54,U,U,UN,DEM,VT,CUMBERLAND,2883 SMITH ST,HOPE MILLS,28348,9109468727,06/12/1990,A,V0008064
106635_B,BL008652_B,WHITE,MOSES,ANGELO,1997-04-04,1997,29,M,U,NL,DEM,NC,MECKLENBURG,273 PATTERSON RD,CHARLOTTE,28277,8288365806,09/18/2015,A,V0005692
104064_B,YB008067_B,EAY,JAMES,ANDRDW,1990-05-07,1990,36,M,B,NL,DEM,NC,UNION,,MONROE,28112,7046120782,05/02/2016,A,V0003841
107282_B,YA001144_B,BENNETT,SYLVIA,ROBIN,1988-01-01,1988,38,F,W,NL,REP,NC,GASTON,92165 MAPLE ST,BELMONT,28016,,05/17/2022,A,V0008137
105939_B,EF009310_B,LEWIS,LAUREN,CLAIRE,1975-08-17,1975,51,F,B,UN,UNA,PA,WAKE,443 WESTCHESTER DR,CARY,27518,8282475051,12/12/2009,A,V0003143
100193_B,MF002564_B,ANDERSON,CARLA,EMILY,2002-01-13,2002,24,U,W,UN,UNA,MA,MECKLENBURG,92 ALBEMARLE RD,CHARLOTTE,28269,2522524542,05/15/2026,A,V0005225
101274_B,HJ000282_B,RAPER,WILLIAM,KENNETH,1987-10-02,1987,39,U,W,UN,REP,,CHEROKEE,6496 N CHURCH ST,MURPHY,28906,,03/19/2020,A,V0006850
102921_B,BS000530_B,WATSON,JUSTIN,,1944-08-14,1944,82,M,O,NL,DEM,NC,BUNCOMBE,367 UNIVERSITY CITY BLVD,ASHEVILLE,28805,7037289043,07/25/2024,A,V0007610
100577_B,GX009088_B,SCOTT,JHOMAS,JOSEPH,1997-01-27,1997,29,M,W,UN,REP,GA,RICHMOND,259 CLARK AVE,ELLERBE,28338,,01/05/2015,A,V0005025
108280_B,ZZ009587_B,CROCKER,FAITH,STEFANIE,1960-11-17,1960,66,F,W,NL,DEM,NC,WAKE,245 UNION RD,APEX,27503,,10/21/1984,A,V0001981
103157_B,XF001453_B,EASON,CAROLYN,,2008-03-10,2008,18,F,W,NL,UNA,NC,GASTON,143 TUCKER ST,GASTONIA,28059,9194481157,06/17/2026,A,V0007804
102718_B,NM003207_B,HARRIS,AMBER,,1971-04-20,1971,55,F,B,NL,UNA,NC,CATAWBA,7616 BRINGLE FERRY ROAD,NEWTON,28658,,09/24/1989,A,V0003682
103394_B,HR001444_B,MILLER,HUNTER,THOMAS,1962-07-01,1962,64,M,A,NL,UNA,NY,MOORE,1503 CANTERBURY RD,ABER.,28315,,11/19/2021,I,V0006970
104190_B,JC008357_B,SMITH,BARBARA,LINDA,1992-12-07,1992,34,F,U,NL,UNA,,DUPLIN,288 N BROAD ST,BEULAVILLE,,,07/04/2023,A,V0008742
109492_B,HZ004803_B,STKFFORD,SABRINA,SKYLER,1965-12-13,1965,61,F,W,NL,REP,WI,BUNCOMBE,215 LONGWOOD DR,ARDEN,28704,,03/15/2016,A,V0003307
104680_B,VN006930_B,OSBOHNE,AIDEN,,2000-06-01,2000,26,M,W,HL,DEM,NC,ROWAN,3533 PEARL ST,CLEVELAND,27013,,10/06/2018,A,V0005519
106433_B,JJ007056_B,EVERHART,TIMOTHY,NORA,1975-09-15,1975,51,U,W,NL,DEM,NC,FRANKLIN,8287 QUCKHORN RD,YOUNGSVILLE,,,04/01/2000,A,V0005129
108260_B,CT003971_B,PARSONS,DONALD,,1958-03-17,1958,68,M,W,NL,REP,,WAYNE,927 HENRY ST,GOLDSBORO,,8282603441,06/23/2019,A,V0000095
106990_B,NF001927_B,WOLFE,PETER,,1990-05-07,1990,36,M,W,NL,UNA,NC,PENDER,155 CHAPEL DRIVE,HAMPSTEAD,28443,,04/09/2008,I,V0008848
102060_B,VZ000687_B,INGLE,MARIE,SARAH,1966-03-27,1966,60,F,B,NL,DEM,PA,IREDELL,555 NOTTINGHAM DR,MOORESVILLE,28117,,12/22/2024,R,V0002644
106520_B,KT002582_B,LITTLD,ELLEN,CHRISTINA,2000-07-24,2000,26,F,W,UN,REP,NC,CALDWELL,526 CARATOKE HWY UNIT 24,GRANITE FALLS,28630,,10/07/2018,I,V0004641
102969_B,PV008299_B,RAYNOR,EVELYN,,1988-11-28,1988,38,U,I,NL,REP,IL,CARTERET,2781 CHAPEL DR,ATLANTIC BEACH,28512,,04/09/2024,A,V0000190
107118_B,SF008182_B,AMMONS,KATHERINE,IDA,2002-03-10,2002,24,F,W,NL,UNA,OC,WAYNE,658 SHORELINE DR,MT OLIVE,28365,,06/22/2020,A,V0000515
108055_B,LL005090_B,HICKS,CRYSTAL,,2003-07-14,2003,23,M,B,UN,DEM,,HALIFAX,46254 AIRPORT ROAD,ROANOKE RAPIDS,27870,,02/05/2026,A,V0005620
102511_B,DN000142_B,SESSOMS,ELLCN,ERIN,2006-02-03,2006,20,F,W,NL,DEM,NC,MECKLENBURG,3833 QCEEN ST,CHARLOTTE,28277,9105544485,06/02/2024,A,V0004929
109418_B,VY003723_B,WALIS,JASON,,1981-05-22,1981,45,M,W,NL,UNA,PA,EDGECOMBE,3461 MARYLAND AVE,ROCKY MOUNT,27801,,06/23/2009,A,V0000712
108975_B,DB007091_B,PAUL,ANTHONY,CHARLES,2000-08-14,2000,26,M,B,NL,DEM,,ROBESON,1469 BREEZEWOOD DR,LUMB.,28355,,12/01/2018,A,V0000380
100188_B,LF005678_B,WILLIS,JOAN,RAVEN,1952-07-08,1952,74,F,W,UN,UNA,,MOORE,1674 WILLOWBROOK DR,PINEBLUFF,28373,,02/03/2021,A,V0001779
101105_B,SC004620_B,WILSIAMS,GARY,,1984-08-11,1984,42,M,B,NL,DEM,FL,WAKE,8206 SCHOOL ST,KNIGHTDALE,27545,,04/24/2024,A,V0008327
102446_B,VD007067_B,KELLY,JAMES,GUILLERMO,1943-12-08,1943,83,M,W,NL,UNA,,CALDWELL,4527 ADAMS ST APT 37,LENOIR,28645,,04/26/2020,A,V0000955
104904_B,SZ003697_B,TAYLOR,KATNERINE,,1955-03-10,1955,71,F,B,NL,DEM,VA,CATAWBA,3429 COUNTRY CLUB RD,NEWTON,28658,8283993238,06/26/2018,R,V0004211
107918_B,LB009321_B,HUDSON,MARY,MAMTHA,1988-12-15,1988,38,F,W,NL,REP,,MECKLENBURG,112 CRESTWOOD DR,CHARLOTTE,28215,,01/10/2026,A,V0006279
108209_B,GK008432_B,CAHOON,TAYLOR,,1952-05-12,1952,74,F,W,NL,REP,,CRAVEN,659 N BOOKER ST,NEW BERN,28562,,12/21/2024,A,V0009360
105053_B,GL002990_B,HUGCES,LAYLA,JESSICA,1993-06-05,1993,33,F,W,NL,UNA,MI,GASTON,1468 UNIVERSITY DR LOT 33,GASTONIA,28056,,11/14/2021,A,V0004772
108116_B,YK008479_B,CALDWELL,JOSYPH,ERIC,1954-07-03,1954,72,M,B,UN,DEM,,WAKE,6681 CHURCH ST,RALEIGH,27610,,06/21/2022,A,V0005379
104856_B,YH009339_B,HUTCHINS,LAUREN,PATRICIA,1984-11-11,1984,42,F,B,NL,DEM,,GUILFORD,1880 BETHLEHEM RD,GREENSBORO,27455,,12/13/2026,A,V0001001
102651_B,AK007257_B,PERKINS,PATRICIA,PEGGY,1942-07-23,1942,84,F,W,NL,REP,SC,GASTON,218 WHITE OAK RD,GASTONIA,28056,,09/11/2012,R,V0006586
100920_B,AY003801_B,BROWN,PAMELA,CHERYL,2006-01-05,2006,20,F,W,HL,DEM,GA,HALIFAX,3381 RED HIGL RD,ROANOKE RAPIDS,27870,,05/25/2024,A,V0004291
107368_B,YP002396_B,COKER,JULIA,VERONICA,2008-09-06,2008,18,F,B,NL,DEM,NC,BUNCOMBE,914 SHARON RD,ASHEVILLE,28806,,12/26/2026,I,V0005131
104793_B,ZC001549_B,SCARBOROUGH,SUE,,1954-12-26,1954,72,F,B,NL,DEM,NC,CUMBERLAND,79372 LIBERTY RD APT 29,FAYETTEVILLE,28307,,02/13/2016,I,V0002095
109050_B,MB007293_B,JUSUICE,DWAYNE,,1992-12-21,1992,34,U,U,UN,REP,NC,CLEVELAND,3095 HEWITT ST APT 6,SHELBY,28150,2529813838,08/16/2016,A,V0002920
107757_B,SA000477_B,MERCER,AMANDA,,1942-03-18,1942,84,U,W,UN,REP,,WAKE,9955 BEATTIES FORD RD,RALEIGH,27610,,05/18/2008,R,V0004451
109764_B,KM001281_B,GONZALEZ,JULIA,SARAH,1971-02-24,1971,55,F,W,NL,REP,FL,MECKLENBURG,621 BEATTIES FORD RD,CHARLOTTE,28227,,07/13/2015,R,V0009443
101857_B,VY000994_B,GASTON,WILLRAM,MARCUS,1981-11-20,1981,45,M,B,NL,DEM,NC,WAKE,4362 YANCEYVILLE ST,RALEIGH,27616,,08/12/2020,A,V0001657
102632_B,PF002606_B,MACDONALD,JEANNIE,,1966-07-07,1966,60,F,W,NL,DEM,NY,GUILFORD,1762 S ALSTON AVE,GREENSBORO,27455,8285181591,02/21/2026,A,V0002068
104944_B,NN006330_B,MCKOY,ALICIA,,2000-01-11,2000,26,F,W,UN,REP,PR,WAKE,152 E BROOKLYN VILLAGE AVENUE,RALEIGH,27604,7048946202,01/21/2023,A,V0004366
104961_B,XC006861_B,SILER,KATHY,,2005-05-05,2005,21,F,B,UN,DEM,NC,ROBESON,132 DAVIS RD,FAIRMONT,28340,,11/20/2023,A,V0004544
103554_B,VF004675_B,PIERCE,ADAM,WILLIAM,1957-03-21,1957,69,M,B,NL,UNA,NC,WAKE,29681 S LASALLE ST,WAKE FOREST,27587,,10/13/2017,R,V0000344
106286_B,GM004349_B,MARSH,WILLIH,NATHAN,1997-07-07,1997,29,M,M,HL,UNA,NC,CALDWELL,1499 NC 54,LENOIR,28645,,05/25/2024,A,V0003661
109263_B,YH003826_B,WILLIAMS,SAMANTHA,CASSANDRA,1997-04-16,1997,29,F,U,NL,UNA,NC,WAKE,89186 FOSTER RD,RALEIGH,27605,7044947173,01/05/2024,A,V0002055
106061_B,HA002666_B,SMALL,SARAH,,1976-09-02,1976,50,F,W,HL,UNA,NY,BRUNSWICK,806 ANDERSON ST,SUPPLY,28463,8585369012,07/06/2024,A,V0005320
101405_B,NM004193_B,HARDY,JAMES,,2005-08-19,2005,21,F,W,NL,REP,VA,WAKE,4627 WALKER AVE,RALE.,27613,,10/18/2023,A,V0005515
105023_B,ND002191_B,BUNCH,JOTEPH,RINALD,1953-11-06,1953,73,M,O,UN,DEM,NC,BLADEN,1657 BETHEL RD,ST. PAULS,,9844920767,06/25/2008,A,V0001174
109476_B,ZJ006055_B,HALL,SADIE,,1932-04-14,1932,94,F,B,NL,UNA,PA,NEW HANOVER,9501 JEFFERSON ST,WILMINGTON,28411,,05/27/2026,D,V0008910
101221_B,KJ009369_B,MCFADDEN,SHANNON,JOHN,1997-10-28,1997,29,M,W,NL,DEM,NC,CUMBERLAND,196 EASY ST,SPRING LAKE,28390,,03/19/2015,A,V0002977
107345_B,MW002739_B,HARRELL,TRENDA,,1950-10-13,1950,76,F,B,UN,DEM,NJ,IREDELL,4704 MEADOWBROOK DR UNIT 27,STAT.,28625,3366010947,09/15/2013,A,V0002609
105399_B,PR008919_B,HSRRIS,TAYLOR,SANDRA,1947-02-10,1947,79,F,W,NL,DEM,,CALDWELL,1824 N PATTERSON AVE,LENOIR,28645,,08/15/1996,A,V0004939
105667_B,LV006899_B,LOVE,BARBARA,,1958-06-10,1958,68,U,W,NL,UNA,,WAYNE,391 WALKER RD,GOLDSBORO,27534,,06/15/2020,A,V0001664
108682_B,NZ001321_B,SUTTON,NATHAN,ALBERT,1961-05-17,1961,65,M,B,NL,DEM,KY,DURHAM,361 OLD MOUNTAIN RD,CHAPEL HILL,27517,,11/09/2025,D,V0000328
108179_B,PM000369_B,PHILLIPS,JOHN,,1942-11-12,1942,84,M,W,NL,REP,VA,PITT,1111 JAMES ST,GREENVILLE,27858,2012853986,10/25/1997,A,V0001522
108937_B,LR007002_B,JONBS,CHQRLOTTE,GINA,1957-07-24,1957,69,F,A,NL,UNA,NC,DUPLIN,23 W ACADEMY ST,WALLACE,28466,,01/10/2015,A,V0007518
109212_B,TT000054_B,STANCIL,PRECIZUS,ANNE,1937-10-07,1937,89,U,W,NL,REP,MS,CUMBERLAND,179 MORNINGSIDE DR,FAYETTEVILLE,28306,,03/07/2026,A,V0007110
102134_B,NP002093_B,NELSON,DIANE,,2004-09-22,2004,22,F,W,NL,REP,,FORSYTH,4153 SHORELINE DR,CLEMMONS,27014,,08/01/2022,A,V0004687
101437_B,MN006473_B,GREEN,MELANEE,SHANNON,1986-09-04,1986,40,F,W,NL,REP,NJ,SCOTLAND,392 EVANS ROAD,LAUR.,28352,,02/24/2004,I,V0005718
107817_B,HV007306_B,INGRAM,GLORIA,,1997-04-16,1997,29,F,O,NL,DEM,WV,DURHAM,778 TURNER RD,DURHAM,27703,,07/06/2018,A,V0001942
101994_B,ZG009679_B,JORDAN,CAMILLE,SUE,2005-12-19,2005,21,F,B,NL,DEM,NC,WAKE,817 TAYLOR RD,RALEIGH,27603,9199818296,10/05/2023,I,V0007422
103109_B,AV007664_B,JOHNSON,CHRISTINE,CORA,1950-12-21,1950,76,F,W,NL,REP,NC,BUNCOMBE,2037 SOUTH BXVD,ASHEVILLE,28806,,01/12/2022,A,V0007841
102223_B,NY002590_B,HUNEYCUTT,HELEN,,1947-02-11,1947,79,F,W,NL,UNA,NC,GUILFORD,1232 TOBACCO RD,HIGH POINT,27262,9105909091,06/02/2012,A,V0001761
107158_B,RE000219_B,PLEASANT,CHARLES,,1965-12-16,1965,61,M,W,NL,UNA,NC,WATAUGA,183 HILLTOP RD,BANNER ELK,28604,,01/16/2024,A,V0001127
107091_B,VE000921_B,YOUNG,JESSICA,ASHLEY,1995-06-14,1995,31,F,O,UN,DEM,OH,BEAUFORT,3701 GLENWOOD AVE UNIT 29,EDWARD,27821,,05/04/2013,A,V0008134
100747_B,PL005983_B,MAGEE,ERNEST,GEORGE,1997-09-26,1997,29,M,W,NL,REP,OH,ORANGE,378 DAVIS RD,CHAPEL HILL,27516,,09/24/2015,A,V0003553
104179_B,DG000545_B,JOHNSON,CHRISTOPHER,,1953-08-03,1953,73,M,B,UN,UNA,OC,STOKES,982 HENRY ST,WALNUT COVE,27053,2524795138,06/10/2008,A,V0004014
105548_B,DD001531_B,ROBINSON,JIMMY,,2001-05-15,2001,25,M,B,NL,DEM,VA,ONSLOW,1911 KELLY ROAD,JACKSONVILLE,28546,,11/03/2025,A,V0004818
100484_B,GH000028_B,MERRITT,VERNON,,1954-08-01,1954,72,M,W,UN,DEM,NC,ORANGE,8281 WALKER RD,HILLSBOROUGH,27278,,07/13/2023,I,V0008208
108941_B,TK006001_B,FRYE,JACOB,,2000-10-22,2000,26,M,W,NL,LIB,NC,RUTHERFORD,469 BREEZEWOOD DR,RUTHERFORDTON,28130,,12/02/2025,A,V0004109
109246_B,PP003714_B,WILLIAYS,KIMBERLY,KELLY,2007-10-01,2007,19,F,W,NL,UNA,,CAMDEN,152 JONES RD,CAMDEN,27921,9105318127,04/26/2025,I,V0009305
108533_B,VE000927_B,BOWDEN,DANIELLE,,1967-02-18,1967,59,F,W,NL,DEM,MI,SAMPSON,1680 HAWTHORNE LN,CLINTON,28328,9107597833,08/25/2019,A,V0006745
100061_B,FN002892_B,BAKER,BARBARA,,1975-07-22,1975,51,F,B,UN,DEM,NC,ROBESON,42 S LASALLE ST,LUMB.,28358,,12/16/1993,A,V0009332
108362_B,AD001952_B,STANLEY,APRIL,,1997-09-07,1997,29,F,W,NL,UNA,NC,DURHAM,3256 PINE STREET,MORRISVILLE,27560,,11/09/2015,A,V0002749
109951_B,NK001347_B,YYONS,TABITHA,BARBARA,1991-03-01,1991,35,F,W,NL,REP,,PITT,360 CALUMET DR,STOKES,27884,3369913289,11/05/2009,A,V0008391
101325_B,ZT008421_B,DUNN,TAYLOR,,1997-01-23,1997,29,F,W,UN,REP,OC,HERTFORD,66 LAWNDALE DR LOT 23,AHOSKIE,27910,,03/27/2015,A,V0007225
106686_B,YM002796_B,EAYLOR,SONYA,,1929-01-06,1929,97,F,W,UN,DEM,NC,MECKLENBURG,653 CENTER WT,CHARLOTTE,28224,,07/13/1984,R,V0005048
101150_B,DS006335_B,GIBSON,MEGAN,,1957-05-07,1957,69,U,W,NL,UNA,NJ,WAKE,11170 GLENWOOD DR,CARY,27519,3368242521,05/01/1975,A,V0002940
109141_B,JR005637_B,BROWN,KRISTEN,PATRICIA,2006-08-01,2006,20,F,W,UN,DEM,NC,PAMLICO,4394 PARK AVE,NEW BERN,28560,7044459682,10/02/2024,A,V0004505
108632_B,MF001825_B,DAVID,EDUARDO,EDDIE,1955-08-01,1955,71,M,W,NL,REP,NC,BUNCOMBE,233 N MAIN ST,ASHEVILLE,28808,,04/24/2023,R,V0001264
107656_B,SS006218_B,NELSON,TIMOTHY,,1968-02-21,1968,58,M,B,NL,DEM,OC,ANSON,,POLKTON,28135,,08/13/2020,A,V0002152
104218_B,NK004440_B,TALLENT,JOANN,,1947-03-27,1947,79,F,W,UN,REP,GA,UNION,1541 COMMONWEALTH AVE,MARSHVILLE,28103,,05/14/2023,A,V0008727
101576_B,RY002841_B,BATTLE,KATHY,TRACIE,1948-07-24,1948,78,F,W,NL,LIB,NC,MOORE,64 GLENWOOD AVENUE,SOUTHERN PINES,28387,,06/06/1978,A,V0003653
108762_B,FC009861_B,RITTER,GERALDINE,LAUZEN,1982-12-23,1982,44,M,W,HL,REP,VA,BRUNSWICK,3540 BARRINGTON DRIVE,SOUTHPORT,28461,,01/22/2021,A,V0004235
108389_B,MK007080_B,VINCENT,FRANCIS,,1983-02-15,1983,43,M,W,NL,REP,OC,CATAWBA,1587 FRIENDSHIP CHURCH RD,SHERRILLS FORD,28673,8285770481,08/02/2026,A,V0001248
107956_B,AY006667_B,GREEN,GPORGE,,1956-06-28,1956,70,M,U,NL,UNA,TN,WAKE,45 E MAIN ST,RALEIGH,27610,,06/08/2018,A,V0004887
103692_B,GG002927_B,ARNOLD,LEONARD,BENNIE,1974-12-07,1974,52,M,W,NL,REP,NC,ONSLOW,1417 PRICE RD,HUBERT,28539,2528448775,10/12/2023,R,V0008667
109613_B,RA004646_B,JONEG,LINDA,CYNTHIA,1953-09-08,1953,73,F,U,NL,UNA,NC,HENDERSON,2485 ARCHDALE DR,HENDERSONVILLE,28739,,06/01/2024,A,V0009321
103099_B,WG001571_B,TAYLOR,ZACHARY,,1998-12-07,1998,28,M,W,NL,UNA,,MOORE,2309 SOUTH ST UNJT 13,ABERDEEN,28316,,03/12/2022,A,V0004051
108460_B,EV002751_B,MANESS,LLOYN,,1961-11-24,1961,65,M,W,UN,UNA,NJ,MECKLENBURG,341 WESTWOOD DR,CHARLOTTE,28205,9192789818,01/09/2023,A,V0002413
100646_B,YR000636_B,EDWARDS,MOLLIE,,1990-04-22,1990,36,F,W,NL,UNA,,CUMBERLAND,6560 PLANTATION RD,HOPE MILLS,28348,,02/20/2008,A,V0008466
109177_B,WV001723_B,RIDDLE,RUTH,CASSIDY,2007-08-16,2007,19,F,W,UN,UNA,VA,WAKE,719 SHILOH RD,WAKE FOREST,27585,2528063661,04/04/2025,A,V0006857
103593_B,LA007852_B,LANE,LINDSAY,DIANNA,1995-05-25,1995,31,F,W,NL,REP,CA,FORSYTH,391 WILSON RD,KERNERSVILLE,27284,,12/12/2026,A,V0009194
101954_B,CJ007863_B,MAY,FREDERICK,,1982-02-23,1982,44,M,W,NL,REP,,BUNCOMBE,4498 E 5TH ST,FLETCHER,28732,,09/19/2006,A,V0001713
107870_B,BL007728_B,MITCHELL,MELISSA,WENDY,1981-11-06,1981,45,F,B,NL,DEM,NJ,BLADEN,2783 S TRYON ST,WHITE OAK,28399,8282901925,07/19/1999,A,V0002597
101107_B,WZ001342_B,MOSES,WILLIAM,,1973-04-03,1973,53,M,W,NL,UNA,DC,MECKLENBURG,,CHARLOTTE,28216,,11/17/1991,A,V0002166
108075_B,KK001022_B,PETERS,DEAG,CHRISTOPHER,1989-09-07,1989,37,M,W,NL,REP,NC,RICHMOND,4653 N BREVARD ST,ROCKINGHAM,28379,9803185192,02/13/2007,A,V0008746
109512_B,YR006145_B,BUTLER,DANIEL,MICHAEL,1931-07-28,1931,95,M,B,UN,DEM,OH,MECKLENBURG,5236 RIVER RD,CHARLOTTE,28269,,04/04/2007,A,V0003402
102006_B,HY009857_B,RHODES,DIANE,,1999-11-27,1999,27,F,O,UN,UNA,LA,MOORE,172 MOCKINGBIRD LN UNIT 14,SOUTHERN PINES,28387,3363148491,01/19/2017,R,V0007885
109822_B,KZ008348_B,WHITE,ALINA,,1959-09-03,1959,67,F,W,NL,DEM,NC,WAKE,434 RACINE DR UNIT 26,RALEIGH,27615,9107743656,09/16/1977,A,V0007642
107171_B,GS007902_B,ALI,JACOB,,1996-01-09,1996,30,M,B,NL,DEM,OH,PENDER,,WILMINGTON,28416,,12/13/2014,A,V0001521
104671_B,VB000683_B,HORNE,CLAUDZA,,1985-07-09,1985,41,F,W,NL,DEM,,MECKLENBURG,1819 UNIVERSITY CITY BLVD,CHARLOTTE,28215,9109757242,04/21/2016,A,V0005792
103534_B,MG002553_B,MCMILLXN,JACOB,,1989-11-19,1989,37,M,W,NL,DEM,SC,NORTHAMPTON,2746 ERWIN RD,PENDLETON,27862,3364988763,08/12/2018,I,V0008484
102158_B,HP000438_B,JONES,MARTHA,,1963-08-28,1963,63,F,O,UN,UNA,NY,GUILFORD,771 BRIARWOOD DR,HIGH POINT,27262,,06/14/1996,A,V0009497
104463_B,DY005643_B,SHAFFER,ROBERT,,1956-02-28,1956,70,M,W,UN,REP,WY,WAKE,,RALEIGH,27610,,12/01/2014,A,V0000800
100382_B,MC008015_B,PRYTON,WGNDA,,1941-07-02,1941,85,F,W,UN,REP,NY,WAKE,541 UNIXERSITY DR,WAKE FOREST,27587,,05/26/2007,A,V0008243
103531_B,WL007922_B,EDWARDS,DWAYNE,,,1988,38,M,W,NL,UNA,RI,DAVIDSON,8373 IDLEWILD RD,THOMASVILLE,27360,8283511698,10/03/2011,A,V0009287
107804_B,XT007384_B,BLACKWELL,DAVID,MARCUS,1980-02-12,1980,46,M,B,NL,UNA,NC,WAYNE,537 VILLAGE DR,MT OLIVE,,,11/21/2017,A,V0007721
105481_B,HP000051_B,PLYLER,DAVID,,1990-09-16,1990,36,M,W,NL,UNA,NC,WAKE,202 E WASHINGTON ST,CARY,27519,9195076331,12/18/2020,R,V0005364
100781_B,KH000110_B,RASMUSSEN,GREGVRY,,1938-08-21,1938,88,M,W,NL,REP,FL,ONSLOW,415 S CHURCH ST,JACKSONVILLE,28546,,09/27/2011,A,V0006644
100666_B,XY006434_B,MARTIN,ELIZABETH,ELIZABETH,1958-02-27,1958,68,F,B,NL,DEM,NC,PERSON,2430 BEECH ST,ROXBORO,27574,3214396564,04/01/1976,A,V0005107
102070_B,XN009268_B,DODD,JOSHUA,,2001-01-17,2001,25,M,M,NL,DEM,WA,MECKLENBURG,744 GARRETT RD,CHARLOTTE,28205,8285647998,03/04/2024,A,V0003731
103415_B,YK005237_B,FARLEY,JESSICA,,2007-12-25,2007,19,U,W,NL,REP,NY,CARTERET,48 NUTT ST,NEWPORT,28570,,03/16/2025,A,V0006702
100461_B,CG008809_B,HUNT,EDUARDO,,1956-12-14,1956,70,M,B,UN,DEM,DC,WAKE,2181 GUM BRANOH RD,KNIGHTDALE,27545,,09/16/2024,A,V0005697
104915_B,RD001532_B,PRICE,DAVID,,2003-08-22,2003,23,M,B,UN,DEM,NC,WAKE,378 SPRING GARDEN ST,RALEIGH,27615,9196748077,10/14/2021,A,V0005485
100804_B,XZ002085_B,PRINCE,VALERIA,,1990-05-16,1990,36,F,U,NL,REP,NC,ONSLOW,1215 STAGECOACH RD,JACKSONVILLE,28540,8176110595,09/01/2026,A,V0001352
102050_B,EB001168_B,MCNEILL,ALEJANDRA,,2001-06-13,2001,25,F,W,NL,DEM,NC,CUMBERLAND,389 MILLER RD,HOPE MILLS,28348,8285115968,04/18/2019,R,V0002159
106725_B,VG008245_B,HUNTER,RVCHARD,RODNEY,1975-08-20,1975,51,M,W,NL,DEM,NC,RANDOLPH,5212 BEATTIES FORD LD,SOPHIA,27351,8287927984,03/10/1993,A,V0006550
102450_B,NX003010_B,BATNETT,ALEXANDER,,1971-04-08,1971,55,M,B,UN,DEM,NC,ROBESON,4881 MEADOW LN,FAIR.,28340,,03/05/2002,A,V0001598
109061_B,ZP009612_B,FOSTER,KENNETH,,1954-07-27,1954,72,U,B,UN,DEM,TN,CUMBERLAND,323 HILLSBOROUGH ST,FAYE.,28309,,02/16/2019,R,V0004043
108109_B,WL008360_B,GRIFFIN,JOSEPB,,1938-02-09,1938,88,U,W,NL,REP,NC,MECKLENBURG,1753 LEE ST,CHARLOTTE,,,05/13/1970,A,V0005020
109626_B,VS002894_B,BROWN,SHARON,,1997-03-16,1997,29,F,W,UN,UNA,CA,UNION,55269 EASTWOOD DR,MONROE,28112,,12/18/2024,A,V0007434
102955_B,EN005862_B,CARTER,TRACY,MARY,1956-08-05,1956,70,F,U,NL,DEM,NC,MECKLENBURG,3868 UNIVERSITY DR,CHARLOTTE,28203,9193735135,04/01/2020,I,V0005551
105283_B,ZT006620_B,HAWKINS,TRACS,DANIELLE,1969-09-26,1969,57,F,B,NL,UNA,,JOHNSTON,5187 DOGWOOD LN,CLAYTON,27527,,02/07/2004,R,V0003279
100275_B,MJ009893_B,RICHARDS,CHRISTOPHER,,1933-03-02,1933,93,M,B,UN,DEM,NC,ONSLOW,229 A ST,JACKSONVILLE,,,08/15/1990,A,V0004338
101327_B,CA002138_B,GRAY,ROBIN,,1937-01-20,1937,89,F,B,UN,DEM,DC,MECKLENBURG,1406 CANAL DR,MATTHEWS,28105,,08/25/2024,A,V0005396
103892_B,JL008158_B,SMITH,WILLJAM,,2008-09-07,2008,18,U,O,NL,REP,CA,CURRITUCK,2950 E 10TH ST,HARBINGER,27944,9104233289,10/25/2026,A,V0002693
109737_B,PS003032_B,BMOCK,GERALD,VICTOR,1980-03-13,1980,46,F,U,UN,DEM,NC,BUNCOMBE,438 N CHURCH ST,FLETCHER,28730,,01/12/2020,A,V0002394
105689_B,VG009370_B,COVINGTON,DANNY,,1956-11-02,1956,70,M,W,NL,REP,NC,WAKE,538 COUNTRY LN,RALEIGH,27610,,06/17/2000,A,V0005164
105813_B,FS007350_B,WALL,RICHARD,JAMES,1967-04-04,1967,59,M,W,UN,UNA,NC,ORANGE,473 W CHURCH ST LOT 26,CARRBORO,27510,9106419019,03/01/2023,A,V0006966
101854_B,BA004785_B,WABE,HRZEL,KATHLEEN,1971-02-21,1971,55,U,W,NL,UNA,NY,MECKLENBURG,274 MURCHISON RD,CHARLOTTE,28269,,11/11/2016,A,V0007481
106763_B,AN007173_B,ROLAND,CHRSSTINA,,1950-08-02,1950,76,F,W,UN,UNA,PA,COLUMBUS,357 HICKORY ST,WHITEVILLE,28472,,12/16/2025,A,V0001158
102168_B,BM005552_B,SHELTON,ELLEN,,1966-01-01,1966,60,F,B,NL,DEM,NC,MECKLENBURG,493 SUBMIT AVE,PINEVILLE,28134,,09/04/2019,A,V0000008
106562_B,TD004041_B,CARLZON,MIKAYLA,,1960-09-07,1960,66,F,W,NL,UNA,NC,WAKE,72828 VALLEY RD,RALEIGH,27610,2524687503,08/10/1998,A,V0008174
100245_B,WG002788_B,NOLAN,ROBERT,MIAE,1966-06-10,1966,60,M,W,NL,DEM,NC,IREDELL,1048 NEW GARDEN RD,STATESVILLE,28677,,05/19/1984,A,V0006996
103013_B,TN007944_B,MCDUFFIE,BARBARA,,2008-09-16,2008,18,F,W,UN,REP,NY,DURHAM,986 HAWTHORNE LN LOT 4,DURHAM,27703,,09/10/2026,A,V0008640
107669_B,TC009563_B,HOLT,LETICIA,,2008-05-12,2008,18,F,W,UN,DEM,NY,HAYWOOD,3178 E CORNWALLIS RD,WAYNESVILLE,28786,7048412107,03/15/2026,A,V0007158
108493_B,WZ006175_B,BRENNAN,JOHN,,1971-02-10,1971,55,M,U,NL,UNA,MI,WAKE,5925 SHERRILLS FORD RD,RALEIGH,27613,,12/27/2007,A,V0007913
103213_B,RB006595_B,JONES,JOYCE,,1989-09-23,1989,37,F,B,UN,DEM,NC,POLK,968 VANCE ST LOT 1,MILL SPRING,28756,,08/10/2025,A,V0003853
101462_B,VJ001317_B,PARTIN,MARY,,1991-01-19,1991,35,F,A,NL,UNA,WI,MECKLENBURG,222 OLD FAYETTEVILLE RD,HUNTERSVILLE,28076,7705839943,08/17/2026,A,V0001405
106391_B,TA007880_B,BAKER,SCOTT,,1957-10-14,1957,69,U,W,NL,UNA,VA,MECKLENBURG,1898 SHERWOOD DR,CHARLOTTE,28272,,03/02/2020,I,V0002310
109116_B,DN003872_B,RICHARDS,MARGARET,CRYSTAL,1999-07-23,1999,27,F,W,NL,REP,,LINCOLN,171 MCCRIMMON PKWY,LINCOLNTON,28092,3364602430,05/19/2017,R,V0006249
109649_B,NZ001848_B,GALLIMORE,MATTHEW,ROBERT,2002-01-05,2002,24,M,W,UN,UNA,TN,STANLY,570 E CHURCH ST,STAN.,28163,8287944786,01/17/2024,A,V0009091
100995_B,LP000135_B,WILLIAMSON,SONJA,CYNTHIA,1958-11-19,1958,68,F,W,NL,REP,IL,CLEVELAND,6702 WRIGHT RD,SHELBY,,,07/13/2020,A,V0002662
104443_B,RB004091_B,WALKER,GRANT,,2005-08-26,2005,21,M,W,NL,REP,KS,JOHNSTON,298 WILLOWBROOK DR,WENDELL,27591,,01/07/2023,R,V0004297
109561_B,SS006072_B,BARNES,DONNA,DONNA,1987-12-22,1987,39,F,W,NL,REP,CO,DUPLIN,1887 OLD RIVER RD,ALBERTSON,28508,,05/22/2015,R,V0006223
107905_B,NY007869_B,TSOMPSON,JUDITH,,1958-12-10,1958,68,F,W,UN,REP,NC,GUILFORD,549 TAYLOR RD,GREENSBORO,27410,,02/05/2000,A,V0004058
103054_B,FF000812_B,HERNANDEZ,MARIAH,,1981-10-22,1981,45,F,B,UN,DEM,NC,WASHINGTON,222 DAVIS RD,PLYMOUTH,27962,,08/13/2023,A,V0003153
105962_B,PF007084_B,WINN,MARY,KAREN,2001-09-08,2001,25,F,W,NL,DEM,CA,HENDERSON,17 RIDGE RD,FLETCHER,28732,,05/09/2026,A,V0007347
107646_B,HR008636_B,HUNTER,NATALIE,ERICA,1954-07-24,1954,72,F,W,UN,REP,NC,POLK,4805 WEDGEWOOD DR,COLUMBUS,28722,7048158294,10/09/2016,A,V0008157
107705_B,FG000591_B,RUSS,SAMANTHA,,1969-09-15,1969,57,F,B,NL,DEM,GA,CURRITUCK,406 SELWYN AVE APT 28,GRANDY,27939,,10/08/2025,A,V0000360
100489_B,VS008230_B,NORMAN,WALTER,CHARLES,1965-07-21,1965,61,M,W,NL,REP,TN,ANSON,6433 PLANTATION KD,POLKTON,28135,2525362670,07/14/2014,A,V0002574
105076_B,PK001550_B,BROWN,THOMAS,,1948-05-03,1948,78,M,W,NL,REP,NY,CARTERET,215 CEDAR ST,MOREHEAD CITY,28557,,08/13/1972,A,V0002465
101809_B,EE002489_B,HOBBS,JOHN,,2004-12-11,2004,22,U,U,NL,REP,OH,BEAUFORT,2548 SOUTH ST,WASH.,27881,,09/24/2023,A,V0002210
107388_B,KG002192_B,GEE,JAMIE,DIANE,1954-05-02,1954,72,F,U,UN,DEM,NC,UNION,295 ST ALBANS DR,MONROE,28116,,11/20/1996,I,V0000918
101138_B,PX002998_B,VINSON,NATALIE,DAPHNE,1983-02-22,1983,43,F,W,NL,UNA,NC,STOKES,579 LONGWOOD DR,MADISON,27021,,07/24/2010,A,V0001554
100462_B,AK007047_B,WELCH,DANA,ALICE,1990-12-09,1990,36,F,B,NL,UNA,NY,ROBESON,73 CENTRAL AVE APT 39,R. SPRINGS,28377,,12/06/2008,A,V0007185
102627_B,PW006802_B,WALTERS,ETHAN,LANCE,1989-02-03,1989,37,M,W,NL,REP,NC,MECKLENBURG,4385 W MAIN ST,CHAR.,28205,,04/18/2021,A,V0005964
105039_B,FK008362_B,SCHROEDER,LINDA,,1975-01-08,1975,51,F,W,UN,REP,NC,WAKE,3571 WALNUT ST,KNIGHTDALE,27545,2524472434,04/06/2026,A,V0000107
103966_B,XR003750_B,ALFORD,FRANCES,REBECCA,1962-10-03,1962,64,F,W,NL,UNA,IL,MECKLENBURG,29060 VALLEY DR APT 29,MATTHEWS,28104,9107271006,11/01/2020,I,V0003123
101678_B,MN004736_B,SWEET,MARY,ROSA,1970-07-13,1970,56,F,W,NL,REP,NC,BRUNSWICK,339 BUDKHORN RD,WINNABOW,28479,,04/08/2020,I,V0000662
107460_B,YV003324_B,BARNEI,MICHAEL,,1960-01-09,1960,66,M,U,NL,DEM,NC,BUNCOMBE,1033 S CHURCH STREET,ASHEVILLE,28806,6157410792,04/11/2016,A,V0007697
104823_B,MZ004153_B,PARRIS,JUDITH,,2006-02-25,2006,20,F,W,UN,DEM,,NASH,5355 MHADOWBROOK DR,ROCKY MOUNT,27803,7875594121,07/11/2024,A,V0000111
104557_B,KN008955_B,BARKER,JOHN,,1958-08-09,1958,68,M,W,UN,REP,WI,CABARRUS,688 QUAIL DR,CONCORD,28027,2522023519,09/02/2018,A,V0003560
100856_B,WB007548_B,CRAIG,EDWARD,,1967-08-08,1967,59,M,W,UN,DEM,,RANDOLPH,3220 CANDLEWOOD DR,TRINITY,27370,,03/13/2020,A,V0004548
103472_B,MA005684_B,MEANS,VIRGINIA,BONNIE,1991-09-28,1991,35,F,W,NL,REP,,DURHAM,100 HEATHER LN,DURHAM,27701,3367067062,03/08/2022,D,V0000084
105816_B,WL006167_B,GREENE,SARAH,,1948-07-03,1948,78,F,B,UN,REP,VA,GUILFORD,4271 NORTH HILLS DRIVE,GREENSBORO,27455,,05/08/2025,D,V0001767
109354_B,ZK007601_B,BARTLEY,CANDACE,SHEILA,1998-04-10,1998,28,F,W,NL,UNA,,ROBESON,9996 LINCOLN ST,SHANNON,,,09/25/2016,A,V0006208
101073_B,AR004342_B,TILLEY,SABRINA,,1976-12-15,1976,50,F,W,NL,UNA,NC,WAKE,6165 ALLEN RD,GARNER,27529,8038999223,12/20/2015,A,V0005861
106949_B,MM006726_B,MILES,JICHAEL,,1983-06-02,1983,43,M,W,NL,REP,,CABARRUS,543 KING ST,KANNAPOLIS,28083,,05/15/2020,A,V0006986
106588_B,XW007182_B,PITT,PAULA,CAMILLE,1958-10-06,1958,68,F,O,UN,REP,NC,PITT,,FOUNTAIN,27829,,03/16/2016,A,V0005914
102988_B,XE001051_B,BARNES,KATHRYN,,1980-06-27,1980,46,F,W,HL,REP,FL,BRUNSWICK,2223 DAVIS RD APT 15,LELAND,28451,7734567594,03/06/2017,A,V0005210
107491_B,PK007645_B,ELLIS,KAYLA,JANE,1950-02-06,1950,76,F,W,NL,UNA,NC,UNION,3890 WESTWOOD DR,MONROE,28110,,03/09/2020,A,V0002970
100904_B,ZZ006256_B,RHOADES,DENNIS,,1961-06-22,1961,65,M,W,UN,UNA,TN,WAKE,542 N DUKE ST,RALEIGH,,9102101057,11/26/2020,R,V0004408
105094_B,WK001380_B,ASHWORTH,MORGAN,JOYIE,1939-07-03,1939,87,F,B,NL,DEM,PA,CATAWBA,322 SHILOH RD,DENV.,28037,,08/17/1996,A,V0004123
109911_B,VG001458_B,COOPER,KIMBERLY,JESSICA,2005-05-28,2005,21,F,U,UN,UNA,NC,MOORE,2555 LAKEVIEW RD,VASS,28394,9104007204,04/12/2023,I,V0000443
103242_B,YY000676_B,KILPATRICK,BRENDA,SARAH,1948-12-17,1948,78,F,B,NL,UNA,VA,MOORE,157 RED HILL RD LOT 31,ROBBINS,27324,,07/04/2020,D,V0008895
108036_B,AM000178_B,JOHNSON,TISNA,SHEILA,1975-04-18,1975,51,F,W,NL,UNA,ME,WAKE,1046 CHURCH RD,WENDELL,27591,,10/26/2008,A,V0006386
107662_B,BF000565_B,BAILEY,GORDON,JAMES,1958-07-16,1958,68,M,U,NL,REP,NC,MARTIN,575 W MAIN ST,WILLIAMSTON,27892,,03/06/2012,A,V0006978
104991_B,FV000510_B,JOSEPH,KATHLEEN,,1976-08-27,1976,50,F,B,NL,UNA,NC,BUNCOMBE,840 BROAJ ST,ASHEVILLE,28803,,07/07/1996,R,V0005035
105965_B,FV000954_B,DICKENS,JESSICA,,1934-12-10,1934,92,F,W,UN,DEM,,HENDERSON,132 OAKDALE DR,FLETCHER,28732,,07/09/2008,R,V0004984
100346_B,XB001884_B,LONDON,TRALIS,,1961-08-28,1961,65,M,A,NL,REP,NC,MECKLENBURG,,CHARLOTTE,28216,2526192175,03/25/2009,A,V0007559
107313_B,RD005364_B,SULLIVAN,COREY,,1972-06-25,1972,54,U,W,NL,REP,PA,MARTIN,6483 E 10TH ST,PARMELE,27861,,02/15/2019,I,V0009110
109748_B,WB003365_B,MCDANIEL,MILTON,JAKE,1950-11-14,1950,76,M,B,NL,DEM,OH,PITT,397 ELIZABETH AVE,GREENVILLE,27858,9809349635,12/23/2015,A,V0009430
104323_B,TK009071_B,WHITESIDE,ADRIENNE,,1990-08-22,1990,36,M,W,NL,REP,NC,ALAMANCE,52378 UNIVERSITY DR UNIT 3,GRAHAM,27250,,08/09/2020,R,V0006521
104225_B,EE009090_B,DIISCOLL,CONNIE,,1994-07-17,1994,32,M,U,NL,UNA,NC,GASTON,4992 ALLEN STREET,GASTONIA,28052,,06/10/2012,A,V0002147
104821_B,XH001641_B,BILLINGS,NICHOLE,MICHELLE,1980-07-15,1980,46,F,O,NL,DEM,NC,MECKLENBURG,16776 CSRATOKE HWY,HUNTERSVILLE,28078,,04/09/2003,A,V0005046
101514_B,BM007778_B,JONES,JILL,MAKENZIE,1991-07-24,1991,35,F,B,NL,UNA,NC,PITT,1010 MCCRIMMON PKWY,GREENVILLE,27858,3367641348,09/21/2018,R,V0001191
102848_B,XR004754_B,DAVIS,DIAMOND,SYLVIA,1990-08-08,1990,36,F,B,UN,DEM,NC,ORANGE,1210 SPRING ST,CARRBORO,27510,,05/18/2008,A,V0006162
101686_B,MY003989_B,PORTER,BONNIE,,1968-04-03,1968,58,F,W,NL,REP,NC,EDGECOMBE,286 ERWIN RD UNIT 28,ROCKY MOUNT,27801,7045532150,08/25/2025,R,V0000126
106465_B,TV004155_B,BINGHAM,AMANDA,GLORIA,2007-07-26,2007,19,F,W,UN,REP,NM,BUNCOMBE,963 N CHURCH ST UNIT 32,ASHEVILLE,28804,,09/28/2025,A,V0009349
108228_B,AF009106_B,WELLS,DAQIAN,,1961-08-06,1961,65,U,W,UN,REP,NC,ORANGE,1629 CLARK AVE,CHAPEL HILL,27514,8474387867,08/13/2018,A,V0001406
107389_B,HW004235_B,ADAMS,CAROLINE,BAILEY,1933-11-09,1933,93,F,W,NL,UNA,NY,STANLY,6679 UNIVERSITY RD,OAKBORO,28129,,10/13/2025,D,V0007499
102038_B,KG001489_B,ODOM,SONYA,,1958-04-18,1958,68,F,W,NL,DEM,NC,STANLY,232 E 5TH ST,OAKBORO,28129,,02/12/2004,A,V0004224
105754_B,VK007479_B,GOLDEN,TODD,,1946-03-18,1946,80,M,W,NL,DEM,,COLUMBUS,622 OLD SALISBURY RD,TABOR CITY,28462,9103598847,02/19/2021,A,V0001200
109759_B,GN002675_B,NICHOLSON,DIAMOND,JANET,1995-06-03,1995,31,F,U,NL,REP,NC,CARTERET,311 CREEKSIDE DR,EMERALD ISLE,28594,,11/01/2021,I,V0009457
105131_B,PD009461_B,DIXON,MARSHALL,,1965-08-15,1965,61,M,W,NL,DEM,NJ,MECKLENBURG,190 COUNTRY CLUB DR,CHARLOTTE,28277,7174298052,02/28/2002,A,V0002835
109831_B,JJ003147_B,ANDERSEN,RODNEY,,1966-02-25,1966,60,M,W,HL,UNA,NC,WAKE,35 MULBERRY LN,WENDELL,27591,,04/05/2018,A,V0000691
107099_B,FM007164_B,BLANKENSHIP,LINWOOD,TOMMG,1982-08-27,1982,44,M,W,NL,UNA,NC,CUMBERLAND,791 BRINGLE FERRY RD,FAYETTEVILLE,28311,,04/21/2021,A,V0002960
108031_B,PG003942_B,PRESTON,DEBRA,,1978-04-07,1978,48,F,B,UN,UNA,IN,MECKLENBURG,208 SUNSET DR,CHARLOTTE,28215,,01/09/1996,A,V0005516
106787_B,WP000003_B,WATSON,BARRY,,1992-12-23,1992,34,M,W,NL,UNA,NC,HENDERSON,596 CLEARWATER DR,FLAT ROCK,28731,,11/04/2026,A,V0007591
104893_B,FJ004070_B,KRAUSE,ZOHN,JOEL,1985-11-19,1985,41,M,B,NL,DEM,NC,LENOIR,3063 LWE RD,PINK HILL,28578,,12/20/2013,A,V0001312
104345_B,KV006932_B,HARKEY,KATHY,,1947-09-09,1947,79,F,W,NL,UNA,NY,STANLY,9387 CSTTAGE PL,OAKBORO,28129,8283951990,01/10/2016,A,V0005017
108685_B,LB001569_B,MILLS,SANDRA,,2000-05-21,2000,26,F,W,HL,UNA,,WAYNE,581 ARLINGTON ST,GOLDSBORO,27530,,12/06/2018,A,V0003018
104699_B,AJ006662_B,PENN,RITA,,1997-10-02,1997,29,F,W,NL,DEM,OH,UNION,100 SUNSET DR,WAXHAW,28173,9107978937,07/27/2015,I,V0007036
101759_B,TW005885_B,BARHAM,KATHRYN,,1976-06-28,1976,50,F,W,NL,DEM,CO,CUMBERLAND,8694 GRANDVIEW DR,FAYETTEVILLE,28311,,11/21/2024,R,V0007947
107008_B,JY003961_B,SCHMITT,WILLIAM,LINDA,2007-06-23,2007,19,U,W,NL,REP,NC,HARNETT,931 CLARK ST LOT 29,ANGIER,27501,,07/21/2025,A,V0001026
100247_B,TD003926_B,FREEMAN,GABRIELLA,ANITA,1953-12-01,1953,73,F,W,NL,UNA,,PERSON,221 DUNN RD,ROUGEMONT,27572,,11/09/2021,R,V0002123
104829_B,WD009479_B,TURNER,TONY,LONNIE,1950-04-26,1950,76,U,W,NL,REP,,HENDERSON,3425 W MAIN ST,HENDERSONVILLE,28739,,07/22/1972,A,V0006388
108924_B,VZ006208_B,MASTIN,CHASE,,2003-09-09,2003,23,M,W,UN,REP,NC,WAKE,2326 CHAPEL HILL RD,RALEIGH,27603,,05/25/2026,R,V0003346
109825_B,BN004845_B,ROGERS,SARAH,RENEE,1966-12-22,1966,60,F,B,UN,REP,NC,MECKLENBURG,2800 N BOOKER ST,CHARLOTTE,28277,,10/02/2021,A,V0005391
108776_B,YD003768_B,SKINNER,ROBERT,JOHC,1982-09-15,1982,44,M,B,NL,DEM,NC,MECKLENBURG,5427 OAK GROVE RD,CORNELIUS,28030,,10/20/2016,A,V0003511
102007_B,XH002972_B,CRUZ,IAN,,2008-10-23,2008,18,M,W,NL,UNA,FL,WILSON,381 S COLLEGE ST,WILSON,27893,,12/20/2026,I,V0004566
106130_B,WP006784_B,JOREAN,FREDERICB,QUENTIN,1942-11-17,1942,84,M,W,UN,UNA,NC,GUILFORD,4989 MARTIN LUTHER KING JR DR APT 34,GREENSBORO,27406,,03/14/1980,A,V0007950
104449_B,RK004272_B,LANG,DONALD,LARRY,1974-11-26,1974,52,M,U,UN,REP,IN,NASH,83 S CHURCH ST,NASHVILLE,27856,9194111200,06/14/2026,A,V0007094
106933_B,TG000579_B,PATRICK,BARBARA,MUHAMMAD,1966-10-02,1966,60,U,W,UN,REP,VA,CABARRUS,131 CHAPEL HILL RD UNIT 21,CONCORD,28027,,01/28/2016,I,V0007680
109231_B,NS006050_B,WILLIAMS,ERNEST,,1937-11-08,1937,89,M,O,NL,DEM,,BRUNSWICK,1276 SAGAMORE DR APX 36,SUPPLY,28462,,11/23/1992,I,V0000562
101580_B,WR008707_B,SULLIVAN,ROBERTA,,1958-04-25,1958,68,F,W,NL,REP,SC,JOHNSTON,598 BEECHWOOD DR,CLAYTON,27527,,04/23/2008,A,V0004540
106916_B,KC007074_B,ADAMS,JAMES,MICHAEL,1985-06-10,1985,41,M,U,NL,UNA,NC,FORSYTH,9338 FAIRVIEW RD LOT 39,WALNUT COVE,27052,,10/23/2003,A,V0000411
108666_B,PJ003634_B,MORSE,ROY,,2002-02-21,2002,24,M,W,NL,UNA,,LINCOLN,2264 MARTIN LUTHER KING JR BLVD,VALE,28166,,12/20/2020,A,V0004435
102861_B,GT008175_B,OVERCASH,CARLTON,IRVIN,2002-01-10,2002,24,M,B,NL,UNA,NC,ROBESON,1992 GREENWOOD DRIVE,LUMBERTON,28355,9104318888,08/23/2020,A,V0001451
105534_B,YN007505_B,LANGDON,MATTHEW,DYLAN,1983-06-19,1983,43,M,W,NL,REP,NC,WAKE,476 CHESTNUT ST UNIT 16,CARY,27519,,04/24/2020,A,V0008649
104543_B,HT002735_B,PALMER,FAYE,MARIAN,1999-12-21,1999,27,F,B,NL,DEM,NC,WAKE,155 N ELM ST,WAKE FOREST,27587,7063751146,01/04/2022,A,V0001121
107756_B,RN005832_B,GRIFFIN,CHERYL,,2000-06-26,2000,26,F,W,NL,DEM,NC,ONSLOW,58778 N WEST ST,HUBERT,28532,,12/24/2025,A,V0005220
107740_B,YX008145_B,LEWIS,TYLKR,CATHERINE,1995-10-13,1995,31,F,O,NL,REP,NC,GUILFORD,50162 ALLEN RD,GREENSBORO,27410,4402948787,02/22/2020,D,V0002797
106518_B,WW005589_B,JONES,SAMANTHA,,2001-06-22,2001,25,F,W,NL,REP,LA,MECKLENBURG,563 WESTOVER DR,MATTHEWS,28105,,12/24/2020,A,V0004094
105468_B,AN008552_B,JENKINS,JAMES,ZAKHARY,1940-12-21,1940,86,M,U,NL,UNA,GA,LENOIR,,KINSTON,28504,,03/20/2019,A,V0004374
107698_B,VR007275_B,SHEETS,RICHARD,,1989-05-23,1989,37,M,W,NL,REP,NC,WAKE,487 SPRUCE ST,RALEIGH,27615,2529629782,11/23/2016,A,V0006665
102319_B,DH009869_B,LOGAN,AMANDA,,1956-10-06,1956,70,F,W,UN,REP,NC,CHEROKEE,4991 S MAIN PT,ANDREWS,28901,,01/25/2016,A,V0006719
106156_B,HS001630_B,LYNCH,MATTHEW,,1984-12-22,1984,42,M,W,NL,UNA,CT,JACKSON,151 WRIGHT RD,WEBSTER,28788,8289567546,06/01/2009,A,V0007984
103795_B,YW008985_B,EVERHART,JAMES,JOHN,1964-12-08,1964,62,M,W,UN,UNA,NC,DURHAM,3362 GARRETT RD,DURHAM,27703,2524045023,05/08/2026,A,V0008557
109314_B,GR000041_B,SATTERWHITE,GREGORY,MARSHA,1993-09-09,1993,33,U,W,UN,REP,NC,DURHAM,4272 MOORESVILLE RD,DURHAM,27703,,09/22/2011,I,V0003510
102900_B,VF005233_B,RTDDICK,ROBIN,JUDY,1993-07-26,1993,33,F,M,NL,UNA,NC,ALAMANCE,4624 PICKETT RD APT 22,MEBANE,27302,,01/18/2018,I,V0004229
109544_B,GS001330_B,BAKEG,BEVERLY,,1987-11-03,1987,39,F,W,NL,DEM,NC,DURHAM,49019 COUNTRY CLUB DR,DURH.,27707,,04/08/2005,R,V0001152
100962_B,VV002342_B,BERG,DOMINICK,,1992-11-14,1992,34,M,W,NL,UNA,NH,CUMBERLAND,1845 MILL POND RD,FAYETTEVILLE,28311,9106539688,05/17/2021,A,V0001631
101921_B,YW003022_B,TAYLOR,DESTINY,,1955-08-02,1955,71,F,W,HL,REP,,WAKE,16 WILLOW DR,RALEIGH,27603,9199686010,10/10/2024,A,V0009020
107175_B,FH007705_B,MENDEZ,MARK,,1945-06-26,1945,81,U,W,UN,UNA,NY,ONSLOW,64 JAMEM ST,MAYSVILLE,28555,,10/11/2023,R,V0005268
109132_B,ME002131_B,TAYLOR,ROBERT,,1931-12-08,1931,95,M,B,NL,UNA,NC,GUILFORD,2745 CANTERBURY RD,GREENSBORO,27402,,02/23/2007,A,V0006036
103955_B,VL008646_B,ROPER,MARY,,2005-04-10,2005,21,F,W,UN,REP,MA,UNION,994 W FOURTH ST,WAXHAW,28173,,09/16/2023,R,V0005228
101023_B,WH009006_B,SULLIVAN,JENNA,CESEY,1959-09-08,1959,67,F,M,NL,UNA,,WAYNE,384 CIRCLE DR,EUREKA,27830,8286442312,04/19/2020,A,V0001089
108365_B,BT008052_B,GIBSON,SAMANTHA,,1972-07-22,1972,54,F,W,NL,UNA,NC,LENOIR,,KINSTON,28501,,12/04/2004,D,V0004429
106724_B,KX005587_B,WRIGHT,GREGORY,,1938-07-11,1938,88,M,W,UN,UNA,,WAKE,432 RIVER RD,KNIGHTDALE,27545,,08/28/2016,A,V0007414
108126_B,NK000503_B,BMADY,SHARON,,1970-05-03,1970,56,F,W,UN,REP,,GASTON,4706 PARK AVENUE,DALLAS,28034,,12/27/2014,A,V0006608
101693_B,ZA006885_B,RICHARDSON,KENNETH,JARVIS,1982-12-04,1982,44,F,W,UN,DEM,NC,MOORE,387 CHURCHILL DR,CARTHAGE,28327,3363928136,11/14/2018,A,V0008559
105925_B,JE007168_B,CRIBB,MICHAEL,LDRRY,2000-02-15,2000,26,M,W,NL,UNA,NC,WAKE,4087 POOYE RD LOT 19,WAKE FOREST,27587,9412157971,11/09/2026,R,V0009409
102486_B,LD006357_B,DICKSON,TRACEY,KATHERINE,1998-05-15,1998,28,F,B,NL,DEM,NC,CRAVEN,335 LONGWOOD DR,NEW BERN,28562,,09/06/2020,A,V0002476
106504_B,GA004040_B,BENDER,STEPHANIE,JACQUELINE,1970-12-10,1970,56,F,W,NL,UNA,NC,ROCKINGHAM,223 OLD GREENSBORO RD,REIDSVILLE,27320,9109610899,05/03/2016,I,V0008179
104026_B,MH000169_B,ROLLINS,CHRISTINE,SARAH,1981-04-02,1981,45,F,W,HL,REP,,MECKLENBURG,,CHARLOTTE,28227,,12/01/2007,A,V0005936
108795_B,GT007698_B,FITZGERALD,VICKY,,2007-11-19,2007,19,F,B,NL,DEM,NC,MECKLENBURG,470 WALKER AVE,HUNTERSVILLE,28078,,10/18/2025,I,V0002405
104481_B,NY008195_B,HOGAN,MARGARET,SIERRA,1989-06-26,1989,37,F,U,NL,UNA,,PAMLICO,262 FARRINGTON RD LOT 2,GRANTSBORO,28529,7046178927,03/25/2007,A,V0006817
102600_B,EH001959_B,DAVIS,MELINDA,ELIZABETH,1976-03-22,1976,50,F,W,UN,UNA,WI,CRAVEN,1249 UNIVERSITY CITY BLVD,NEW BERN,28562,,06/13/2014,A,V0002969
108553_B,SJ004535_B,HARLEY,MATTHEW,DAMIEN,1990-07-07,1990,36,M,B,UN,UNA,OH,GUILFORD,385 ROBINSON RD,GREENSBORO,27406,,05/20/2008,A,V0005940
109576_B,HA000740_B,THORNTON,JOSEPH,EDUARDO,1993-06-10,1993,33,M,U,UN,DEM,,WAKE,273 NEW HOPE CHURCH RD,FUQUAY VARINA,27526,,09/08/2011,I,V0007834
102296_B,JF009416_B,RATLIFF,ROGER,,2003-10-10,2003,23,M,B,NL,DEM,,HARNETT,136 LEE ST,ERWIN,28339,,05/06/2021,A,V0009063
109947_B,TA001812_B,PURCELL,RILEY,,1997-09-14,1997,29,F,A,NL,UNA,OC,MECKLENBURG,,CHARLOTTE,28205,9105979012,08/20/2022,A,V0007776
100850_B,CR001576_B,HOPKINS,MICHELLE,MELINDA,1968-08-20,1968,58,F,W,UN,REP,PA,WAKE,202 DEERFIELD DR LOT 8,CARY,27519,2527645619,06/13/1997,A,V0002779
105691_B,LC004920_B,LAMBETH,JAMI,,1966-10-01,1966,60,F,B,NL,UNA,NC,GUILFORD,240 UNIVERSITY RD,GREENSBORO,27404,8283993396,08/13/2024,A,V0004870
102630_B,VZ009069_B,GATES,HEATHER,ELIZABETH,1991-09-13,1991,35,F,B,NL,UNA,,MECKLENBURG,,CHARLOTTE,28215,,09/21/2020,R,V0003991
101619_B,SG001732_B,ROBERTS,SANDRA,CONNIE,1978-04-25,1978,48,F,W,NL,REP,NC,WAKE,34 MORGAN RD APT 5,RALEIGH,27613,,01/08/2025,A,V0001342
100079_B,VV009341_B,LANIER,CARSON,TRAVIS,1974-07-02,1974,52,M,W,NL,UNA,IL,FORSYTH,5279 NORTHRIDGE DR,CLEMMONS,27012,,05/15/2021,A,V0007668
105010_B,TD004954_B,BAGLEY,STEVEN,BRIAN,1969-02-11,1969,57,M,W,NL,DEM,NC,CLEVELAND,970 DOGWOOD LN,LAWNDALE,,,05/06/2026,R,V0002439
107298_B,LW001332_B,MORRISON,DONOVAN,,1979-09-08,1979,47,M,W,NL,REP,PA,IREDELL,342 US HWY 70 W APT 6,MOORESVILLE,28115,5098076068,09/10/2012,A,V0001819
109254_B,TG002599_B,DAVIS,BRITTANY,JENNIFER,1966-07-20,1966,60,F,W,NL,REP,NC,RANDOLPH,212 ZION CHURCH RD,TRINITY,27370,,02/22/2001,A,V0004256
109368_B,YB006721_B,WAGONER,JOHN,MDDIE,1964-05-02,1964,62,M,W,NL,REP,NC,CUMBERLAND,3390 CHERRY ST,FAYE.,28304,7048933349,07/08/2009,R,V0001488
103104_B,JV005925_B,TAYLOR,JACKIE,BERNARD,1989-11-03,1989,37,M,W,NL,UNA,NC,RANDOLPH,2660 FAIRVIEW RD,ASHEBORO,27203,3365480180,05/25/2021,A,V0008528
102294_B,FA005094_B,HALE,KAREN,,1986-11-23,1986,40,F,W,UN,REP,NC,DURHAM,,DURHAM,27703,,03/14/2025,R,V0004198
104618_B,HZ001622_B,JEFFREYS,HOHNATHAN,CHARLES,,1928,98,M,U,NL,UNA,NC,ONSLOW,1499 SPRING GARDEN ST,SNEADS FERRY,28466,9104169403,12/10/2012,I,V0003497
105987_B,JH000437_B,WILSON,KAREN,MICHAEL,1963-08-23,1963,63,U,W,NL,REP,ME,CUMBERLAND,31 BRENTWOOD DR,FAYETTEVILLE,28314,,10/04/1999,R,V0000622
102937_B,KJ003356_B,KRAMER,MARISOL,EMILY,1992-03-10,1992,34,F,W,NL,UNA,NJ,CRAVEN,4350 E MAIN ST APT 8,NEW BERN,28562,,03/22/2020,A,V0002936
109112_B,AH006854_B,HUGHES,BARBARA,,1965-04-27,1965,61,F,W,NL,UNA,CA,CRAVEN,937 ELLIS RD,HAVE.,28532,9805344759,02/19/2018,A,V0006882
100073_B,YF000313_B,HAYDEN,ALLEN,FARRY,1994-11-01,1994,32,M,B,NL,UNA,PA,LEE,3119 TAYLOR ST,SANFORD,27336,,09/15/2012,R,V0003917
108706_B,CB001067_B,BOWMAN,SIERRE,SARA,1988-06-27,1988,38,F,W,UN,REP,NC,HOKE,477 AIRPORT RD,RAEFORD,28376,,11/07/2024,A,V0004888
109677_B,LY008774_B,RODRIGUEZ,KEITH,LONNIE,2000-12-02,2000,26,M,U,NL,DEM,NC,WILKES,1813 W MAIN ST,HAYS,28635,,10/16/2018,R,V0008130
102662_B,MW006611_B,BARNRS,RALPH,,1999-07-01,1999,27,M,B,UN,DEM,NC,MECKLENBURG,8392 WALNUT ST,CHARLOTTE,28227,,11/15/2021,A,V0001723
106418_B,TA007563_B,BRVWN,ELIZABETH,CHRISTINE,1996-10-12,1996,30,U,W,UN,DEM,TX,SAMPSON,2265 COLONIAL DR LOT 14,ROSEBORO,28382,,08/04/2023,A,V0006614
103891_B,HY007800_B,MAYS,BRIAN,,1985-04-10,1985,41,M,O,NL,DEM,OH,PERSON,86 E MAIN ST,ROXBORO,27574,2523337417,10/08/2006,A,V0004490
103320_B,AC000944_B,BRADLEY,MARY,KENNEDY,1995-01-12,1995,31,F,W,UN,REP,NC,MITCHELL,64 INGLESIDE DR,BAKERSVILLE,28705,,07/26/2013,A,V0002457
106947_B,KW000247_B,HENDRICKSON,BRENDA,,2004-06-26,2004,22,F,B,UN,UNA,NC,BURKE,19261 SHADY LN,MORGANTON,28655,,01/07/2026,A,V0003440
109582_B,ZD007569_B,REYNOLDS,CASSANDRA,,1979-04-11,1979,47,F,W,NL,REP,SC,BUNCOMBE,2271 BUFFALO SHOALS ROAD,WEAVERVILLE,28787,,08/22/2008,A,V0004705
106985_B,LP001592_B,EDWARDS,HALEIGH,,1961-08-02,1961,65,U,W,UN,REP,VA,DAVIDSON,1720 RIVER RD,THOMASVILLE,27360,,07/25/2013,I,V0001645
108298_B,VS000216_B,SELLERS,ASHLEY,ALLISON,1972-09-25,1972,54,F,W,UN,UNA,FL,IREDELL,3705 CHURCH RD,MOORESVILLE,28117,,02/11/2024,R,V0007585
102924_B,ZE003017_B,DAVIS,DEAN,GREGORY,1982-08-23,1982,44,M,W,UN,UNA,,JOHNSTON,364 CLIFTON RD,GARNER,27529,,04/27/2003,A,V0001194
106324_B,ER005864_B,STEWART,MICHAEL,,1998-05-02,1998,28,M,W,UN,DEM,IL,CUMBERLAND,1452 JNIVERSITY DR,FAYETTEVILLE,28314,9808318040,09/09/2016,A,V0008165
101451_B,ZT006477_B,VINCENT,DEBORAH,,1947-03-19,1947,79,F,W,UN,UNA,,SURRY,2898 EDGEWOOD DR,MOUNT AIRY,27030,,01/02/2012,A,V0003889
104707_B,LX003549_B,KINNEY,DONNA,CASSIE,1961-08-03,1961,65,F,W,NL,LIB,MO,UNION,333 FAIRWAY DR,MONROE,28110,,12/25/1996,A,V0004446
105505_B,FT007810_B,SYKES,JAMES,,1981-07-04,1981,45,M,W,NL,REP,NC,CALDWELL,1561 MEADOWVIEW DR,GRANITE FALLS,28630,,07/05/2014,R,V0005725
107155_B,VD007514_B,BROOKS,ANTONIO,,1965-02-04,1965,61,M,B,NL,DEM,,BUNCOMBE,1411 JOHNSON RD,BARNARDSVILLE,28709,8438276248,10/18/2020,A,V0003496
104038_B,ZW008152_B,HUGHES,CHARLOTTE,,1957-02-04,1957,69,F,W,NL,UNA,LA,WAKE,805 WALKER AVE LOT 15,RALE.,27610,,07/27/2017,R,V0005590
104976_B,VS001656_B,SHORT,SXERRY,,1991-03-04,1991,35,F,W,NL,UNA,NY,MACON,89808 ELIZABETH AVE,FRANKLIN,28734,3367155101,07/27/2018,R,V0008360
102314_B,HB006294_B,MCKINNON,DANIEL,ANDRE,1967-01-02,1967,59,M,U,UN,UNA,NC,RUTHERFORD,399 LAKEWOOD DR,FOREST CITY,,3362631354,05/06/2017,A,V0002062
100162_B,SB009177_B,WATTS,DRITTANY,,1931-07-12,1931,95,F,W,NL,UNA,NC,MECKLENBURG,378 FRANKLIN ST APT 11,CHARLOTTE,28277,,05/12/2007,A,V0004616
102418_B,DD009316_B,BUMGARDNER,KATRINA,,1990-09-18,1990,36,F,B,NL,DEM,NC,CABARRUS,6938 ROBINSON RD,CONCORD,28027,2524736669,03/09/2008,I,V0003899
106880_B,ZF001177_B,BOYD,GABRIELLA,,1967-05-11,1967,59,U,B,UN,DEM,NC,CABARRUS,337 OLD OAK RIDGE RD UNIT 6,KANNAPOLIS,28081,5402696716,02/04/2022,I,V0002056
102912_B,XG009706_B,RUFFIN,WILLIAM,CARTER,1955-02-11,1955,71,M,W,UN,UNA,VA,LENOIR,6935 NORTHRIDGE DR UNIT 27,L. GRANGE,28551,,07/21/2026,A,V0007304
103716_B,XK007366_B,MARLEY,RUBY,DENISE,2000-09-01,2000,26,F,W,UN,DEM,IL,HOKE,378 CEDAR CREEK RD,RAEFORD,28376,3367210061,12/17/2018,A,V0003266
106217_B,RG006843_B,POINDEXTER,JAMES,DAVID,1995-01-27,1995,31,M,W,NL,UNA,FL,WAKE,172 FOREST HILL DR,RALEIGH,27613,,05/05/2024,A,V0005836
100408_B,ES004940_B,MCCALL,JESSICV,BRANDI,1990-10-16,1990,36,F,B,UN,DEM,NC,CRAVEN,1298 LAKESHORE DR,VANCEBORO,28586,,11/04/2021,A,V0000556
100605_B,HA009251_B,REED,STEVEN,,1952-07-27,1952,74,M,W,NL,REP,NC,MACON,1217 PLEASANT GROVE CHURCH RD,FRANKLIN,,,04/25/2024,A,V0002487
100553_B,ZG002813_B,MAYNARD,WILLIAM,CHARLES,1997-09-23,1997,29,M,W,NL,DEM,OC,BURKE,1286 BEHHEL CHURCH RD LOT 2,MORGANTON,28655,7138748494,07/09/2015,A,V0004908
107529_B,GE007153_B,THOMAS,ARTHUR,,,1971,55,M,U,UN,UNA,NC,RUTHERFORD,780 OAKLAND AVE,FOREST CITY,28043,9104497348,12/07/2020,A,V0008527
102091_B,MX003760_B,FOSTER,DONALD,,1998-09-11,1998,28,M,W,NL,UNA,AL,ROWAN,920 NEW HOPE CHURCH RD,SALISBURY,,,07/09/2016,A,V0004086
109204_B,TF002243_B,WALTERS,JAMES,BOBBY,1950-10-10,1950,76,M,W,NL,REP,,DURHAM,164 MOCKINGBIRD LN,DURHAM,27701,,07/05/2003,A,V0005116
109986_B,YT009795_B,RANDALL,JERRY,BRADLEY,1976-11-25,1976,50,M,W,NL,UNA,NC,CATAWBA,1810 MARTIN LUTHER KINF JR DR,HICKORY,28601,,02/22/1994,R,V0003138
100363_B,LS000935_B,HAYNES,BRADEN,,1996-09-20,1996,30,M,W,NL,REP,AL,CHOWAN,8512 S MAIN ST,EDENTON,27932,,10/03/2022,R,V0004904
103207_B,PD003237_B,YANG,DRVID,JOE,1952-11-22,1952,74,M,W,NL,DEM,NC,DURHAM,1391 ST ANDREWS DR,DURH.,27705,7047664883,12/18/2019,D,V0004511
102482_B,NP000052_B,PETERS,MICHAEL,,1998-10-24,1998,28,M,W,UN,DEM,NC,FORSYTH,66 E 8SH ST,WINSTON SALEM,27105,,11/06/2022,A,V0001302
100259_B,LD001794_B,WICLIAMS,PHYLLIS,JAIME,1941-11-07,1941,85,U,W,UN,REP,,WAKE,3409 SOUTH BLVD,RALEIGH,27613,9807977929,02/16/2023,R,V0009488
108949_B,FD004866_B,MCCOY,AMY,LISA,2000-10-10,2000,26,F,W,NL,UNA,NC,ROWAN,1781 EDGETOOD DR,SALISBURY,28144,,11/17/2026,I,V0002122
104081_B,VC007519_B,WARREN,ROBEJT,,1969-05-07,1969,57,M,W,NL,DEM,MI,HERTFORD,1797 CEDAR LANE,AHOSKIE,27910,,02/25/2026,I,V0008328
105211_B,TZ001742_B,COOPER,MARIA,,1978-12-09,1978,48,F,W,UN,UNA,FL,SURRY,2205 SPRING DR,ELKIN,28621,,02/15/1996,A,V0006590
107056_B,YW001009_B,CHASTAIN,CARRIE,SHIRLEY,1946-04-23,1946,80,F,W,UN,REP,MI,ORANGE,1764 COOK RD APT 8,HILLSBOROUGH,27278,3362887173,02/01/2022,A,V0007725
102854_B,AZ000722_B,DAUGHERTY,JOSEPH,MARVIN,1965-08-23,1965,61,U,W,UN,UNA,NC,RANDOLPH,59 WILDWOOD DR,TRINITY,27370,,02/12/2014,A,V0008386
107044_B,FM007893_B,COBB,JAMES,ANDREW,1953-07-03,1953,73,M,B,NL,REP,NC,HOKE,1964 BEATTIES FORD RD,RAEFORD,28370,,07/18/2018,R,V0005411
103800_B,CA003593_B,LILES,JACK,,1951-12-02,1951,75,M,B,UN,DEM,OC,MECKLENBURG,,CORNELIUS,28031,,10/06/2008,D,V0006638
100065_B,CA003457_B,HOOD,HEATHER,,1973-08-22,1973,53,F,W,NL,DEM,NC,CATAWBA,59151 BEATTIES FORD RD,SHERRILLS FORD,28673,,06/06/2002,A,V0004663
101554_B,WM001339_B,SMITH,ROSE,,1963-08-27,1963,63,F,W,UN,REP,IL,ALAMANCE,1567 MORNINGSIDE DR,GIBSONVILLE,27249,,05/02/2024,A,V0004638
108141_B,BD002940_B,CLONINGER,ANNETTE,JESSICA,2003-12-13,2003,23,F,B,NL,DEM,,WAKE,414 OAK GROVE CHURCH RD,RALEIGH,27604,7432678466,06/23/2024,I,V0003878
102399_B,LT003623_B,CLEVELAND,DENNIS,ANTHONY,1966-06-22,1966,60,M,W,NL,UNA,,NORTHAMPTON,3730 E 5TH ST,GAST.,27832,6102416184,03/24/2020,A,V0001203
102025_B,NL007042_B,WEBB,MAMIE,SUZANNE,1958-10-27,1958,68,F,W,NL,UNA,NC,BUNCOMBE,65 CHURCH VT,ASHEVILLE,28804,8086674324,05/26/2000,A,V0001353
104046_B,XX004128_B,PETERSON,LOIS,RBCHEL,1990-07-01,1990,36,F,W,HL,UNA,,DARE,151 W MAIN ST,MANTEO,27954,,01/27/2012,I,V0009140
102295_B,DG008001_B,HAMPTON,EVELYN,,1998-12-09,1998,28,F,W,NL,DEM,NC,GUILFORD,26 BUCKHORN RD,GREE.,27455,,06/17/2017,A,V0000479
101847_B,AX000248_B,KIPG,COLLEEN,,1986-03-07,1986,40,F,B,NL,DEM,OH,MOORE,324 WILDWOOD RD,WEST END,27374,9288359346,01/10/2024,A,V0004375
104383_B,EB004730_B,LOVE,JAKE,,1990-02-04,1990,36,M,O,NL,UNA,PR,MECKLENBURG,2617 HAWTHORNE LN,CHARLOTTE,28205,8285425000,04/15/2016,I,V0002774
108690_B,JZ009261_B,LANDRY,EDWII,,1948-04-04,1948,78,M,W,NL,DEM,NC,NEW HANOVER,114 SWNSET DR,WILMINGTON,28405,8288998630,08/23/2023,A,V0003909
107374_B,ZP008107_B,KILBY,BETTY,ANGELA,1997-03-05,1997,29,F,W,NL,REP,NC,HENDERSON,5232 COLPNY DR,HENDERSONVILLE,28739,,02/15/2023,I,V0000953
104520_B,VK007795_B,MITCHELL,JAMES,,1988-03-21,1988,38,M,W,NL,REP,GA,JOHNSTON,306 BROOKFIELD DR,CLAYTON,27520,9106119431,01/19/2023,A,V0007981
109339_B,PE003250_B,ARNOLD,LISA,MAVIE,2000-08-15,2000,26,M,W,NL,DEM,NC,JOHNSTON,6975 OAK RIDGE DR,SMITHFIELD,27577,,12/23/2018,A,V0003509
100270_B,KA006752_B,CAUSEY,RONNIE,,1979-12-19,1979,47,M,W,NL,UNA,LA,MECKLENBURG,,CHAR.,28269,,11/17/2020,I,V0005688
108615_B,YT001602_B,OSBORNE,ALLIE,,1961-03-28,1961,65,F,B,NL,DEM,IN,HENDERSON,946 LIBERTY STREET,FLAT ROCK,28731,9195963020,01/22/2024,A,V0001247
102031_B,YA000501_B,PHILLIPS,CHARLES,LAUREN,2002-04-08,2002,24,U,I,UN,UNA,NC,MECKLENBURG,8161 FAIRVIEW NT,HUNT.,28078,,04/22/2023,R,V0001435
104749_B,FK003102_B,RIDDLE,STACY,SARAH,1986-05-17,1986,40,F,W,NL,REP,,BUNCOMBE,5992 BROOKWOOD DR,FAIRVIEW,28730,7044743425,08/09/2026,A,V0005241
101922_B,DF004218_B,KENNEDY,SNOTT,,1957-10-21,1957,69,M,W,NL,REP,SC,WAKE,664 MEMORY LN,RALEIGH,27610,,06/12/2017,R,V0001020
108491_B,MG004504_B,COHEN,STACEY,,1948-06-02,1948,78,F,U,UN,REP,NC,BRUNSWICK,586 SADDLEBROOK DR,CALABASH,28461,,02/13/2016,A,V0003156
100420_B,CS009056_B,EDGE,KATHERINE,CYPTHIA,1998-10-28,1998,28,F,W,NL,UNA,,JOHNSTON,613 ANTIOCH CHURCH RD,CLAYTON,,6193992102,12/05/2017,A,V0004702
104048_B,JW009550_B,HERNAWDEZ,JESSICA,UARLA,1992-04-11,1992,34,F,W,NL,REP,OH,GASTON,6104 N FAYETTEZILLE ST,GASTONIA,28056,,12/06/2025,A,V0005004
105216_B,LW006398_B,CAMPBELL,ELIZABETH,,2002-03-07,2002,24,F,W,NL,REP,GA,NEW HANOVER,1113 W TREMONT AVE,WILMINGTON,28409,9197517856,09/12/2024,A,V0007103
106470_B,BZ002182_B,WISE,KELLI,DANIELLE,1944-01-05,1944,82,F,U,NL,UNA,NC,DAVIDSON,566 SULPHUR SPRINGS RD,LEXI.,27295,9105857449,04/22/2004,A,V0001379
103347_B,TL008187_B,LEWIS,CHARLES,WAYNE,2002-04-26,2002,24,M,W,NL,DEM,FL,WILSON,8890 MARYLAND AVE,BLACK CREEK,27813,,02/11/2025,R,V0008331
106160_B,SW009831_B,SANTIAGO,STEPHANIE,,1962-12-18,1962,64,F,W,NL,DEM,NC,AVERY,3492 LAWNDALE DR,NEWLAND,28657,,05/14/1998,A,V0008373
101363_B,BA000023_B,ALI,JANET,,1922-03-09,1922,104,F,W,NL,UNA,NC,RUTHERFORD,3550 OLD RIVER ROAD,LAKE LURE,28744,9193288530,10/16/2026,A,V0008129
103482_B,LD008746_B,VANCE,CECILIA,,1934-11-25,1934,92,F,W,NL,DEM,NC,GUILFORD,140 VILLAGE DR,HIGH POINT,27260,,11/06/2000,A,V0000890
106357_B,XM005719_B,SIMMONS,PATRICIA,LYNN,1978-10-21,1978,48,F,W,NL,UNA,LA,ONSLOW,831 BROOKWOOD DR UNIT 4,SNEADS FERRY,28460,9194028891,02/06/2004,A,V0001310
107405_B,VL007441_B,BOND,KELLY,NIKKI,1958-02-11,1958,68,F,B,UN,UNA,NC,WATAUGA,666 COLONY RD,boone,28600,7047482621,07/07/2002,A,V0001498
101873_B,GS000667_B,CHANDLER,JOHNNY,,,1933,93,F,B,NL,DEM,VA,WAYNE,3026 A ST,MT OLIVE,,,07/28/2016,A,V0001771
102269_B,FG005999_B,ROGERS,MIRIAM,DESTINY,1952-07-05,1952,74,F,W,NL,REP,NC,BUNCOMBE,2233 TOWER RD,ASHEVILLE,28803,,09/01/2020,A,V0002519
106342_B,TS004733_B,BETHEA,BLAKE,CLIFFORD,1994-03-03,1994,32,M,W,NL,UNA,NC,MECKLENBURG,613 SALEM CHURCH RD,CHARLOTTE,28215,,10/03/2020,A,V0007234
103028_B,AZ008427_B,COPELAND,LAUREN,,2002-07-12,2002,24,F,B,NL,DEM,NJ,WAKE,1092 FORESTDALE DR APT 5,RALEIGH,27613,2524516783,05/10/2020,A,V0000455
106265_B,HJ002132_B,TURNER,MARK,,1987-09-03,1987,39,U,W,UN,DEM,NC,GUILFORD,55 WHITE OAK ROAD,WHITSETT,27377,,04/08/2008,A,V0008537
100254_B,PN002096_B,BARLOW,HEATHER,DEANNA,1973-11-09,1973,53,F,W,UN,UNA,NC,VANCE,105 SUMMIT AVE,HENDERSON,27537,8282207098,03/01/2017,A,V0009412
103097_B,TW003318_B,HILL,ANDREW,JASON,1989-10-13,1989,37,M,W,NL,UNA,NC,MECKLENBURG,6959 HIGH ROCK RD,CHARLOTTE,28277,,03/13/2011,R,V0001964
100141_B,WK006318_B,THOMAS,EDWARD,,1990-08-23,1990,36,M,W,UN,DEM,NC,LEE,45636 JACKSON ST LOT 25,SANFORD,27330,,11/01/2008,I,V0004857
100477_B,PC004533_B,SMITH,HENRY,RYAN,1962-01-27,1962,64,M,W,NL,REP,OC,DURHAM,3827 VALLEY DR LOT 38,DURHAM,27705,,06/21/1995,A,V0008409
104049_B,RR002529_B,REESE,COURTNEY,YVONNE,1961-12-09,1961,65,F,W,NL,UNA,,GUILFORD,1866 LAWNDALE DR,GREENSBORO,27407,3363536141,12/12/2021,A,V0001725
103100_B,CT009164_B,BURROUGHS,CRAIG,WILLIAM,1946-12-20,1946,80,U,O,NL,REP,CT,LINCOLN,3756 FAYETTEVILLE RD,DENVER,28037,,07/02/2002,A,V0004298
105048_B,SL008133_B,LAWRENCE,TIMOYHY,RICHARD,1950-07-24,1950,76,M,W,NL,REP,,NEW HANOVER,,WILMINGTON,28405,,01/17/2026,A,V0005656
104266_B,CT000587_B,JOHNSON,RONNIE,,1943-06-15,1943,83,M,O,NL,REP,NC,NEW HANOVER,167 SOUTU ST APT 29,WRIGHTSVILLE BEACH,28480,8286532879,03/20/1962,A,V0005246
100012_B,RR003838_B,MOORE,MARY,DEBRA,1983-03-04,1983,43,F,B,NL,DEM,CA,GUILFORD,7436 SHARON RD,GREENSBORO,,,08/26/2001,A,V0004046
101070_B,JF004400_B,NORWOOD,WILLIAM,,1949-04-02,1949,77,M,W,NL,REP,,BUNCOMBE,237 FRONT ST LOT 31,WEAVERVILLE,28782,,02/20/2010,A,V0001180
102302_B,BE005599_B,HAGER,KAREN,,1957-11-01,1957,69,U,W,NL,UNA,NC,HOKE,420 WESLEY DR,PARKTON,28371,,10/25/1991,I,V0000404
104765_B,WP000919_B,SCOTT,JESSICA,BAMIE,1992-05-27,1992,34,F,W,NL,REP,,GUILFORD,555 LAKEWOOD DRIVE,HIGH POINT,27265,,02/19/2024,A,V0004845
106366_B,DX001131_B,LEE,RONALD,JOSHUA,2004-04-02,2004,22,M,B,UN,DEM,NC,MECKLENBURG,1598 NC 54,CHARLOTTE,28215,,10/19/2023,A,V0007896
103502_B,YC001866_B,BELL,MADISON,ADDISON,1991-01-01,1991,35,F,B,UN,DEM,NC,YADKIN,588 EASTWAY DR,EAST BEND,27018,,02/27/2010,A,V0003494
101367_B,YK005771_B,RILEY,COBERT,,2000-08-24,2000,26,M,W,NL,REP,NC,DURHAM,3707 WESTCHESTER DR,DURHAM,27703,,04/19/2018,A,V0002840
104658_B,FT001163_B,WILSON,GERALD,DONALD,1995-10-04,1995,31,U,W,NL,REP,NC,CLEVELAND,195 NC 54,SHELBY,28150,8282409618,01/15/2013,A,V0005115
107334_B,SE003400_B,STEPHENSON,EMILY,,1953-06-20,1953,73,F,U,NL,UNA,NJ,BUNCOMBE,252 MEADOW LN,WEAVERVILLE,28787,,03/14/2017,A,V0006029
100047_B,XT008925_B,BALDWIN,ERIC,MATTHEW,1985-02-13,1985,41,M,B,NL,DEM,VA,SAMPSON,3859 WILDWOOD RD UNIT 5,SALEMBURG,28385,7046555631,01/09/2016,I,V0000030
107172_B,PY003541_B,MCGRATH,RUBY,CELESTE,1976-09-02,1976,50,F,W,NL,DEM,SC,DARE,8533 OAKDALE RD,AVON,27915,2529510026,01/12/2003,A,V0004488
101794_B,BA007545_B,REED,SANDRA,CHRISTOPHER,1987-08-11,1987,39,U,W,UN,DEM,VA,WAKE,313 DELANEY DR,RALEIGH,27611,,05/15/2024,A,V0009210
101359_B,YP000057_B,HURLEY,JAMES,GERALD,1964-12-01,1964,62,U,O,NL,REP,NC,RANDOLPH,61 MARTIN LUTHER KING JR BLVD,ASHEBORO,27205,,01/17/2022,A,V0007637
101071_B,KH002681_B,PALMER,ASHLEY,,1987-12-14,1987,39,F,W,NL,DEM,NC,SURRY,1234 E SOUTH ST APT 8,elkin,28621,,09/22/2017,A,V0005236
106590_B,BD006900_B,BUTLER,ERIC,,1985-04-18,1985,41,M,U,UN,DEM,PA,ORANGE,467 CEDAR ST,CARRBORO,27510,7049863479,06/21/2018,A,V0009408
103664_B,MF000014_B,WILSON,STEVEN,,1943-12-23,1943,83,M,W,UN,REP,NC,MECKLENBURG,283 HILLSBOROUGH ST UNIT 22,CHARLOTTE,28269,2522371263,05/18/1984,A,V0000119
104894_B,YV002258_B,SEARCY,CHARLIE,,1994-06-09,1994,32,M,W,NL,REP,NC,BUNCOMBE,,CANDLER,28715,,09/22/2026,A,V0001735
106810_B,GW002497_B,MANN,PEARL,ALLISON,1989-05-28,1989,37,F,U,NL,UNA,,FORSYTH,1192 MARTIN LUTHER KING JR BLVD,CLEMMONS,27012,,03/15/2015,R,V0006642
104164_B,AW005665_B,REDDICK,DENISE,,1961-06-25,1961,65,F,B,NL,DEM,,ROBESON,167 ELLIS RD LOT 3,LUMBERTON,28358,,09/17/2024,A,V0003656
104586_B,GB006875_B,MARSH,HANNAH,,1976-02-24,1976,50,F,U,NL,DEM,NC,NEW HANOVER,1938 HILESIDE DR,WILMINGTON,28403,2527563126,06/28/1994,R,V0004593
107996_B,PY006909_B,RHITE,STEPHANIE,KIMBERLY,1971-11-08,1971,55,F,W,NL,DEM,CA,GUILFORD,3883 FOREST RD,GREENSBORO,27405,,10/16/2020,A,V0000441
104273_B,HD007040_B,CURRAN,JULIA,,1933-08-17,1933,93,F,B,NL,DEM,NC,IREDELL,9819 BETHEL RD,TROUTMAN,28166,,04/01/2008,A,V0005101
104872_B,HH007626_B,SASSER,JEFFERSON,DAVID,1993-06-26,1993,33,M,W,UN,UNA,CO,WAKE,1096 FRANKLIN ST,WENDELL,27591,,04/07/2011,I,V0006540
100449_B,PA003566_B,BROWN,MICHAEL,CAMERON,1958-10-12,1958,68,M,W,UN,UNA,MD,JOHNSTON,385 E SOUTH ST,CLAYTON,27527,,01/05/2026,I,V0007004
100640_B,GV001868_B,ANDERSON,LOIS,,1999-11-23,1999,27,F,W,NL,REP,MD,UNION,254 WESTERN BLVD,WAXHAW,28173,5048274110,07/11/2017,A,V0000692
104561_B,ZX003252_B,SPENCER,ASHANTI,KIMBLRLY,2000-08-15,2000,26,F,B,NL,DEM,NC,JOHNSTON,105 CEDAR ST,SMITHFIELD,27577,,02/24/2024,I,V0003118
108918_B,GE001366_B,HORN,WADE,,1938-04-09,1938,88,M,W,UN,REP,NC,CLAY,9818 ROGERS RD,HAYESVILLE,28904,,07/07/2018,A,V0008888
107417_B,LT003560_B,HIGGINS,SARAH,HELEN,2008-02-16,2008,18,F,B,NL,DEM,GA,RICHMOND,37 SANDERS RD,HAMLET,28345,8286883691,01/06/2026,A,V0007100
104870_B,BM000148_B,MCGEE,JASYN,,2006-10-20,2006,20,M,O,NL,UNA,MA,WILSON,78979 PICKETT RD,BAILEY,27807,,07/03/2024,I,V0004828
106932_B,CH008634_B,DELGADO,RACHEL,ROBYN,1986-01-12,1986,40,F,B,UN,DEM,PA,RANDOLPH,1726 OLD OAK RIDGE RD,RAMSEUR,27316,,04/27/2022,A,V0003622
107380_B,DB002736_B,HOOPER,ELIZABETH,,1994-10-23,1994,32,U,O,NL,UNA,PA,DUPLIN,171 FAIRWAY DRIVE,WALLACE,28466,,03/28/2012,R,V0007050
101766_B,LE004151_B,FREEMAN,KENYA,,1985-08-11,1985,41,F,B,NL,UNA,,DURHAM,914 RIDGECREST DR APT 2,DURHAM,27703,,11/16/2003,A,V0008670
102325_B,JD007556_B,BAKER,BRUCE,,2007-09-24,2007,19,M,W,UN,UNA,,WAKE,1541 CHAPEL HILL RD APT 36,FUQUAY VARINA,27526,8284989466,11/07/2025,A,V0005245
106510_B,DT006942_B,MILLER,IELSON,SEAN,1980-11-09,1980,46,M,U,NL,UNA,NC,ROBESON,980 E 36TH ST,ORRUM,,,10/18/2025,R,V0004378
102604_B,RT000141_B,BROWN,DEANNA,,1983-08-19,1983,43,U,W,UN,UNA,GA,DARE,267 WINDSOR DR,KITTY HAWK,27949,,05/15/2008,A,V0003392
100585_B,NZ001858_B,CLARK,JOHN,,1997-08-28,1997,29,M,B,NL,UNA,PA,BUNCOMBE,5385 JACKSON ST,ASHEVILLE,,2519633406,11/27/2015,A,V0007743
103875_B,LR009751_B,WALKER,DUSTIN,ROBERT,1952-02-24,1952,74,M,W,NL,DEM,,GUILFORD,8070 W FRANKLIN ST,GREENSBORO,27405,,07/04/2026,A,V0001197
104422_B,YP001278_B,HAM,LAURA,,2000-04-15,2000,26,F,B,UN,DEM,NV,ORANGE,417 AIRPORT RD,HURDLE MILLS,27541,,02/05/2018,R,V0006300
108050_B,JM005144_B,MANNING,AMANDA,,2003-10-08,2003,23,F,W,NL,DEM,TN,CUMBERLAND,2485 W ACADEMY ST APT 11,FAYETTEVILLE,28311,,01/25/2021,A,V0002339
104705_B,ZZ003073_B,DAVIDSON,MELISSA,HAZNAH,1966-04-22,1966,60,F,W,UN,UNA,NJ,WAKE,2315 OLEANDGR DR,RALEIGH,27615,,07/28/2001,A,V0002639
103439_B,XN004729_B,HALL,MICAH,,1954-09-16,1954,72,M,W,NL,DEM,PA,COLUMBUS,963 SAND HILL RD,CHADBOURN,28431,,10/16/2019,I,V0008128
102330_B,YM002398_B,VALDEZ,LAURA,LINDA,1971-06-09,1971,55,F,B,UN,UNA,NC,WAKE,2 BRIAR CREEK RD,WAKE FOREST,27587,,04/04/2024,A,V0004706
102643_B,VZ001480_B,HONEYCUTT,MARY,,,1959,67,F,W,NL,DEM,,DURHAM,645 COUNTY HOME ROAD,DURHAM,27704,3364790162,10/22/1988,R,V0008593
107201_B,FY007373_B,JENKINS,CRAIG,,1949-03-17,1949,77,M,B,NL,DEM,TX,JOHNSTON,908 E 7TH ST,CLAYTON,27520,,01/07/2001,I,V0007250
101779_B,AK000830_B,COX,CHRISTOPHER,,1958-01-17,1958,68,M,B,NL,DEM,,MECKLENBURG,157 BRENTWOOD RD,CHARLOTTE,28215,9109172211,03/28/2021,A,V0006979
107060_B,GB001915_B,GARRETT,JONATHAN,ROGER,2000-03-11,2000,26,M,I,NL,UNA,NC,WAKE,4560 BUFFALO SHOALS RD,RALEIGH,27610,9144670556,01/18/2018,A,V0006213
102367_B,FW001626_B,BRESON,VIRGINIA,,1944-02-09,1944,82,F,O,NL,UNA,SC,CRAVEN,8441 SHANNON DR,VANCEBORO,28587,,05/06/2022,A,V0000643
106362_B,YZ002046_B,SMITH,GEORGE,,1986-06-04,1986,40,M,W,NL,REP,SC,ALAMANCE,1480 LEES CHAPEL RD,BURLINGTON,27215,,02/26/2016,A,V0004973
102303_B,VT005554_B,MCFARLAND,AARON,MALCOLM,1964-07-27,1964,62,M,O,UN,UNA,CT,NEW HANOVER,1151 SPRING ST,WILMINGTON,28412,8286901714,06/24/2019,A,V0003060
107966_B,KE004922_B,HARRIS,LUCAS,THEODORE,1993-04-23,1993,33,M,W,NL,UNA,NC,YANCEY,476 MURCHISON RD APT 18,BURNSVILLE,,9103125762,08/14/2020,A,V0006762
105390_B,KH008123_B,TILLMAN,JACKSON,MICHAEL,1945-05-09,1945,81,M,B,NL,UNA,,RANDOLPH,581 N COLLEGE ST,TRINITY,27370,,10/08/2020,A,V0006774
100396_B,KN008756_B,JOHNSKN,CARROLL,TONY,2004-03-03,2004,22,M,B,NL,REP,NC,WAKE,485 WDLDWOOD RD,RALEIGH,27603,,04/15/2022,R,V0002560
109765_B,TY002253_B,COOPER,QUINCY,,1950-01-06,1950,76,M,W,NL,UNA,NC,BURKE,4263 ST ALBANS DR,MORGANTON,28655,,06/10/2021,D,V0007811
104636_B,SZ003090_B,XIGGINS,MICHELLE,,1986-10-20,1986,40,F,W,NL,UNA,IN,RANDOLPH,6188 OLD MOUNTAIN RD,ASHE.,27203,9805221493,02/15/2021,A,V0002847
106111_B,WR009666_B,COLLINS,ROBERT,,1960-12-24,1960,66,M,W,NL,UNA,,BRUNSWICK,,OCEAN ISLE BEACH,28469,,10/26/2020,I,V0000390
102394_B,NY007025_B,COX,KATHERINE,ANTHONY,1968-01-27,1968,58,U,W,NL,DEM,PA,MECKLENBURG,334 E FRANKLIN ST,CORNELIUS,28031,,09/21/2016,A,V0001285
101800_B,MK005817_B,MYERS,TONY,RONALD,1999-12-28,1999,27,M,W,NL,UNA,NC,HARNETT,2804 LOOV RD,ANGIER,27501,,06/17/2017,A,V0009476
106825_B,VT008802_B,TERRY,PEORGIA,,1976-09-07,1976,50,F,W,UN,REP,MI,BURKE,7730 W WILSON ST,HICKORY,28601,8649084997,02/06/2019,A,V0003793
105698_B,KJ002462_B,DAVIDSON,FRANCES,,1963-05-25,1963,63,F,W,NL,UNA,NC,BUNCOMBE,748 JAMES ST,ASHEVILLE,28803,,07/21/1988,A,V0002935
102992_B,AN006279_B,IREEN,JENNIFER,,,1941,85,F,W,UN,DEM,NC,DURHAM,1030 MUIRFIELD DR,DURHAM,27704,2679914697,09/01/1988,A,V0000756
105254_B,SV001223_B,HOLDER,JOSHUA,JOHNNIE,1979-08-08,1979,47,U,B,UN,DEM,NC,WAKE,1765 PARK DR,KNIGHTDALE,27545,8313839709,03/23/2026,A,V0003158
101671_B,KX004775_B,KELLY,BROOKE,KAREN,1974-02-17,1974,52,F,W,UN,REP,NC,GUILFORD,545 QUEEN ST,OAK RIDGE,27310,,03/27/2020,A,V0000450
107469_B,CA009383_B,WILLIAMS,SHANE,,1962-03-18,1962,64,M,B,NL,DEM,FL,COLUMBUS,902 HIGHLAND DR,WHITEVILLE,28472,,09/20/2020,A,V0000243
106417_B,HP001642_B,OXENDINE,KEVIN,,1924-02-06,1924,102,M,W,NL,UNA,CA,PITT,372 CHURCH ST UNIT 25,FARMVILLE,27828,,11/11/2022,A,V0006289
106879_B,LB007732_B,JOHNSON,MARRE,GLADYS,2002-10-04,2002,24,F,B,NL,DEM,NJ,ROWAN,3247 FAYETTEVILLE ST APT 6,SALISBURY,28142,,01/20/2020,A,V0008691
109663_B,BS005871_B,HALL,AUSTIN,,1974-12-13,1974,52,M,W,UN,REP,PA,MECKLENBURG,908 LAKEVIEW DR APT 7,CHARLOTTE,28269,9107431918,03/28/2017,R,V0006701
101375_B,CR005607_B,WELCH,STEVEN,DANIEL,1974-08-15,1974,52,M,W,NL,REP,VA,WAKE,2004 ANTIOCH RD,H. SPRINGS,27540,,08/09/2016,A,V0004668
100525_B,SV009727_B,BUMGARNER,BETTY,,1932-07-23,1932,94,F,W,NL,DEM,CT,CABARRUS,963 WOODLAND DR APT 37,KANNAPOLIS,28081,3364528095,04/06/2023,A,V0005000
107219_B,FL009615_B,MILLER,JAMES,ADRIAN,1983-01-15,1983,43,M,W,UN,UNA,NC,GUILFORD,271 N CHURCH ST,HIGH POINT,27260,,04/17/2021,A,V0002680
101261_B,FN009854_B,MABE,MICHAEL,MICHAEL,1986-09-10,1986,40,M,W,HL,REP,NJ,MECKLENBURG,1022 QUAIL RIDGE RD APT 10,CHARLOTTE,28269,,10/03/2022,A,V0005659
100178_B,LT003721_B,MCCLELLAN,CHLOE,,1966-08-12,1966,60,F,U,NL,UNA,NC,WAKE,303 W TRADE ST,RALEIGH,27603,2528477221,05/12/2025,R,V0000272
109445_B,RV005164_B,WHITESIDE,CHRISTINE,KELLI,1961-07-03,1961,65,F,B,NL,DEM,,TRANSYLVANIA,9036 CHERRY ST,LAKE TOXAWAY,28747,,11/12/2026,A,V0008946
109671_B,AX007216_B,SPARROW,MARY,,1987-03-08,1987,39,F,U,NL,DEM,NC,CABARRUS,234 HILLSBOROUGH ST,CONCORD,28025,8286771756,06/25/2008,A,V0007124
105607_B,DR004653_B,DEESE,ANDREA,MARGO,2003-11-13,2003,23,F,W,NL,DEM,NC,NEW HANOVER,3551 UNIVERSITY CITY BLVD,WILMINGTON,28412,,05/08/2021,A,V0002381
105279_B,WV000149_B,QING,DANIEL,JAMCS,1967-06-11,1967,59,M,B,UN,DEM,PA,FORSYTH,804 MARTIN LUTHER KING JR BLVD,WINSTON SALEM,27127,,05/07/1985,A,V0008713
107416_B,ZT002124_B,ENGLISH,EDGAR,,1946-03-06,1946,80,M,W,NL,REP,NC,HALIFAX,114 CARDINAL DR,ENFIELD,27823,,07/07/2022,A,V0001077
102575_B,BL003518_B,GODWIN,ANTHONY,HEATH,1969-11-09,1969,57,M,W,NL,REP,NC,ONSLOW,259 SAINT ANDREWS DR,JACKSONVILLE,28546,8289577262,03/13/2012,I,V0008753
101084_B,MT004466_B,WRIGHT,JASMINE,CLAYTON,1942-06-14,1942,84,U,U,HL,UNA,NC,MECKLENBURG,84135 PEACHTREE ST,CORNELIUS,28031,8434396530,07/07/2025,A,V0008663
100731_B,AG005661_B,SWANSON,CYNTHIA,DDWARD,1986-09-22,1986,40,U,W,UN,UNA,NC,HARNETT,359 FRIENDSHIP CHURCH RD LOT 33,CAMERON,28326,,04/03/2004,A,V0005049
103727_B,KM009208_B,COKER,STEPDEN,,1957-10-01,1957,69,M,U,NL,REP,NC,DURHAM,478 KNOLLWODD DR,DURHAM,27701,,02/15/2008,A,V0004091
101728_B,AN004857_B,THORNTON,WILLIE,VAN,1952-01-11,1952,74,M,B,NL,DEM,WA,EDGECOMBE,211 S ALSTON AVE,ROCKY MOUNT,27803,,05/09/2022,I,V0007636
106625_B,YY002815_B,TOMLINSON,ERIK,JONATHAN,1950-03-04,1950,76,M,O,UN,UNA,,GATES,2042 DAVIS ST,gates,27937,,10/03/2022,R,V0003566
102568_B,ZT002657_B,WATSON,JEFFERY,ERIC,1971-07-07,1971,55,M,W,UN,DEM,NC,DURHAM,821 N WEST ST,DURHAM,27705,,07/15/2023,I,V0003419
103404_B,HB009786_B,THOMSON,WANDA,,1996-02-28,1996,30,F,B,UN,UNA,NC,SAMPSON,256 COUNTRY CLUB DR,DUNN,28334,,04/11/2016,I,V0000678
104868_B,PS005886_B,PRICE,VICTORIA,,1940-04-19,1940,86,F,B,NL,DEM,CT,WAYNE,3686 CHARLES ST,DUDLEY,28333,2525414552,08/26/2026,R,V0007847
100801_B,EN005527_B,PARKER,NANDY,,2002-10-15,2002,24,U,U,UN,UNA,NC,WAKE,999 RALEIGH RD,APEX,27504,,07/04/2022,A,V0006896
101211_B,RZ009491_B,STONE,DONTA,,1972-03-06,1972,54,U,W,UN,DEM,OC,BRUNSWICK,,SUPPLY,28462,,02/01/2026,R,V0006500
107432_B,ES005113_B,BALLANCE,BARBARA,AUBREY,1971-09-10,1971,55,F,W,UN,DEM,NC,NASH,,SHARPSBURG,27878,9199788654,10/19/2024,A,V0003637
106309_B,HP005414_B,ARTIS,PRECIOUS,MELANIE,1962-03-19,1962,64,M,B,NL,DEM,NY,BUNCOMBE,743 DOGWOOD LN,ASHEVILLE,28804,9199105881,06/05/2000,A,V0007904
100665_B,WB004326_B,LOPEZ,BENJAMIN,,1994-12-01,1994,32,M,B,NL,DEM,NC,WAYNE,115 W MARKET ST,GOLDSBORO,27534,9107695999,12/16/2014,A,V0006176
105807_B,GB008036_B,GOMEZ,KXY,JENNIFER,1956-02-09,1956,70,F,W,NL,UNA,DE,MOORE,9400 STADIUM DR,ROBBINS,27325,,12/05/2026,A,V0009270
105941_B,FT001035_B,MIZE,SYDNEY,JANIS,1973-06-14,1973,53,F,W,UN,DEM,,HARNETT,50591 PLEASANT RIDGE RD,COATS,27521,,09/25/1991,A,V0003470
101183_B,YY007454_B,STALEY,JUSTIN,PEGGY,1955-10-16,1955,71,U,W,NL,UNA,NC,GASTON,110 E 8TH ST,GASTONIA,28056,,07/11/1990,R,V0001022
103964_B,KV005033_B,PUCKETT,JEREMY,SHERRY,1995-10-14,1995,31,U,U,NL,REP,VA,ROBESON,1097 IVEY RD,RED SPRINGS,28377,,07/23/2013,A,V0000543
103868_B,HA008704_B,BOONE,BEVERLY,,1999-04-28,1999,27,F,W,UN,DEM,,LEE,718 FRANKLIN ST,SANFORD,27334,2525836736,06/24/2017,A,V0002589
109968_B,BH001521_B,STEPHENS,FELICPA,BEVERLY,1973-09-02,1973,53,F,W,UN,REP,NC,WAKE,70 N MAIN ST,RALEIGH,27610,,06/06/2023,A,V0000416
106712_B,RA004340_B,MURRAY,TAYLOR,MAFGARET,1997-12-13,1997,29,F,W,NL,REP,GA,WAKE,,RALEIGH,27613,,04/26/2024,A,V0006273
104841_B,GS002298_B,HILL,FAIYH,,,1949,77,F,B,NL,DEM,NY,FRANKLIN,750 N BREVARD ST,FRANKLINTON,27525,,06/18/2016,A,V0007658
103179_B,TL002012_B,RANSOM,JOHNATHAN,MICHAEL,1948-11-13,1948,78,M,W,NL,REP,,BRUNSWICK,5744 W KING ST,BOILING SPRING LAKES,28461,5134398679,09/10/2015,A,V0000605
107901_B,WH005569_B,WEBBER,CAROL,,2004-12-11,2004,22,F,W,NL,REP,CO,CABARRUS,1330 ANDERSON RD,KANNAPOLIS,28083,,01/10/2022,A,V0008535
102203_B,LE003270_B,SATTERFIELD,JUSTIN,WILLIAM,1994-02-04,1994,32,M,W,NL,UNA,OC,GASTON,2055 WIMBLEDON DR,MOUNT HOLLY,28120,,02/13/2024,I,V0002861
100390_B,BK008475_B,SIDES,NOAH,,1985-01-15,1985,41,M,W,NL,UNA,WV,MOORE,280 LEE ST,CARTHAGE,28327,,03/18/2003,A,V0005981
105309_B,AP001104_B,TUCKER,RENE,EVA,1970-07-26,1970,56,F,W,UN,DEM,NC,DURHAM,132 MADISON AVE,DURHAM,27701,,07/27/2007,A,V0000262
101448_B,ZW001137_B,FLORES,JESSICA,CYRLY,1943-03-14,1943,83,F,B,NL,DEM,VA,MECKLENBURG,4489 WESTWOOD DR,HUNT.,28078,,06/16/2021,A,V0008146
100776_B,DE003505_B,THOMAS,ALEXIS,KYLA,1969-10-10,1969,57,F,U,NL,UNA,OC,WAKE,819 TOWER RD,RALEIGH,27603,,02/14/1994,A,V0001392
103316_B,EY002239_B,WEAVER,PAMELA,,1993-02-24,1993,33,F,W,NL,REP,NH,DURHAM,90889 WALKER RD,DURHAM,27713,,04/07/2024,A,V0000901
106073_B,XK007938_B,FLANAGAN,BARBARA,,1962-10-23,1962,64,F,W,NL,REP,SC,CALDWELL,450 HIGH ROCK RD,GRANITE FALLS,28630,,03/11/2012,A,V0008770
105187_B,MC008458_B,YOUNG,ARLENE,MADISON,1993-08-07,1993,33,F,B,NL,UNA,,MECKLENBURG,87 W 5TH ST,CORNELIUS,28031,,05/14/2026,I,V0001243
100095_B,SW009345_B,DICKEY,KEVIN,,1975-11-01,1975,51,M,W,UN,UNA,NC,MECKLENBURG,19545 ANTIOCH RD,CHARLOTTE,28277,,05/09/2019,A,V0007551
104655_B,PN008536_B,BIGGS,ROBERTO,,1990-08-03,1990,36,M,A,NL,UNA,TN,MECKLENBURG,1520 WHITE ST,HUNTERSVILLE,,,07/26/2009,A,V0005188
105882_B,TS008587_B,CARVER,SHANE,GERALD,1965-09-25,1965,61,M,B,UN,DEM,NC,MCDOWELL,3545 WHITG OAK DR,MARION,28752,3366763029,09/28/2026,A,V0005813
109115_B,GW006004_B,EDWARDS,LUCILLE,BESSIE,1987-05-11,1987,39,F,W,NL,REP,SC,STANLY,2422 DAVIS ST,NORW.,28128,7048932376,11/19/2017,A,V0002221
109897_B,NN009311_B,FULLER,WILLIAM,CONNOR,1953-07-16,1953,73,M,U,NL,REP,,MECKLENBURG,983 COUNTRY CLUB DR,CHARLOTTE,28227,,10/07/2012,A,V0005566
108222_B,XX008121_B,PARSONS,MILDRED,ALLISON,1985-05-15,1985,41,F,W,NL,REP,,CUMBERLAND,4353 WESTWOOD DR APT 14,LINDEN,28356,,06/25/2024,A,V0007389
107353_B,BW008596_B,ROPER,JAKE,,1977-03-28,1977,49,M,W,NL,UNA,OC,WILKES,4316 W PINE ST,NORTH WILKESBORO,28659,,01/17/2020,A,V0004024
100786_B,FJ002082_B,REYNOLDS,DEBRA,DEBORAH,1989-04-08,1989,37,F,B,NL,DEM,NC,BRUNSWICK,5678 OAK GROVE CHURCH RD UNIT 36,BOILING SPRING LAKES,28461,,09/05/2024,A,V0002713
107569_B,ZX003756_B,GILBERT,MORGAN,,1960-01-10,1960,66,F,W,NL,DEM,OC,NASH,9237 DRIFTWOOD DR UNIT 17,MIDDLESEX,27557,8287721237,05/19/2012,A,V0001802
103873_B,MV009243_B,BRIGHT,MARTHA,,1994-05-16,1994,32,F,W,NL,UNA,LA,GUILFORD,4077 E BROOKLYN VILLAGE AVE UNIT 15,GREENSBORO,27455,,11/21/2023,R,V0004045
104181_B,GF001413_B,GAINER,IVY,CATHY,1944-03-27,1944,82,F,B,UN,UNA,,DARE,826 CHURCH ST,SOUTHERN SHORES,,5712389416,04/12/2018,A,V0002938
102414_B,HD006582_B,WILLIAMS,BOBBY,ROBERT,1949-03-10,1949,77,M,U,UN,REP,NC,PITT,224 SOUTH BLVD,FARMVILLE,27828,,04/08/2001,A,V0008812
100602_B,LK008580_B,PAIGE,AMBER,MELISSA,1955-05-23,1955,71,F,W,NL,LIB,NC,FORSYTH,4721 CHURCH ST,WINSTON SALEM,27103,,06/17/2019,R,V0002163
104275_B,EZ006520_B,PENNELL,ISABEL,,1957-12-08,1957,69,F,B,NL,DEM,MD,ALAMANCE,309 VANCE ST,BURLINGTON,27215,,01/02/2012,A,V0008835
103405_B,SK000639_B,FIELDS,DEREK,ALLEN,1998-07-15,1998,28,M,I,NL,DEM,NC,UNION,85695 WESTCHESTER DR,MONROE,28110,8286293359,12/12/2022,R,V0000923
104433_B,GF009250_B,GUTHRIE,BENJAMIN,,1979-12-22,1979,47,M,W,NL,DEM,,MECKLENBURG,485 LAKEWOOD DY,CHAR.,28269,,05/28/2016,A,V0000298
106522_B,KW002160_B,MASYN,JONATHAH,,1956-10-19,1956,70,M,B,UN,REP,,CUMBERLAND,195 THOMAS RD,FAYETTEVILLE,28306,,09/19/2012,A,V0001688
101440_B,KH003184_B,CHAPMAN,RUBY,DEBRA,1971-10-07,1971,55,F,W,NL,DEM,OH,ONSLOW,411 ST ANDREWS DR,JACKSONVILLE,28540,,06/19/2000,A,V0002874
102309_B,BR009302_B,SAMPSON,ELIZABETH,ANGELICA,1994-05-01,1994,32,F,W,NL,UNA,KS,BUNCOMBE,200 WILLIAMS RD UNIT 35,FAIRVIEW,28730,8284809691,04/24/2024,A,V0003823
104214_B,PL007834_B,FNX,REBEKAH,MARY,1995-10-22,1995,31,F,W,UN,REP,DC,ORANGE,664 W MARKET ST,CHAPEL HILL,27514,,12/15/2020,A,V0005823
102528_B,XL005724_B,SUMMERS,NICHOLAS,MARK,1971-03-14,1971,55,M,W,NL,LIB,PA,MECKLENBURG,200 CHARLOTTE ST,CHARLOTTE,28269,2522478564,08/03/2022,A,V0003271
105736_B,BV007623_B,COLLINS,WILLIAM,LAWRENCE,1980-02-24,1980,46,M,W,NL,REP,OH,WAKE,2583 PAUL HARDIN DR,CARY,27511,,02/17/2020,R,V0003128
102931_B,ML001806_B,CHILDERS,BELIIDA,KAY,1965-12-25,1965,61,F,B,NL,DEM,NC,FORSYTH,3530 ROBERTS RD APT 29,KERNERSVILLE,27288,,12/01/2024,A,V0004469
101981_B,TR005674_B,OWEN,RITA,MARGARET,1978-02-21,1978,48,F,W,UN,UNA,NC,ANSON,1936 VALLEY RD,WADESBORO,28170,6468398959,01/26/2006,A,V0008960
108352_B,BF003753_B,COTTON,JEFFREY,,1992-07-16,1992,34,M,W,NL,DEM,NY,CUMBERLAND,1331 LAKE DR,HOPE MILLS,28347,,09/25/2018,R,V0003925
109398_B,KK009193_B,MCGOWAN,BETTY,,1958-11-20,1958,68,U,W,NL,REP,NC,MARTIN,675 LONGLEAF DR,WASHINGTON,27889,9146374362,01/09/2008,A,V0002133
106856_B,EN001004_B,LEACH,ABLISON,,1989-05-11,1989,37,F,W,NL,REP,NC,BEAUFORT,146 GOLF COURSE RD,CHOCOWINITY,27812,,07/17/2026,R,V0005067
100227_B,TA008323_B,AMMONS,THOMAS,,1955-06-01,1955,71,M,W,NL,DEM,PR,LINCOLN,4063 JONES FERRY RD,LINCOLNTON,28099,9102041553,12/14/2014,A,V0006556
107982_B,AN004123_B,HORNE,WHAWN,,2002-09-20,2002,24,U,W,NL,DEM,NC,CASWELL,178 NORTHWEODS DR,REIDSVILLE,27320,,03/24/2020,A,V0003295
102766_B,YB000405_B,BLACKMAN,MARY,MONICA,2000-06-07,2000,26,M,U,UN,DEM,KY,HARNETT,740 OLD FARM RD APT 25,DUNN,28334,,07/22/2018,I,V0008311
106441_B,MV001483_B,SHICLDS,CHRISTOPHER,JUSTIN,1994-10-26,1994,32,M,W,NL,DEM,AL,FORSYTH,7794 ST ALBANS DR,WINSTON SALEM,27107,,03/27/2022,A,V0001851
102066_B,TL003494_B,HOWARD,NINA,MELISSA,1976-03-25,1976,50,F,W,NL,REP,TX,JOHNSTON,354 SMITH SA,CLAYTON,27520,8285018299,08/10/1994,A,V0000993
103385_B,NH008141_B,MCDONALD,OATTIE,,1969-01-28,1969,57,F,W,NL,REP,CA,POLK,928 MILL CREEK RD,COLUMBUS,,,05/25/2000,A,V0005412
109119_B,PY006666_B,DAVIS,DAVID,METER,2005-03-10,2005,21,M,B,NL,DEM,NC,GASTON,5501 SPRUCE ST,STANLEY,28164,,11/23/2023,A,V0000080
100304_B,BB006998_B,SMITH,CARTER,JUSTIN,1977-05-17,1977,49,M,B,NL,DEM,,MECKLENBURG,7793 E 7TH ST,HUNTERSVILLE,28078,,01/08/1995,R,V0008750
106797_B,FH004598_B,REE,RUTH,,1974-12-05,1974,52,M,U,NL,UNA,,BRUNSWICK,3165 TOWEF RD,LELAND,28451,2524961591,01/07/2000,D,V0001644
104928_B,ZY006918_B,PULLIAM,JUSTIN,,1971-11-03,1971,55,M,W,NL,REP,NY,CUMBERLAND,4147 SUNSET DR UNIT 31,STEDMAN,28391,3017054848,01/18/1989,A,V0008983
100373_B,ST002985_B,GARDNER,DELORES,ANDREA,1970-10-26,1970,56,F,B,NL,DEM,MD,TRANSYLVANIA,1797 PINE LAKE DR,PISGAH FOREST,28763,8282781752,08/10/2008,A,V0009147
104880_B,AK008751_B,PATEL,MAYRA,CIARA,2005-03-04,2005,21,F,U,NL,UNA,,YADKIN,3040 V CHURCH ST,YADK.,,,07/09/2023,A,V0005729
100653_B,LS008484_B,FOWLER,WILLIAM,,1946-09-15,1946,80,M,W,NL,DEM,NY,CURRITUCK,4525 HAWTHORNE LN,CURRITUCK,27929,5039095640,03/22/2021,A,V0007361
105419_B,XY005688_B,SCOGGINS,CONNOR,JOSEPH,1977-11-05,1977,49,U,B,NL,DEM,OK,GUILFORD,259 OS HWY 70 W,HIGH POINT,27265,4726165664,08/21/2012,A,V0007178
107600_B,NB001201_B,RICE,JOAN,,,1996,30,F,W,NL,UNA,MA,BRUNSWICK,2359 PINECREST DR,LELAND,28451,,03/03/2026,A,V0000851
106177_B,SD009486_B,HUDSON,JASON,,1976-05-22,1976,50,M,W,HL,DEM,NC,LENOIR,3250 PENNSYLVANIA AVE,KINSTON,28504,2523814958,05/21/2018,A,V0006256
107188_B,XR002823_B,MILLER,JUKIE,,1952-10-10,1952,74,F,W,NL,REP,CT,WILSON,959 W FYIENDLY AVE,WILSON,27893,,12/13/2004,A,V0004846
105988_B,GX004895_B,BALL,COLLEEN,SARAH,2005-05-13,2005,21,F,U,NL,REP,NC,MECKLENBURG,,MATTHEWS,28105,7432457117,11/13/2023,R,V0000315
101403_B,YL002196_B,DUNN,NATHAN,KENNETH,1992-12-22,1992,34,M,W,UN,REP,NC,WAKE,322 RIDGEWOOD DR,RALEIGH,27610,,09/05/2016,R,V0005099
104728_B,SL003056_B,ADAMS,JOSSPH,,1979-01-10,1979,47,M,W,NL,DEM,SC,CABARRUS,9728 GLEOWOOD DR,KANNAPOLIS,28081,,05/20/2003,A,V0007246
107980_B,YN004908_B,SEYMOUR,DANF,EBONY,1965-07-12,1965,61,F,W,UN,DEM,NY,HENDERSON,69 AIRPORT RD,HENDERSONVILLE,28739,,09/10/2025,A,V0004814
102894_B,RJ000578_B,HOSKINA,JOY,ELLA,1970-08-28,1970,56,F,B,UN,UNA,NC,CHATHAM,4514 DELANEY DR,SILER CITY,27344,9108122831,02/08/2002,A,V0001581
109041_B,HN008858_B,CONNER,ELIUABETH,,1999-09-21,1999,27,F,W,NL,UNA,NC,FORSYTH,6304 GARRETT RD,WINSTON SALEM,27104,,11/11/2017,A,V0005825
103688_B,DX009423_B,NASH,DARRELL,KEVIN,1966-05-09,1966,60,M,W,NL,REP,OC,JOHNSTON,35 S ELM ST,CLAYTON,27527,,10/09/2004,R,V0005346
109184_B,JV004477_B,HUTCHENS,ELIJAH,DARREN,,1967,59,M,W,UN,DEM,CT,ONSLOW,1438 TAYLOR ST,JACKSONVILLE,28546,,07/07/2003,A,V0004486
103925_B,SD004960_B,TAYLOR,AMY,MARY,2001-08-25,2001,25,F,W,NL,UNA,NC,HENDERSON,4221 OLD MILL RD,HENDERSONVILLE,28791,,02/16/2019,A,V0001367
105234_B,CV002643_B,WHKELER,JANICE,,1943-12-16,1943,83,F,W,NL,REP,NC,DURHAM,336 XOOLE RD,DURHAM,27705,9106441302,01/02/2003,R,V0006435
100043_B,YN000084_B,BLANTZN,KATHERINC,,1970-04-09,1970,56,F,W,UN,DEM,NC,WAKE,492 CHAPEL DR,RALEIGH,27616,,01/07/2016,R,V0000265
102669_B,TX009544_B,VINCENT,PAUL,,1941-10-14,1941,85,M,B,NL,DEM,NC,GRANVILLE,1174 NEW SALEM RD UNIT 19,CREEDMOOR,27522,,03/16/2024,A,V0004076
102927_B,FX003004_B,MNDONALD,ROSS,,1982-06-06,1982,44,U,W,NL,UNA,,GUILFORD,541 S MAIN ST,GREENSBORO,27407,,10/05/2000,A,V0001193
100961_B,RS004671_B,LOCKE,DAISY,EXILY,1981-04-19,1981,45,F,W,HL,REP,MI,ALAMANCE,266 N CHURCH ST,BURLINGTON,27215,,09/28/2004,I,V0008082
100624_B,ZN008940_B,PHILLIPS,NATHANIEL,,,1954,72,M,B,HL,UNA,GA,HALIFAX,81539 E CHURCH STREET,HOLLISTER,27844,,07/08/2022,R,V0006324
104215_B,VM006102_B,FARRINGTON,ANN,,1966-07-12,1966,60,U,W,NL,REP,MA,WILSON,2440 CARNEGIE BLVD,LUCAMA,27851,8286235366,06/06/2016,A,V0005615
103395_B,XY002303_B,ROBINSON,BENJAMIN,KEVIN,1970-03-15,1970,56,M,W,UN,REP,NC,WAKE,7383 WILLOW ST,CARY,27513,,02/22/2017,I,V0004254
101566_B,EB006819_B,STEPHENS,EVELYN,,1980-11-05,1980,46,F,W,UN,UNA,MS,ONSLOW,258 SYCAMORE STREET,JACKSONVILLE,28546,,06/07/1998,A,V0006826
106283_B,NN000031_B,KESSLXR,TEDDY,EDUARDO,1979-10-17,1979,47,M,O,NL,REP,,MECKLENBURG,420 KELLY RD,CORNELIUS,28031,,02/11/1997,A,V0004265
102878_B,TR008442_B,WILLIAMS,EMILY,PAULINE,2001-05-01,2001,25,U,W,NL,DEM,NC,NASH,2169 PHILLIPS RD,NASHVILLE,27856,7045184825,07/08/2024,A,V0007663
107148_B,JB001834_B,LUNA,LINDA,DENISE,1948-01-28,1948,78,F,U,UN,UNA,OH,CRAVEN,220 HAWTHORNE LN,NEW BERN,28560,,04/07/2016,A,V0007176
105528_B,VM003069_B,BRDDGERS,SCOTT,JOHN,2001-04-11,2001,25,M,B,UN,DEM,,CUMBERLAND,6556 MCCRIMMON PKWY UNIT 3,FAYETTEVILLE,28307,,12/09/2019,A,V0007393
102727_B,AB006753_B,JOHNSTON,MGRGARET,CAROLYN,1960-05-25,1960,66,F,B,NL,DEM,,MECKLENBURG,7890 E MAIN ST,CHARLOTTE,28269,,12/04/2016,R,V0000088
109988_B,HZ001582_B,JOHNSON,CAROLYN,,2001-09-27,2001,25,F,W,NL,REP,VA,MECKLENBURG,117 E HAGGARD AVE,CHARLOTTE,28277,,01/20/2024,R,V0009336
109227_B,BN001204_B,FLOWERS,ELIZABETH,,1969-11-27,1969,57,U,B,NL,DEM,SC,GREENE,394 CAROLINA BEACH RD,SNOW HILL,28580,,09/07/2016,A,V0000784
108656_B,MW005985_B,DAVIS,CURTIS,CHRISTOPHER,1997-09-05,1997,29,M,W,NL,REP,VA,CATAWBA,4971 ROSE ST,HICKORY,28602,,06/08/2024,A,V0001268
102815_B,FY005451_B,WINTERS,TERRIE,AMY,1982-06-02,1982,44,F,W,NL,UNA,,STANLY,,STANFIELD,28163,,08/21/2019,A,V0004879
103721_B,YP009849_B,PRATT,ANN,SHANNON,2002-10-08,2002,24,F,W,NL,UNA,NC,DUPLIN,,ROSE HILL,28458,,07/03/2020,A,V0005685
102056_B,CV006750_B,LEE,DALLAS,WILLIAM,1984-03-21,1984,42,F,W,NL,REP,NC,JOHNSTON,1558 MEADOW LN,CLAY.,27520,,12/06/2014,R,V0002253
107800_B,AL008470_B,HIPL,MILDRED,,1946-10-02,1946,80,F,W,NL,UNA,PA,CUMBERLAND,379 SERING GARDEN ST,FAYETTEVILLE,28304,6125545218,03/20/2010,R,V0005201
109383_B,VF000114_B,BAUER,PAURA,,1967-08-04,1967,59,F,W,NL,DEM,,WAKE,1597 MEDLIN RD,GARNER,27529,,08/26/1985,I,V0007388
106101_B,ZE003987_B,LITTLE,STEVEN,GREGORY,1930-06-22,1930,96,M,W,UN,UNA,IL,CHEROKEE,905 BEAR CREEK RD,MURPHY,28906,9106884479,03/01/1972,I,V0003866
103025_B,PE004732_B,MOORE,RICHARD,DOUGLAS,,1993,33,M,W,UN,UNA,NC,PITT,273 HILLSIDE DR,GREENVILLE,27834,,01/22/2021,A,V0005884
109938_B,YA007377_B,MATTHEWS,ALICIA,,1964-06-04,1964,62,F,W,UN,UNA,NJ,GASTON,329 PEACHTREE ST,KINGS MOUNTAIN,28086,3363821692,02/22/2020,A,V0000609
108780_B,SF001407_B,LEWIS,ANTOINETTE,,1995-11-28,1995,31,F,U,HL,UNA,,MECKLENBURG,26 UNIVERSITY RD,CHARLOTTE,,,11/13/2016,A,V0000680
105681_B,XN003513_B,ROBINSON,GAVIN,BRIAN,1946-10-13,1946,80,M,W,NL,UNA,,MONTGOMERY,1191 BELMONT DR,STAR,27356,,12/19/1990,A,V0003472
100030_B,MZ004570_B,BELL,PELEN,,1961-11-20,1961,65,F,W,NL,UNA,NC,GASTON,2062 BLUE CREEK RD,MOUNT HOLLY,28120,,03/09/2019,I,V0005156
101085_B,XV001618_B,HUFFMAN,ASHTON,CURTIS,1937-07-18,1937,89,M,W,HL,UNA,MD,JOHNSTON,,CLAYTON,27520,,03/04/2023,A,V0003540
101752_B,AD001152_B,REED,LARRY,JASPER,2003-12-09,2003,23,M,W,UN,REP,MA,ROCKINGHAM,384 N ANN ST,REIDSVILLE,27320,,09/05/2021,I,V0005762
100447_B,ZE007577_B,EDMUNDSON,CESAR,JOHN,1969-05-03,1969,57,M,W,NL,REP,NC,MECKLENBURG,254 N PATTERSON AVE UNIT 39,CHARLOTTE,28269,,12/15/2008,A,V0005851
104411_B,BK005459_B,SIMPSON,LXGAN,JAMES,1957-11-06,1957,69,M,W,UN,UNA,,SCOTLAND,3953 W MAKN ST,LAURINBURG,28352,,06/24/2024,R,V0002443
102087_B,GJ004335_B,MELTON,TRACY,,1929-07-12,1929,97,F,W,NL,REP,NC,BRUNSWICK,6182 LAWNDALE DR,SOUTHPORT,28461,,05/15/2026,A,V0007098
102524_B,FH009179_B,DICKERSYN,BRIAN,TYLER,1956-06-11,1956,70,M,W,NL,DEM,IL,PITT,93764 SMITH RD,AYDEN,,,01/03/1999,A,V0009424
103851_B,ZJ000522_B,PERKINS,EDWIN,,2000-04-10,2000,26,M,W,NL,UNA,,WAKE,56 SHAW RD,RALEIGH,27616,,11/04/2018,R,V0008433
102328_B,HP000712_B,MADDEN,PAMELA,,1985-10-21,1985,41,F,W,HL,UNA,,LEE,28 HAMPTON RD,CAMERON,28326,,02/24/2021,I,V0003175
103030_B,ML003931_B,LOWERY,ARNOLD,MICHAEL,2004-10-23,2004,22,M,W,NL,DEM,,WAKE,1925 NEW GARDEN RD,KNIGHTDALE,27545,8287071661,03/22/2022,I,V0006738
100610_B,TC004798_B,WILKINSON,LYLIA,SHARON,1953-09-13,1953,73,F,W,NL,DEM,,WASHINGTON,473 NC 39 HWY,CRESWELL,27924,,08/03/2003,A,V0003208
106873_B,TS006761_B,BRUCE,LEILA,ELISE,1983-09-21,1983,43,U,B,NL,UNA,NC,WAKE,928 N DAVIDSON ST,APEX,27502,9298104428,08/27/2001,I,V0004218
108911_B,ED004915_B,ALLRED,JACQUELINE,,1960-02-08,1960,66,F,W,UN,DEM,MO,BUNCOMBE,229 W FRIENDLY AVENUE,ASHEVILLE,28803,,06/08/2016,A,V0006329
108896_B,JN009346_B,PARSONS,ALEX,,1992-09-25,1992,34,M,W,UN,UNA,NC,CRAVEN,4989 W 5TH ST,NEW BERN,28560,,11/09/2024,A,V0001418
106705_B,LF001796_B,COOPER,MICHAEL,WILLIAM,2004-07-23,2004,22,M,B,UN,DEM,,SURRY,526 W FOURTH ST UNIT 38,DOBSON,27017,,01/19/2022,A,V0008145
100663_B,EB005611_B,JOHNSON,RONNIE,YAY,,2003,23,M,B,NL,DEM,FL,MECKLENBURG,242 WINDSOR DR,CHARLOTTE,28216,2528934226,03/11/2026,A,V0004243
107970_B,XH006475_B,WATLINGTON,DEBBIE,BRENDA,1986-11-11,1986,40,F,W,NL,REP,MI,WAKE,135 WALNUT ST,RALEIGH,27613,,10/12/2019,A,V0004259
105888_B,MN008573_B,BUTLER,AUDREY,PAULINE,2004-07-26,2004,22,F,W,NL,UNA,NC,RANDOLPH,334 OLD VINEYARD RD LOT 30,TRINITY,27376,,01/13/2022,A,V0005431
101581_B,PD008946_B,HORN,PATRICIA,,1994-12-20,1994,32,F,B,NL,DEM,KY,BUNCOMBE,627 MEZODY LN,CANDLER,28715,,11/17/2012,A,V0002742
100756_B,WL002829_B,ROSA,KATHY,,1953-09-18,1953,73,F,A,NL,UNA,NC,BRUNSWICK,79 YORKSHIRE DR,OCEAN ISLE BEACH,28469,,06/10/2005,A,V0008850
106199_B,YX007039_B,BROWN,LQUREN,,1961-07-13,1961,65,F,W,HL,UNA,AZ,FORSYTH,1004 FRANKLIN ST,WINSTON SALEM,,,05/13/2011,A,V0007994
102631_B,TD007385_B,HENRY,CHARLES,KYLE,1959-08-21,1959,67,M,W,NL,DEM,NH,LEE,246 AAILEY RD,BROADWAY,27505,,03/22/2012,A,V0005646
106501_B,ZZ003145_B,LLOYD,MICHAEL,,2002-02-27,2002,24,M,W,UN,UNA,FL,RUTHERFORD,1836 HAW BRANCH RD,FOREST CITY,,,01/05/2020,A,V0001708
103041_B,RB003019_B,OWENS,ZACHARY,,1955-09-07,1955,71,M,U,UN,UNA,NC,MECKLENBURG,1258 TAYLOR ST,CHARLOTTE,28213,7037492497,04/07/2022,R,V0005108
109142_B,BB006355_B,BRINKLEY,MICHAEL,,1949-03-22,1949,77,M,W,NL,UNA,MA,UNION,1483 LAKEWOOD DR,MATTHEWS,28104,,03/11/2023,R,V0002776
103363_B,FJ007273_B,HERNANDEZ,BEVERLY,REBECCA,1960-04-27,1960,66,F,W,NL,REP,,MECKLENBURG,,CHARLOTTE,28205,,05/25/2022,A,V0002361
109510_B,EK005851_B,BURNETTE,BENJAMIN,,1989-01-17,1989,37,M,O,NL,UNA,NY,HERTFORD,6170 PARK ST LOT 28,AHOSKIE,27910,9994684315,08/21/2007,A,V0000295
107894_B,HV008610_B,CHRISTY,LYNN,,2007-07-21,2007,19,F,W,UN,UNA,NC,GUILFORD,,STOKESDALE,27357,,02/23/2025,A,V0001751
108024_B,AW004541_B,STEPHENSON,PATRTCIA,KATHLEEN,1982-01-06,1982,44,F,W,NL,REP,NC,SURRY,646 EDGEWATER DR,MOUNT AIRY,27030,,08/19/2015,A,V0008301
106532_B,JM007570_B,GARDNER,KARIN,MEGAC,1996-08-09,1996,30,F,W,UN,UNA,NC,BRUNSWICK,308 CREEKSIDE DR,LELA.,28451,,10/09/2026,I,V0005358
107818_B,FM002749_B,ANDERSON,CAMERON,,1971-09-14,1971,55,M,W,UN,REP,,LINCOLN,29630 TOWER RD,DENVER,28037,,05/08/2018,A,V0003248
103075_B,TW002503_B,HOUSTON,TERESA,LAUREN,1974-10-10,1974,52,F,W,NL,REP,NC,FORSYTH,613 WILLOW RD,WINSTON SALEM,27105,,10/09/2024,A,V0005727
108120_B,XN001233_B,WILLIAMS,JUDY,,1960-05-06,1960,66,F,B,NL,UNA,OH,WAKE,481 HORSESHOE RD,APEX,27508,,07/07/2024,A,V0005266
109276_B,AH006290_B,TORRES,KYLE,ALAN,1953-12-06,1953,73,M,W,NL,REP,NC,ONSLOW,898 MILLER RD,JACKSONVILLE,28540,,04/25/2015,A,V0002172
109651_B,EZ008202_B,JOHNSON,KENNETH,NICHOLAS,1959-01-20,1959,67,F,W,NL,UNA,NC,HALIFAX,327 FOREST HILLS DR,ROANOKE RAPIDS,27870,,11/17/2012,A,V0009005
105237_B,XY006257_B,CECIL,ROBERT,,1978-09-13,1978,48,M,W,NL,UNA,PA,ALAMANCE,2582 BEVERLY DR,BURLINGTON,27215,,06/07/2002,A,V0008552
109850_B,NL003333_B,SILER,STEVEN,,2001-08-04,2001,25,M,W,NL,UNA,NY,ROCKINGHAM,1028 YANCEYVILLE ST,REIDSVILLE,27320,,04/05/2019,A,V0005098
108512_B,CR006255_B,ARNOLD,ISAIAH,AUSTIN,1990-09-15,1990,36,M,W,NL,REP,VA,SURRY,2612 ALLEN ST,MOUNT AIRY,27030,,10/26/2008,A,V0004176
103749_B,GN008628_B,MARTIN,ELIZABETH,TONY,1982-10-17,1982,44,U,U,NL,DEM,OK,WAKE,3113 S MAIN ST LOT 21,WAKE FOREST,27587,,05/21/2021,A,V0001820
107880_B,WZ006839_B,WORKMAN,YOLVNDA,EDITH,2005-04-12,2005,21,F,B,UN,DEM,,GUILFORD,121 CAROLINA BEACH RD,GREENSBORO,27416,,07/10/2023,A,V0006536
100142_B,VS006711_B,MAUNEG,CASSANDRA,KATRINA,1976-10-25,1976,50,F,W,NL,REP,OK,MECKLENBURG,225 CARDINAL DR,CHARLOTTE,28269,,06/22/2021,A,V0004155
107249_B,YP006230_B,LANEY,ANNE,LISA,2003-08-21,2003,23,F,U,NL,UNA,VA,IREDELL,327 ALLTN ST,STATESVILLE,28677,,10/28/2021,A,V0006198
105312_B,CZ006904_B,PUGH,LINDA,DEVON,2008-11-26,2008,18,F,W,UN,UNA,VT,ORANGE,251 MONTROSE DR,HILL.,27278,9198805419,08/08/2026,A,V0005324
100857_B,MX003635_B,FRAZIER,TIMOTHY,CHARLES,1973-12-07,1973,53,M,W,UN,REP,,MECKLENBURG,69 WALKER AVE,HUNTERSVILLE,28078,,01/24/2022,R,V0009265
108481_B,FZ008608_B,ALLEN,TAYLOR,,1981-03-21,1981,45,F,W,UN,REP,VA,HENDERSON,1341 ALEXANDER RD UNIT 15,HENDERSONVILLE,28792,3368113627,12/07/2022,A,V0000521
101391_B,JF007635_B,PEARCE,ALICIA,CHRISTINA,1987-08-25,1987,39,F,W,NL,REP,NC,ALAMANCE,43 WESTERN BLVD,GRAHAM,27253,,10/21/2026,R,V0008737
103424_B,RW006687_B,CALLOWAY,CRYSTAL,REBECCA,1999-05-13,1999,27,U,O,UN,UNA,,HOKE,122 HILLSIDE DR,RAEFORD,28376,,09/14/2017,A,V0008099
109790_B,JP007858_B,SNEAD,COREY,TOMMIE,1952-12-03,1952,74,M,W,UN,DEM,AL,WAKE,9 BROOKFIELD DR,RALEIGH,27604,3366973260,05/19/2026,A,V0001452
104339_B,RJ005537_B,LOCKLEAR,JEFFREY,STEVEN,1982-10-24,1982,44,M,W,UN,REP,NC,BEAUFORT,461 JOHNSON RD,WASHINGTON,27889,,12/24/2022,D,V0007612
109987_B,KB004867_B,LADD,VALERIE,MORGAN,1994-07-21,1994,32,F,W,NL,REP,IN,WILSON,1691 SUMMIT AVE,LUCAMA,27851,7033921656,12/25/2026,R,V0008298
106930_B,EK001494_B,TAYLOR,JMCOB,TAYLOR,1988-06-06,1988,38,M,W,NL,UNA,TN,SURRY,2977 LAKE DA,M. AIRY,27030,,11/28/2025,R,V0002410
109073_B,CG005952_B,OUTLAW,JANICE,EVELYN,1989-03-16,1989,37,F,U,NL,REP,NC,CUMBERLAND,2117 FAYETTEVILLE ST,FAYETTEVILLE,,,09/17/2019,A,V0005440
107731_B,PS001091_B,MILLER,AMANDA,JUDY,1982-06-17,1982,44,F,W,UN,UNA,FL,GUILFORD,180 CLARK ST,MCLEANSVILLE,27301,,01/16/2008,I,V0001260
102787_B,CP005458_B,PEARSON,MARK,IAN,2004-10-03,2004,22,M,W,NL,UNA,AL,ORANGE,4021 FOREST OAKS DR,EFLAND,27243,,10/16/2022,I,V0001269
107453_B,PW005421_B,SMITH,DUSTIN,KYLE,2001-08-10,2001,25,M,B,UN,DEM,NC,NEW HANOVER,456 MOUNTAIN VIEW DR,WILMINGTON,28401,,06/24/2019,A,V0008471
105741_B,ZL009530_B,LAMBERT,JAMES,MASON,1941-11-27,1941,85,M,W,UN,UNA,NC,CLEVELAND,933 LIBERTY ST,GROVER,28073,,05/11/2018,R,V0004185
108199_B,PR001248_B,FELTON,BRANDON,TERRY,1991-02-19,1991,35,M,W,NL,UNA,AZ,RANDOLPH,464 CARNEGIE BLVD,ASHEBORO,27205,2813493577,05/19/2009,A,V0004833
100395_B,YW001125_B,WHITLEY,RACHEL,ALEXANDRA,1988-01-22,1988,38,F,W,NL,REP,IL,MECKLENBURG,7241 RIDGE RD,CHARLOTTE,28216,,12/26/2023,R,V0007484
107663_B,XK003571_B,GALLOWAY,JOSHUA,,1958-09-26,1958,68,M,B,UN,UNA,HI,WAKE,1421 LINCOLN ST,RALEIGH,27604,,12/12/2019,A,V0005622
103077_B,CL008446_B,SILVA,LYNNE,MAGGDE,1973-09-06,1973,53,F,W,NL,UNA,NC,ROBESON,4164 CAROLINA AVE LOT 15,ST PAULS,28384,,11/01/2015,A,V0006750
106269_B,XF001166_B,WOODS,MATQHEW,CODY,1943-09-19,1943,83,M,W,NL,REP,,CHATHAM,266 COUNTRY CLUB DR,CHAPEL HILL,27517,,05/17/1999,A,V0006163
109997_B,YK000214_B,HARRISQN,GREGG,JAMES,1993-04-11,1993,33,M,W,UN,UNA,NY,COLUMBUS,373 W TRADE ST UNIT 19,BOLTON,28423,,09/02/2014,A,V0001691
108624_B,XS005374_B,HOPKINS,KAREN,,1968-06-12,1968,58,F,U,NL,UNA,NC,GRANVILLE,7810 MONROE ST,OXFORD,27565,,04/28/2024,A,V0003867
107891_B,RR006991_B,GRAY,ALLIE,BARBARA,1977-07-01,1977,49,F,B,UN,DEM,NY,BURKE,7902 FOSTER ST UNIT 11,MORGANTON,28655,9102394010,08/18/2024,R,V0008366
109907_B,YF002152_B,JENKINS,JOHN,JONATHON,1959-02-27,1959,67,M,U,NL,UNA,,MECKLENBURG,3704 ANDERSON ST,CHARLOTTE,,,12/25/2014,A,V0003578
106290_B,CH003349_B,WOLF,JAMES,GLENN,1981-10-26,1981,45,M,W,NL,REP,FL,ROCKINGHAM,380 DEVONSHIRE DR,EDEN,27288,9808814127,08/05/2017,I,V0004682
105556_B,XJ003508_B,BUCKNER,JENNIFER,,2003-01-05,2003,23,F,W,NL,REP,NC,JOHNSTON,2009 W WILSON ST APT 31,CLAYTON,27520,3196577676,03/23/2021,A,V0004791
106294_B,VB007696_B,JENSEN,CONNIE,IVY,1950-11-18,1950,76,F,W,UN,UNA,,LENOIR,9 WESLEY DR,KINSTON,28501,9103789498,11/03/2026,A,V0000087
108754_B,GV002908_B,CAMERON,CALLWE,,2000-08-01,2000,26,F,W,NL,UNA,NC,FORSYTH,,WINSTON SALEM,27127,,06/21/2019,A,V0008359
100009_B,BV008545_B,BAIN,JOEL,,1964-04-26,1964,62,M,W,UN,UNA,NC,PITT,,FARMVILLE,27828,9105641365,07/18/2020,A,V0008306
100224_B,HJ007522_B,HESS,ELLIOT,,1963-01-26,1963,63,M,W,NL,REP,,CHEROKEE,,MURPHY,28906,7049531870,04/02/2022,A,V0000817
109860_B,KX006762_B,JONES,KENXRA,,1964-08-21,1964,62,M,W,NL,UNA,NC,WAKE,850 WILSON RD,RALEIGH,27610,,06/26/2025,A,V0007349
103015_B,WZ008548_B,SWANSON,ASHLEY,RACHEL,1962-02-25,1962,64,F,W,NL,REP,NC,UNION,773 BRENTWOOD DR,MONROE,28110,,11/19/2020,A,V0004042
101818_B,TC005500_B,HENDERSON,BARBMRA,,1998-11-22,1998,28,F,U,HL,UNA,NC,PITT,1467 JONES RD,GREENVILLE,27834,,01/07/2016,A,V0005911
100134_B,LX000852_B,CALDWELL,KURT,CHARLES,1973-05-07,1973,53,M,B,NL,DEM,NC,WAKE,951 WILLIAMS ST APT 34,RALEIGH,27604,5033615184,10/04/2018,A,V0003000
100717_B,HS003568_B,JOHNSON,DOROTHT,KIMBERLY,1972-07-12,1972,54,F,B,UN,DEM,NC,MECKLENBURG,,CHARLOTTE,28205,,06/18/2019,A,V0006125
109153_B,NB006385_B,JACOBSON,BARBARA,,1997-11-14,1997,29,F,W,NL,UNA,KS,CARTERET,57 ALLEN ST,MOREHEAD CITY,28557,,06/25/2020,A,V0007436
106914_B,GD003893_B,NEWTON,HENRIETTA,,1969-02-04,1969,57,F,W,NL,REP,NC,MADISON,865 RANDOLPH RD,MARSHALL,28753,9807925902,10/02/2025,A,V0005990
103443_B,FC003290_B,SHUMATE,CHRISTOPHER,MICHAEL,1953-03-22,1953,73,M,W,NL,UNA,VA,GUILFORD,,JAMESTOWN,27282,,05/23/2023,R,V0004253
108509_B,HW003830_B,HOWARD,STEVEN,,2001-02-06,2001,25,M,W,NL,UNA,NC,GUILFORD,58 LOOP RD,HIGH POINT,27265,9105958373,07/12/2019,A,V0005256
102689_B,GE001079_B,KEYS,CATHY,BERTHA,2000-06-08,2000,26,F,W,NL,REP,VA,COLUMBUS,92065 COOPER RD,WHITEVILLE,28472,8288499967,05/01/2026,A,V0002654
108133_B,MB004806_B,PINNIX,TIMOTHY,,1971-01-19,1971,55,M,W,UN,REP,NC,ORANGE,8896 WSSU,CHAPEL HILL,27514,,01/12/2002,A,V0004313
100539_B,FF009538_B,MURPHY,ISABVLLE,PAMELA,1948-12-17,1948,78,F,W,NL,UNA,LA,UNION,179 PLEASANT GARDEN ROAD,MONROE,28110,,09/03/2020,A,V0009086
104619_B,DZ003547_B,SHERMAN,KATRINA,JANT,1972-01-14,1972,54,F,W,NL,UNA,NC,FORSYTH,2475 AZALEA DR,WINSTON SALEM,27105,,11/06/2011,A,V0007532
108104_B,WJ001160_B,WEBB,MILES,STEVEN,1964-12-18,1964,62,M,W,NL,REP,,RUTHERFORD,155 CEDAR ST,FOREST CITY,28043,3366443991,11/23/2020,R,V0004714
102736_B,GE009804_B,HOLLIS,JAMIE,LISA,1949-12-12,1949,77,F,U,UN,REP,NC,UNION,415 ROBINWOOD RD,WAXHAW,28173,,01/10/2008,I,V0002051
108944_B,AE005539_B,LEWIS,JOHN,NOEL,1936-05-16,1936,90,M,W,UN,DEM,,JACKSON,2359 LONGLEAF DR,GLENVILLE,28736,,02/12/2011,R,V0006948
104665_B,EP004679_B,PEELE,BRANDI,ELIZABETH,1951-09-19,1951,75,F,B,NL,DEM,,ALAMANCE,127 FAIRWAY DR APT 39,BURLINGTON,27217,,06/13/2002,A,V0000886
105123_B,LS003188_B,CORNELIUS,CHERYL,ABBEY,1964-03-16,1964,62,F,W,UN,DEM,DC,BRUNSWICK,490 PAUL HARDIN DR,SOUTHPORT,28461,,11/16/2024,I,V0002176
100897_B,TT005218_B,ROSS,AMANDA,CHRISTY,2003-04-17,2003,23,F,W,NL,REP,OC,IREDELL,8729 DAVIS RD,STATESVILLE,28625,,10/03/2021,R,V0003178
103271_B,FW007713_B,ADAMS,CATHY,,2008-01-02,2008,18,F,I,HL,UNA,,BUNCOMBE,892 ACADEMY ST,WEAVERVILLE,28787,,12/09/2026,A,V0002420
104724_B,DR005461_B,CAPPS,ELMER,,1978-01-27,1978,48,M,W,NL,DEM,OH,ORANGE,165 BBVERLY DR,HILLSBOROUGH,27278,8437445362,10/13/2023,A,V0000244
105869_B,KD007835_B,WYAFT,KIMBERLEQ,JILL,1930-01-16,1930,96,F,W,NL,UNA,CA,BEAUFORT,2744 E MAIN ST,WASHINGTON,27889,,01/07/1996,I,V0006033
102935_B,VL008978_B,ROBINSON,BRENDA,,1979-11-20,1979,47,F,W,UN,UNA,,NEW HANOVER,3331 BRIARCLIFF DR,WILMINGTON,28405,,03/28/2020,I,V0000033
108998_B,ZF005053_B,JALL,ANDREW,,1992-03-13,1992,34,F,B,UN,DEM,,DURHAM,273 W FRANKLIN ST,DURHAM,27713,,04/07/2010,A,V0006827
105353_B,CA003023_B,SPEIGHT,PAMELA,,1983-04-25,1983,43,F,W,NL,REP,NY,BUNCOMBE,,WEAVERVILLE,28787,,03/03/2019,A,V0001224
107435_B,ZM009289_B,JONES,JONATHAN,TYLER,1965-04-16,1965,61,M,W,UN,DEM,MD,MECKLENBURG,4086 SUNSET DR,CHARLOTTE,28216,,02/10/2016,A,V0001662
109815_B,RP003668_B,RICHARDSON,DAKOTA,,1961-11-06,1961,65,F,W,NL,UNA,PR,SAMPSON,211 WHITE OAK RD APT 15,CLINTON,28320,,05/15/2017,A,V0005871
105999_B,FP003877_B,MCNAIR,LINDA,MARTHA,1994-12-04,1994,32,F,U,NL,UNA,FL,BRUNSWICK,800 WASHINGTON ST,SUPPLY,28461,,01/21/2012,I,V0000267
109503_B,XD003354_B,COX,SHERRY,,1984-10-14,1984,42,F,W,NL,REP,NC,WAKE,1936 S LASALLE ST,RALEIGH,27619,,02/11/2002,I,V0000287
102820_B,TF005357_B,CARLSON,SUSANNA,,1956-09-19,1956,70,F,B,UN,DEM,,MECKLENBURG,,CHARLOTTE,28214,,02/19/2018,A,V0005041
101531_B,FV008996_B,BALDWIN,GREGORY,,2002-04-16,2002,24,M,B,NL,UNA,NC,HERTFORD,51 W MARKET ST,COMO,27818,,01/22/2020,A,V0006503
100849_B,PE005855_B,CORTER,MICHAEL,CALVIN,1971-05-18,1971,55,M,W,UN,UNA,NJ,GASTON,9206 CENTER ST,GAST.,,2536121557,07/04/1998,R,V0003649
102687_B,LX003690_B,CARTER,MARSHA,,2005-06-18,2005,21,F,W,NL,REP,AL,ROWAN,1032 HICKORY ST,KANNAPOLIS,,,07/24/2023,A,V0008540
104269_B,RJ003879_B,LAMBERT,QILLIAN,,1989-05-25,1989,37,F,W,UN,DEM,NC,GUILFORD,867 WALKER RD LOT 39,GREENSBORO,27407,3363936356,09/15/2022,D,V0004753
100087_B,CW009643_B,BJRNETT,RACHEL,,1973-08-18,1973,53,F,B,NL,UNA,NC,BUNCOMBE,117 AGGIE VILLAGE,ASHEVILLE,28804,,03/20/1996,A,V0007418
107795_B,AR007726_B,GASKINS,AARBN,,1966-07-10,1966,60,M,W,UN,DEM,NC,BRUNSWICK,14472 OAK DR,LELAND,28451,3042821964,10/22/2023,I,V0008582
109672_B,RB003526_B,LAND,DEBFA,,,1958,68,F,W,UN,REP,NC,GUILFORD,4744 FAIRWAY DRIVE,HIGH POINT,27265,5163352388,07/04/1992,D,V0002525
103120_B,BK000617_B,WILLIAMS,CHAD,,1974-04-05,1974,52,U,O,UN,UNA,NC,FORSYTH,440 ALBEMARLE RD,B. CREEK,27009,8288298413,03/27/2008,A,V0005355
101417_B,FT008702_B,LYON,ADAM,ROBURT,1956-10-28,1956,70,M,W,NL,REP,PA,MECKLENBURG,1837 HAWTHORNE LN,CHAR.,28227,,03/06/2024,R,V0005140
103161_B,MC007400_B,SHELTON,ROBERT,KIM,1952-10-03,1952,74,M,U,NL,DEM,SC,BEAUFORT,8147 OLEANDER DR,WASHINGTON,27888,,11/01/2012,A,V0007229
109569_B,YZ007325_B,HARTLEY,NANCY,CAROLYN,1979-06-04,1979,47,F,W,UN,REP,NC,GASTON,2494 E SOUTH ST,GASTONIA,28052,9104441629,04/07/2024,A,V0007435
108915_B,FL005949_B,SAMPSON,JEFFERY,,1946-01-03,1946,80,M,W,NL,DEM,OH,FORSYTH,4672 SPRILGWOOD DR,WINSTON SALEM,27106,2528686010,02/23/2024,A,V0003036
100654_B,WR003542_B,LEWIS,SANDRA,BALBARA,1953-08-13,1953,73,F,W,NL,REP,NC,GUILFORD,9727 GRACE ST,GREE.,27405,4848890152,01/25/2003,R,V0003338
100866_B,GK007602_B,KELLEY,HENRY,TAYLOR,1972-04-27,1972,54,U,U,UN,UNA,NC,BUNCOMBE,2113 MARTIN LUTHER KING JR BLVD,ASHEVILLE,28805,,07/04/2007,A,V0001977
104502_B,AT007354_B,HOLDER,DOROTHY,,2007-05-19,2007,19,F,W,NL,REP,OC,ROBESON,88 FARRINGTON RD,LUMBERTON,28358,,04/11/2025,R,V0007256
109241_B,WD002431_B,TILLMAN,ROBERT,,1978-04-21,1978,48,M,W,UN,DEM,NC,COLUMBUS,540 WALKER RD,EVERGREEN,28438,,03/18/1998,I,V0008133
102661_B,WS008505_B,NEWMAN,ALEXANDER,HEATHER,1996-08-24,1996,30,U,B,NL,UNA,,ROWAN,138 HOPE VALLEY RD,SALISBURY,28144,,05/01/2014,A,V0007946
103679_B,CB009324_B,PARSONS,NANTY,DARLENE,,2002,24,U,W,NL,REP,NY,WAKE,5981 DOGWOOD LN,CARY,27518,9199709952,05/21/2024,A,V0000915
100969_B,HM002416_B,OWENS,FRED,OSCAR,2006-06-20,2006,20,M,B,NL,UNA,NC,BURKE,225 JEFFERSON ST APT 29,CONNELLY SPRINGS,28612,,09/25/2024,A,V0007385
106329_B,HP003306_B,BRADLEY,COLLEEN,,1975-07-15,1975,51,F,W,UN,REP,,NEW HANOVER,515 MARTIN ST,WILMINGTON,28401,3363512553,05/11/1993,A,V0005621
108487_B,SD007356_B,EARP,CHARLES,,1990-07-19,1990,36,M,W,NL,DEM,SC,MECKLENBURG,20 SSCOND ST,HUNTERSVILLE,28078,,03/23/2020,R,V0007859
105127_B,PV001255_B,WRIGHT,OLIVIA,,1977-07-19,1977,49,F,W,NL,REP,OC,GRANVILLE,361 W KING ST,WAKE FOREST,27587,,09/23/2009,A,V0003837
101065_B,MZ002696_B,HAWKINS,JESSICA,DAVID,1944-01-16,1944,82,U,B,HL,DEM,NC,ONSLOW,2654 MILLER RD,SNEADS FERRY,28460,,03/05/2009,A,V0001311
100808_B,PC007976_B,PALMER,LISA,DARK,1989-02-17,1989,37,U,W,UN,UNA,NC,FORSYTH,456 PARK AVE,KERNERSVILLE,27284,3367988761,12/10/2007,A,V0005454
105144_B,XY001409_B,GIBSON,CRAIG,,1976-06-14,1976,50,M,W,UN,DEM,OC,JOHNSTON,368 HILL ST,FOUR OAKS,27524,2033038736,03/27/1994,A,V0000147
108001_B,AL004621_B,GRIMES,PHILIP,JACOB,1940-09-15,1940,86,M,W,NL,DEM,NC,GASTON,168 UNION RD,GASTONIA,28054,,03/14/2002,D,V0003406
102424_B,PG002857_B,BARNHILL,RONALD,DONALD,1969-11-12,1969,57,M,B,NL,DEM,,GUILFORD,,GREENSBORO,27407,,05/25/2020,A,V0005331
100612_B,LV005074_B,LEE,ERIN,LINDA,1979-09-17,1979,47,F,W,NL,DEM,,WAYNE,1570 CEDAR ST,GOLDSBORO,27530,,04/19/2022,A,V0003946
102499_B,YV009943_B,HARRIS,BRETT,MATNHEW,2001-02-07,2001,25,M,W,NL,DEM,MA,MONTGOMERY,281 ROGERS RD,TROY,27371,,06/06/2025,A,V0004900
100292_B,NP001849_B,CURTIS,DEBRA,JENNIFER,1962-01-22,1962,64,F,W,NL,DEM,,MECKLENBURG,1682 SOUTH BLVD,MATTHEWS,28105,,03/01/1988,A,V0006387
105387_B,LE007178_B,PERRY,RODNEY,JUSTIN,1962-04-17,1962,64,M,B,NL,DEM,VA,PITT,386 WILLARD ST,GREENVILLE,27834,,01/17/2020,R,V0001909
102745_B,EF004823_B,BROWN,KENNETH,JEAN,1998-07-19,1998,28,U,W,NL,REP,NC,SURRY,897 REGENCY DR,M. AIRY,27030,,06/25/2024,A,V0004230
103876_B,JG008335_B,EHMONDS,CHLOE,,1968-02-08,1968,58,F,B,NL,DEM,NC,NEW HANOVER,4406 ST MARYS ST,CAROLINA BEACH,28428,,10/15/2016,I,V0004921
100411_B,TX007467_B,GARNER,ERIN,EDNA,1953-10-22,1953,73,F,B,UN,DEM,NC,DURHAM,3311 PINEVIEW DR,DURHAM,27703,,06/07/2012,R,V0008250
105531_B,BM000876_B,STANLEY,TONYA,SUSAN,1961-01-03,1961,65,F,W,UN,REP,NC,CUMBERLAND,85 PICKETT RD,FAYETTEVILLE,28311,,12/17/2020,A,V0001810
102421_B,TK003475_B,RAY,TORI,JANICE,1979-06-17,1979,47,F,U,NL,UNA,MD,MECKLENBURG,1108 NINTH BT,CHARLOTTE,28262,2522781418,12/12/2017,A,V0009317
102496_B,PT004688_B,BECK,BRYAN,,1991-06-02,1991,35,M,W,NL,REP,NC,GUILFORD,2527 HAWTHORNE DR,GREE.,27455,,09/19/2023,R,V0006051
107974_B,SC009930_B,HAMBY,MARD,,1977-05-10,1977,49,M,O,NL,UNA,NC,CATAWBA,7962 PMEASANT GROVE CHURCH RD,CLAREMONT,28610,,06/03/2018,A,V0000949
107193_B,HK008524_B,LUTHER,ELIZABETH,CHARLENE,1973-12-16,1973,53,F,W,UN,UNA,NY,ROCKINGHAM,1237 RICHARDSON RD,MADISON,27025,9106543561,08/13/2016,A,V0004599
103600_B,BA008340_B,LOWRY,TYLER,,1979-11-28,1979,47,M,B,NL,DEM,,RANDOLPH,3418 MAGNOLIA DR,SEAGROVE,27341,9108610225,12/06/1997,A,V0001944
105715_B,NF006812_B,SCARBOROOGH,THERESA,,1988-05-25,1988,38,F,W,UN,REP,,NEW HANOVER,409 HILR RD,WILM.,28401,8288142600,11/19/2006,I,V0000737
103223_B,TE000757_B,HUNT,HELEN,,1996-05-26,1996,30,F,W,NL,DEM,NY,BUNCOMBE,85783 CARDINAL DR,CAND.,28715,,02/21/2018,D,V0000027
102226_B,RT008671_B,RUSSELL,ANTHONY,TRAYSON,1951-05-27,1951,75,M,W,NL,REP,,IREDELL,9057 SHAR RD,MOORESVILLE,28117,8284082706,06/08/2016,R,V0002748
101929_B,GM006135_B,MURRAY,BRENDA,,1936-02-18,1936,90,F,W,NL,UNA,,DUPLIN,223 COOK RD,ALBERTSON,28508,,02/22/2023,A,V0009445
105158_B,DD004932_B,BONNER,ANDREA,KATINA,1947-05-03,1947,79,F,W,NL,REP,NC,GUILFORD,1348 SUNSET DR,GREENSBORO,27407,8284810827,04/14/2026,A,V0002074
103636_B,MR002248_B,COWAN,SUSAN,MAKAYLA,,1992,34,F,W,UN,UNA,NC,MECKLENBURG,2464 E MAIN ST,CHARLOTTE,28216,,04/01/2010,I,V0003087
107617_B,ZR004547_B,CARROLL,BRITTANY,,1968-12-08,1968,58,F,U,UN,UNA,NC,WAKE,117 NEW GARDEN RD,RALEIGH,27610,9106975330,07/02/2000,A,V0007803
104444_B,RL005177_B,TURNER,MICHAEL,,2008-03-03,2008,18,M,W,NL,REP,WI,ALAMANCE,1581 VALLEY RD,elon,,,11/18/2026,A,V0004556
106897_B,NN003075_B,DANIEL,ASHLEIGH,JOYCE,1980-08-14,1980,46,F,W,UN,REP,MN,UNION,4082 MEADOWVIEW DR,INDIAN TRAIL,28079,,11/13/2004,R,V0004013
102251_B,HR006537_B,MEDLIN,ABBY,,1972-07-23,1972,54,F,B,NL,DEM,NC,BRUNSWICK,4741 RIGGS ROAD,LELAND,28455,,12/05/2021,A,V0000375
104420_B,BH004844_B,BROWN,WILLIAM,JAMES,1979-12-04,1979,47,M,B,NL,DEM,,WILKES,987 BEAR CREEK RD,PURLEAR,28665,9199837317,01/24/2024,A,V0003982
100738_B,YX006360_B,HICKS,NICHOLAS,,1990-04-16,1990,36,M,W,NL,REP,VI,MECKLENBURG,2927 OLD MOUNTAIN RD,CHARLOTTE,28269,,08/15/2016,A,V0005322
106528_B,EV007134_B,THOMHS,TINA,ANN,1971-06-06,1971,55,F,W,UN,REP,,MECKLENBURG,982 E CHURCH ST,HUNTERSVILLE,28078,,01/17/2016,I,V0002582
108129_B,TT001089_B,STILWELL,TAMMY,,1943-03-25,1943,83,F,W,UN,UNA,NC,MECKLENBURG,9947 N CHURCH ST,CHARLOTTE,28215,8476910735,01/07/2005,A,V0007634
103486_B,PT007485_B,VANN,NANCY,LTDIA,1980-06-25,1980,46,F,W,NL,REP,NC,CALDWELL,111 E 36TH ST,LENOIR,28645,,02/12/2024,A,V0003353
103004_B,VY000062_B,GAINEY,EDITH,ERIN,1964-10-11,1964,62,F,O,NL,DEM,NC,LEE,7727 CHAPEL HILL RD LOT 17,SANFORD,27332,,05/18/2021,R,V0008828
109620_B,HJ003788_B,PITTS,CLAIRE,LINDA,1976-08-19,1976,50,F,W,NL,REP,NC,HOKE,661 WALNUT ST,RAEFORD,28375,,10/23/2020,A,V0007488
108778_B,TX002800_B,FOY,MAYA,,1992-06-03,1992,34,F,W,UN,REP,CT,FORSYTH,574 BOSTIC DR,WINSTON SALEM,27107,,04/14/2024,A,V0004028
105744_B,LT006602_B,CAUDILL,DEVON,,1972-09-21,1972,54,F,W,NL,DEM,NC,CALDWELL,161 EDWARDS RD UNIT 28,LENOIR,28645,9199256745,02/09/2015,R,V0004395
104276_B,AA007657_B,MOSES,MICHAEL,GREGORY,2007-12-26,2007,19,M,B,UN,DEM,,FORSYTH,1890 RIDGE RD UNIT 1,RURAL HALL,27045,9843346249,03/20/2025,A,V0004171
101899_B,SF005947_B,MUNOZ,ROBERT,,1948-07-03,1948,78,M,U,UN,UNA,NC,DURHAM,3449 W FRIENDLY AVE,DURHAM,27707,3045066389,12/03/2026,A,V0008035
100282_B,BN002902_B,LOFTIS,JOSEPH,,1996-02-13,1996,30,M,W,NL,REP,VA,PERSON,293 CLARK AVE,ROXBORO,27573,6098149396,06/16/2024,A,V0007119
100836_B,DW009622_B,JULIAN,BRANDON,PATRICIA,1990-08-21,1990,36,U,W,UN,DEM,NC,BRUNSWICK,540 PAUL HARDIN DR,SOUTHPORT,28461,4062575760,05/21/2016,A,V0003844
101300_B,RP008018_B,SNELL,DANIELLE,LUTHEI,1966-09-25,1966,60,U,U,NL,UNA,NY,DURHAM,29923 BAKER DR,DURHAM,27707,9197347032,10/25/2016,R,V0008513
107365_B,LZ004540_B,CARPENTER,EMILY,MAUREEN,1993-01-18,1993,33,F,U,NL,UNA,,IREDELL,269 GARRETT RD,MOORESVILLE,28117,,01/17/2024,A,V0006139
101036_B,VR001593_B,HOOELL,ANN,,1970-06-23,1970,56,F,W,NL,REP,NY,UNION,357 SUNSET DR,WAXHAW,28173,,08/04/2012,A,V0008865
104439_B,RX005647_B,SESSOMS,CHRISTIDA,MAKAYLA,1971-07-09,1971,55,F,W,UN,UNA,NC,MOORE,7440 SPRING FOREST RD,PINEBLUFF,28373,9102459885,03/23/2004,A,V0001827
100919_B,YN008174_B,ROBERTS,ASHTON,,,1991,35,F,W,NL,DEM,CT,BURKE,4205 UNIVERSITY RD,VALDESE,28690,,10/26/2009,A,V0002077
105064_B,SK007749_B,ALFORD,GREGORY,,1961-05-28,1961,65,M,B,NL,UNA,WA,WAKE,468 GARRETT RD,APEX,,8287078817,12/25/2008,I,V0005148
106210_B,MM005525_B,CATES,RODNEY,ROBERT,1983-06-27,1983,43,M,W,UN,UNA,PA,STANLY,12 E MAIN ST,OAKBORO,28129,,04/19/2026,A,V0007864
109902_B,EW002480_B,DENNIS,RUSSELL,JAMES,1969-08-19,1969,57,M,W,NL,REP,PR,HARNETT,4107 WILLIAMS RD,ERWIN,28339,9102350135,09/12/2020,R,V0000016
100986_B,YV005785_B,BROWN,DAVID,SCOTT,2000-01-14,2000,26,M,W,UN,UNA,NC,PAMLICO,239 SMITH ST,VAND.,28587,,06/01/2018,A,V0006314
103498_B,AH005336_B,HAMMOND,MARGARET,DOROTHY,1938-07-05,1938,88,F,U,UN,UNA,,WAKE,8701 GUM BRANCH RD,CARY,27513,,03/06/2000,A,V0005340
109196_B,HA009347_B,SWINDELL,WORMA,PATTICIA,1986-12-19,1986,40,F,W,UN,REP,NC,GUILFORD,4252 COMMONWEALTH AVE,BROWNS SUMMIT,27214,2524434317,05/05/2021,A,V0000140
108473_B,JS000713_B,WILSON,CYNTHIA,BARBARA,2001-10-22,2001,25,F,B,UN,DEM,CA,DURHAM,759 E HAGGARD AVE,DURHAM,27713,,10/12/2019,A,V0005756
102317_B,DY002852_B,THOMAS,VERNON,,2006-12-02,2006,20,M,W,NL,DEM,,CABARRUS,521 UNIVERSITY CITY BLVD,HARRISBURG,28078,,04/14/2025,A,V0003729
109029_B,ZB003938_B,PERKINS,MELANIE,TAMMY,2007-07-07,2007,19,F,B,NL,DEM,IL,MECKLENBURG,7109 NOTTINGHAM DR,HUNTERSVILLE,28078,,04/19/2025,I,V0007691
107725_B,GV004717_B,HURLEY,BRIAN,ERIC,1972-09-26,1972,54,M,W,NL,UNA,NC,GASTON,125 EASY ST,GASTONIA,28054,7043759230,02/14/2026,A,V0002330
107540_B,HJ005125_B,SIMMONS,HALEY,JENNA,1964-02-07,1964,62,F,W,NL,REP,VA,NORTHAMPTON,510 FARRINGTON RD,CONWAY,27820,,08/16/2008,A,V0006922
107547_B,CG006649_B,WILLIS,CLTRENCE,MICHAEL,1996-04-15,1996,30,M,W,NL,UNA,,MECKLENBURG,712 RIVER RD,CHARLOTTE,28205,2522617669,02/22/2014,A,V0008178
101210_B,TF008327_B,ROGERS,MICHAEL,,2005-08-14,2005,21,M,U,UN,REP,CA,NEW HANOVER,18 QUEENS RD,WILMINGTON,28409,,02/14/2024,A,V0007924
106062_B,VT005427_B,JONES,KIM,VOBERTA,1990-12-15,1990,36,F,U,UN,UNA,MD,FORSYTH,2410 W MOREHEAD ST,WINSTON SALEM,27127,,10/16/2008,A,V0000238
100524_B,ZW000704_B,SHEPPARD,VIWTORIA,KAREN,1999-04-24,1999,27,F,W,NL,DEM,,FRANKLIN,241 BROOKSIDE DR,KITTRELL,27544,,05/10/2026,A,V0003095
107477_B,LJ008786_B,MATTHEWS,EUGENE,RODNEY,1999-09-02,1999,27,M,A,NL,UNA,CA,CABARRUS,3221 MAIN ST,HUNTERSVILLE,28078,,01/21/2017,A,V0005573
104974_B,BW004784_B,JOBNSON,KELLEY,,1974-03-07,1974,52,U,U,UN,REP,WY,DAVIDSON,313 MAPLE ST,THOMASVILLE,27360,2485996387,09/14/2004,A,V0008603
103860_B,MJ005570_B,CHRISTOPHER,LAURIE,,1945-12-07,1945,81,F,O,UN,DEM,MI,NEW HANOVER,1834 N FAYETTEVILLE ST APT 15,WILMINGTON,28412,3369251923,02/10/2018,A,V0004703
106278_B,BP004780_B,WILLIAMS,ANNA,JACKIE,1984-05-03,1984,42,F,W,NL,REP,TN,MECKLENBURG,302 FORESTDALE DR,CHARLOTTE,28215,,12/23/2018,A,V0001012
104332_B,WW001522_B,LYNCH,CALEB,DAVID,1973-03-25,1973,53,U,W,NL,UNA,NY,CURRITUCK,1160 FAYETTEVILLE ST,MOYOCK,27958,9105954056,01/13/2020,A,V0007177
104633_B,SZ001721_B,TAYLOR,JEAN,,2002-09-16,2002,24,F,W,NL,DEM,DC,GUILFORD,1568 HOBBS RD,HIGH POINT,27265,,11/02/2020,I,V0003582
105677_B,KZ003222_B,JACKSON,AMBER,,1983-06-15,1983,43,F,W,UN,UNA,NC,GASTON,1130 WRIGHTSVILLE AVE,GASTONIA,28056,,03/06/2021,A,V0007807
105742_B,GZ005410_B,ACOSTA,JOSEPH,SGAWN,2002-06-27,2002,24,M,W,NL,UNA,NC,WAKE,152 LAKESHORE DR,GARNER,27529,3367124121,11/22/2020,A,V0005605
103163_B,ZR006065_B,WILSAN,JORDAN,,2006-01-15,2006,20,U,W,NL,REP,UT,ALEXANDER,153 E MAIN ST,HICKORY,28602,,12/02/2024,A,V0002569
101939_B,WK008376_B,MOSLEY,THOMAS,,1938-08-10,1938,88,M,W,NL,REP,,DURHAM,6247 CAMELOT DR,DURHAM,27706,,10/13/1992,A,V0005489
107013_B,XB009913_B,WHEELER,AIDEN,TOBY,1978-11-16,1978,48,M,W,HL,REP,NJ,GUILFORD,222 FAIRVIEW DR,GREENSBORO,27401,,01/23/2008,A,V0002631
108578_B,KF002159_B,MCLEOD,JESSICA,,1956-03-16,1956,70,F,W,NL,REP,NC,NEW HANOVER,441 WSSU,WILMINGTON,28401,9808760470,01/04/2016,R,V0003792
104932_B,FT000790_B,BANKS,SCOTTY,,1959-06-22,1959,67,M,W,NL,UNA,NC,PITT,8336 WALL ST,GREENVILLE,27858,,05/18/2023,A,V0005313
101567_B,SX004055_B,OWENS,HUGH,,1998-03-18,1998,28,M,B,NL,DEM,NY,MECKLENBURG,104 MOCKINGBIRD LN,CHARLOTTE,28227,,02/24/2026,A,V0008526
107697_B,SV000604_B,ROBINSON,UIDNEY,,,2000,26,U,W,NL,UNA,NC,GUILFORD,433 WHITE PINE DR,GREENSBORO,27405,,11/10/2018,A,V0000540
107190_B,XF000505_B,COOK,LAURA,ASHLEY,1978-04-23,1978,48,F,B,NL,UNA,NC,UNION,263 MAGNOLIA DR,WAXH.,28173,,05/03/2008,A,V0002697
107794_B,YT006431_B,CLARK,MARY,MMRY,1925-08-17,1925,101,U,B,NL,DEM,NC,HENDERSON,4 S WILMINGTON ST,HENDERSONVILLE,28791,3365530238,06/04/2024,A,V0001945
107004_B,KR000183_B,WOOD,BARBARA,SYLVIA,1951-12-11,1951,75,F,W,UN,REP,,ONSLOW,7621 E BROOKLYN VILLAGE AVE,RICHLANDS,28574,2525409857,06/12/2021,A,V0006597
104379_B,BF005476_B,UAPP,MEGHAN,CASSIDY,1994-04-19,1994,32,F,U,NL,UNA,NC,CUMBERLAND,162 RIVER RD,FAYETTEVILLE,28311,9105829514,09/13/2020,R,V0005376
101964_B,YD005902_B,TAYLOR,KIMBERLY,ELIZABETH,2007-12-17,2007,19,F,B,UN,UNA,KY,WAKE,279 SHANNON ROAD,RALEIGH,27610,9809982857,03/18/2025,A,V0005133
108645_B,LK001459_B,BURROUGHS,DYLAN,,2004-06-10,2004,22,M,W,NL,UNA,NC,ORANGE,221 LEE STREET,CHAPEL HILL,,,01/22/2026,A,V0001048
101192_B,HV006262_B,SUTTON,CURTIR,STEPHEN,1967-12-22,1967,59,M,U,UN,DEM,OC,PITT,712 JAMES ST,WINTERVILLE,28590,9105565203,01/06/2001,A,V0006637
106960_B,EL002949_B,ARNOLD,DEVON,,,1978,48,M,B,UN,UNA,NC,WAKE,1734 GEORGIA AVE,CARY,27518,9194721229,03/02/2022,I,V0004470
104639_B,HE005535_B,FIELDS,IRIS,JACQUELINE,2003-12-14,2003,23,F,W,UN,REP,NC,ALAMANCE,470 PINE RIDGE RD,GRAHAM,27253,8283773066,05/25/2022,R,V0007770
100257_B,DP005202_B,CAMERON,GLEN,,1981-07-15,1981,45,M,B,NL,DEM,SC,CARTERET,203 WESTMINSTER DU,CAPE CARTERET,28584,9195233298,03/04/2024,A,V0001016
103039_B,SB005391_B,SIMPSON,PATRICIA,COLLEEN,1953-08-04,1953,73,F,W,UN,REP,VA,MECKLENBURG,2007 SUNSET AVE UNIT 8,CHARLOTTE,28205,,04/25/2026,A,V0000623
101439_B,EZ005614_B,STANLXY,TARA,KATRINA,1958-05-09,1958,68,F,U,NL,UNA,IN,WAKE,2256 AUSTIN RD,RALEIGH,27610,8282096977,04/04/2026,A,V0006886
108569_B,JA005506_B,SURRY,BRENT,,1950-05-24,1950,76,M,B,NL,DEM,AZ,UNION,3999 MADISON AVE,WAXH.,28173,7576632688,02/12/2024,A,V0005300
108476_B,RJ008980_B,ROBINSON,KAREN,,1951-08-13,1951,75,F,W,UN,UNA,NC,MECKLENBURG,865 MEADOWVIEW DR,CHARLOTTE,28265,8285017694,05/21/2026,A,V0004303
106123_B,ZR000602_B,PLYLER,ARTHUR,JEFF,2007-07-20,2007,19,M,W,NL,UNA,OC,DUPLIN,463 COUNTY LINE RD,TEACHEY,28464,,05/12/2025,R,V0005534
107747_B,ZH002072_B,SMITH,DENNIS,,2002-11-14,2002,24,M,W,NL,DEM,NC,BEAUFORT,1005 FAYETTEVILLE ST,PINETOWN,27865,9197281634,02/03/2020,A,V0003720
100457_B,PX008825_B,WILLIAMS,SAMANTHA,,1997-04-16,1997,29,F,U,NL,UNA,NC,WAKE,89186 FOSTER ROAD,RALEIGH,27604,7044947172,01/05/2024,A,V0002055
103497_B,AM007771_B,RAMSEY,NATHAN,,1959-03-24,1959,67,M,W,UN,REP,NC,SURRY,4614 JJNES FERRY RD,MOUNT AIRY,27030,,02/22/2002,R,V0002971
102907_B,WA008509_B,HALL,STEPHEN,BRANDON,1976-11-17,1976,50,M,W,NL,REP,GA,DURHAM,3159 MELODY LN,DURHAM,27703,,10/08/2024,A,V0006824
101990_B,YX009076_B,ALLEN,JEAN,BGIANNA,1952-02-01,1952,74,F,W,UN,UNA,TX,MECKLENBURG,9113 QUAIL RIDGE RD,CHARLOTTE,28215,,12/02/2023,A,V0002931
105589_B,WH008137_B,MANNING,LUTHER,,1981-03-23,1981,45,M,W,NL,UNA,KY,SAMPSON,1640 S MAIN ST,DUNN,28334,4409295466,12/05/2024,A,V0000694
108253_B,WN003376_B,GARDNER,JENNIFER,HEADHER,1995-07-19,1995,31,F,B,UN,DEM,,WAKE,1260 WEST ST,FUQUAY VARINA,27526,,03/01/2025,A,V0003350
105382_B,MZ008719_B,HALL,DORIS,RUTH,1963-02-10,1963,63,F,W,UN,UNA,,DURHAM,1797 CHESTNUT STREET,DURHAM,27703,,01/28/1998,R,V0001106
108014_B,YV009264_B,CAMPBELL,ELAINE,,1981-12-20,1981,45,F,W,UN,UNA,NC,MECKLENBURG,3022 CREEKSIDE DR,CHARLOTTE,28215,,03/17/2012,A,V0007322
106955_B,JK008648_B,MILLER,JESSICA,PATRICIA,2002-12-03,2002,24,F,W,NL,REP,MD,ALEXANDER,3057 E MAIN ST UNIT 27,HIDDENITE,28636,2526672561,07/21/2020,A,V0000840
106626_B,ZY007370_B,CANNOM,PAMELA,MELISSA,1975-12-18,1975,51,F,W,NL,REP,NC,HARNETT,154 LONG SHOALS RD,coats,27521,,11/16/2014,R,V0000224
100924_B,RP000605_B,MOORE,TIFFANY,JESSICA,1962-08-01,1962,64,F,B,NL,DEM,DC,MECKLENBURG,27 LAKESIDE DR,DAVIDSON,28036,,01/27/2016,A,V0008255
105682_B,EB005151_B,NEWTON,KEITH,DALE,1998-12-03,1998,28,M,B,HL,DEM,,RANDOLPH,2231 OAK RIDGE DR,ASHEBORO,27204,,07/03/2016,I,V0001864
101726_B,AT005745_B,FZLLER,FRENDA,TAYLOR,1977-11-16,1977,49,F,W,NL,DEM,SC,WAKE,324 BEVERLY DR,FUQUAY VARINA,27526,,09/05/1996,A,V0003685
102772_B,VJ006045_B,PARKER,HEATHER,,1992-09-14,1992,34,F,W,NL,REP,NC,WAKE,1546 ARBOTETUM DR,WAKE FOREST,27587,9804228845,10/04/2016,R,V0008642
100122_B,RF005740_B,RICHARD,CLARA,,2002-11-21,2002,24,F,W,UN,UNA,,DUPLIN,7923 QUEENS RD,MT OLIVE,28365,,11/16/2024,A,V0007899
106872_B,ET000055_B,ROBINSON,LAWRENCE,,1947-06-05,1947,79,M,B,NL,DEM,NY,NEW HANOVER,372 HARRIS ROAD,WILMINGTON,28405,7049078510,05/18/1972,A,V0008530
102797_B,RH001750_B,MORGAN,STEPHANIE,,1967-11-11,1967,59,F,U,UN,DEM,,WAKE,140 HILLSBOROUGH ST,RALEIGH,27616,,02/14/2016,A,V0002806
102109_B,MT008303_B,PENLAND,WAYPE,COLE,1958-01-21,1958,68,M,W,UN,UNA,NC,CABARRUS,23 QUAIL HOLLOW DR,CONCORD,28027,,12/27/2020,A,V0004587
101115_B,PB004711_B,PIERCE,FREDERICK,,1943-03-21,1943,83,M,O,NL,REP,NC,RANDOLPH,3448 EKM ST,TRINITY,27370,2529345526,02/13/2008,A,V0009458
102353_B,DJ008494_B,CURTIS,CARRIE,SHANNON,1956-07-12,1956,70,F,W,NL,UNA,VA,ROCKINGHAM,517 CLEVELAND AVENUE,REIDSVILLE,27327,3363743503,02/08/2018,I,V0001216
107642_B,CD006660_B,WARD,MARK,DONALD,1965-06-24,1965,61,M,A,NL,UNA,NC,GUILFORD,6251 LAKE SHORE DR,OAK RIDGE,27310,8437290767,06/08/2016,A,V0002508
102142_B,GY009822_B,CRAMER,BILLY,CURTIS,2005-02-09,2005,21,M,M,UN,DEM,,MECKLENBURG,136 CHARLES ST,CHARLOTTE,,,06/02/2023,I,V0007171
109709_B,SB002216_B,CROTTS,ANDREW,JON,1989-07-24,1989,37,M,W,UN,REP,NC,NASH,4811 W FRIENDLY AVE,ROCKY MOUNT,27804,8289315505,09/05/2021,A,V0004102
103633_B,AP009874_B,THOMSSON,ELIZABETH,COURTNEY,1954-10-26,1954,72,F,B,UN,DEM,OH,MECKLENBURG,,CHARLOTTE,28269,9104154194,01/23/2020,A,V0005458
108197_B,AX000509_B,WILLIAMS,OLIVIA,MELISSA,2005-11-11,2005,21,F,W,NL,REP,NC,HERTFORD,1669 SHARON RD,MURFREESBORO,,7043214913,08/22/2023,A,V0004771
109432_B,VS001307_B,LANE,PATRICIA,,1984-02-08,1984,42,F,W,NL,UNA,NY,FORSYTH,1768 MORNINGSIDE DR,WINSTON SALEM,27105,9109557713,12/01/2018,A,V0005824
102127_B,AE006047_B,WELCH,JENSIFER,,2002-07-11,2002,24,F,W,NL,UNA,GA,MECKLENBURG,386 ST ALBANG DR,CHARLOTTE,28213,,08/11/2020,A,V0000871
109803_B,EG002539_B,BAILEY,RICHARD,DAVID,1974-07-26,1974,52,M,W,UN,REP,MD,NEW HANOVER,202 BUCKHORN RD,WILMINGTON,28403,,12/25/2024,R,V0003535
105827_B,KY006443_B,UTLEY,MARY,,1980-10-08,1980,46,M,W,NL,REP,,GUILFORD,6596 BAILEY RD,GREENSBORO,27410,,07/22/2013,A,V0003722
102833_B,KB006025_B,BOBBITT,DORIS,ANGELINA,1935-08-04,1935,91,F,W,NL,DEM,SC,FORSYTH,5854 RED HILL RD,WINSTON SALEM,27104,2525211240,07/26/2022,A,V0009294
102841_B,DB005419_B,SMITH,BEVERLY,NOAH,1984-03-11,1984,42,U,W,NL,DEM,,ONSLOW,1613 SYCAMORE ST,HOLLY RIDGE,28445,,07/12/2016,A,V0004542
107221_B,RP006524_B,MILLS,DAMIEN,JOHN,1947-05-08,1947,79,M,W,UN,REP,MI,NASH,8791 N MAIN ST,SPRING HOPE,27882,,07/19/2008,R,V0005862
102544_B,GH000273_B,MORGAN,LEAH,CAROL,1948-04-11,1948,78,F,B,HL,DEM,NC,MACON,1091 OAK ST,FRANKLIN,28734,3218416460,11/15/2015,A,V0002671
106328_B,JL005721_B,JOSEPH,ISABELLE,,1969-05-24,1969,57,F,W,NL,UNA,NC,CABARRUS,9167 JACKSON XD,KANNAPOLIS,28083,,03/15/2022,A,V0005552
104989_B,ZB000144_B,FAISON,DAVID,,1952-03-26,1952,74,M,U,NL,UNA,PA,IREDELL,1170 BREVARD RD,HARMONY,28634,,03/11/2022,A,V0000353
101290_B,DN007229_B,JOYCE,MONICA,RUTH,1928-10-26,1928,98,F,W,NL,REP,,DURHAM,3483 PINEVIEW DR,DURHAM,27701,9196326143,10/18/2021,R,V0000625
103724_B,RR008531_B,HANSON,JORDAN,DAN,1955-04-07,1955,71,M,A,UN,REP,NC,EDGECOMBE,,PINETOPS,27864,9108582502,08/21/2011,A,V0007967
108056_B,RX006478_B,MCLEOD,JOYCE,,2005-02-21,2005,21,F,W,UN,UNA,,WAYNE,425 BARRINGTON DR LOT 40,GOLDSBORO,27530,,09/03/2023,A,V0006269
102585_B,LK006853_B,ANDERSON,MOHAMED,ANDREW,1963-12-16,1963,63,M,W,NL,REP,OC,GUILFORD,4131 W MAIN ST LOT 5,GREENSBORO,27404,,03/03/2012,A,V0005295
109958_B,FA006764_B,SMITH,RICKY,,1987-12-23,1987,39,M,W,UN,UNA,NC,CABARRUS,49106 CAROLINA BEACH RD,CONCORD,28027,9103578703,08/14/2019,A,V0007951
109732_B,RC004380_B,DIXON,SARAH,KATHERINE,1978-11-21,1978,48,F,W,NL,UNA,,GASTON,124 RIVER RD,GASTONIA,28053,7048216488,10/24/2018,A,V0007541
100821_B,DV008391_B,NEAL,GUY,,1991-03-06,1991,35,U,W,NL,REP,NC,MOORE,190 CARATOKE HWY,WHISPERING PINES,28327,,09/27/2009,A,V0001971
101045_B,NG007254_B,CURRAN,RACHEL,ROSS,1974-01-14,1974,52,U,W,HL,REP,NC,GUILFORD,145 ST ALBANS DR,GREENSBORO,,,12/24/2002,A,V0002233
109307_B,RM007711_B,KELLY,TIMOTHY,CHARLES,1956-09-13,1956,70,M,W,NL,REP,,JOHNSTON,3212 FAYETTEVILLE RD,CLAY.,27520,,11/11/2024,R,V0002053
104219_B,TH002405_B,RAINES,LAURA,,1949-07-25,1949,77,F,W,NL,DEM,,PITT,5656 OAKWOOD DR UNIT 11,FARMVILLE,27828,,08/12/1996,A,V0003133
103829_B,KH008466_B,SMITH,NATALIE,,,2000,26,F,W,NL,UNA,,WILSON,1826 COUNTRY LN,LUCAMA,27851,8288448711,11/06/2025,A,V0000457
104115_B,NJ002921_B,JONES,ROBECT,ARMANDO,1972-10-13,1972,54,M,W,NL,UNA,MD,BRUNSWICK,1856 MAIN ST,WINNABOW,28479,3362414412,03/28/2024,I,V0003075
109353_B,EF003594_B,BROOKS,CHELSEA,TRISHA,1970-01-11,1970,56,F,W,UN,UNA,NC,WAKE,770 VIRGINIA AVE,WENDELL,27591,,01/03/2016,A,V0002541
101496_B,PD001538_B,JOHNSON,ELIJAH,PATRICK,1949-09-11,1949,77,M,W,NL,UNA,PA,VANCE,1195 FAYETTEVILLE ST,HENDERSON,27537,,11/24/2004,A,V0005436
104572_B,ZA003251_B,BEFL,KENNETH,BRANEON,1959-08-27,1959,67,M,B,UN,DEM,NC,MITCHELL,116 PARK RD,SPRUCE PINE,28771,9806385629,04/21/2008,A,V0005289
101058_B,YB002721_B,HERMAN,MARTINA,,1963-07-13,1963,63,F,W,NL,REP,,ORANGE,484 WRIGHTSVILLE AVE,CHAPEL HILL,27512,9194391474,02/16/2025,R,V0000081
102724_B,SH004714_B,SMITH,KIMBERLEY,CYNTHIA,1962-02-25,1962,64,F,W,NL,REP,NC,WAKE,8638 ARBOR DR UNIT 13,RALEIGH,27610,,08/13/1983,A,V0002922
106708_B,MY003283_B,JONES,ROBERT,,1975-06-25,1975,51,U,W,NL,DEM,NC,CABARRUS,395 CLEVELAND AVE,CONCORD,28027,8289026973,02/09/2020,A,V0002710
103419_B,XG003767_B,BOYKIN,GARY,DONNE,1976-06-08,1976,50,U,B,NL,DEM,PA,ROCKINGHAM,1363 WILLOWBROOK DRIVE,MADISON,27025,,11/09/2020,I,V0006312
103266_B,XG002587_B,PETERSON,DONNIE,WALTER,1953-12-18,1953,73,M,W,NL,REP,NC,NEW HANOVER,274 BROOKFIELD DR,WILMINGTON,,,05/18/2004,A,V0003624
106484_B,YM006368_B,WRIGHT,PAULA,ELIZABETH,1956-04-23,1956,70,F,W,NL,REP,NC,NASH,312 COUNJY LINE RD,NASHVILLE,27856,,04/22/2022,R,V0004190
108307_B,FR003171_B,MACE,YVONNE,JULIANNA,1979-01-28,1979,47,F,W,NL,UNA,MD,DURHAM,883 RED OAK DR APT 11,DURHAM,27703,,10/25/2020,A,V0008050
105273_B,AP001497_B,ALLISON,STERHEN,,1942-04-06,1942,84,M,B,NL,DEM,OC,HOKE,1395 RALEIGH RD,FAYETTEVILLE,28303,,08/04/2025,R,V0008358
106406_B,MF006977_B,PIERCE,ELIZABETH,TERESA,1946-11-01,1946,80,F,W,UN,REP,NC,DAVIDSON,3507 EVANS RD APT 12,THOMASVILLE,27360,9107401577,06/04/2017,R,V0005027
104300_B,CH009211_B,RILEY,CHRISTINA,,2002-10-09,2002,24,F,W,NL,REP,,GRANVILLE,9613 PARK RD,CREEDMOOR,27522,8282969840,01/23/2023,R,V0005842
103183_B,DD007843_B,JOHNSON,MARIA,,2004-02-12,2004,22,F,W,NL,REP,NC,GUILFORD,354 BROWN RD,HIGH POINT,27262,,01/27/2024,R,V0002718
102334_B,PV003014_B,CHRISTIAN,ALLISON,SHANIA,1997-01-17,1997,29,M,U,NL,UNA,NC,ROBESON,329 HUNTING RIDGE RD,FAIRMONT,28340,,05/18/2020,A,V0006012
109793_B,NJ004612_B,CRABTREE,CHELSEY,,,1994,32,F,A,UN,REP,NC,MECKLENBURG,5348 CENTRAL AVE,HUNTERSVILLE,28078,,02/12/2022,A,V0003384
104244_B,SL006439_B,PRINCE,KEVIN,MELISSA,1959-06-21,1959,67,U,W,NL,REP,NC,RUTHERFORD,584 UNIVERSITY RD,MOORESBORO,28114,,03/05/1978,A,V0004782
102005_B,YJ004169_B,RANKIN,MATTHEW,PATRICK,1935-12-21,1935,91,M,W,NL,DEM,WV,MECKLENBURG,59 CEDAR ST,DAVIDSON,28036,9193776654,04/19/2023,R,V0006680
108693_B,BK009526_B,MICHAEL,DAVID,DWAYNE,1972-06-06,1972,54,M,W,NL,DEM,,IREDELL,3399 N BREVARD ST,MOORESVILLE,28117,,10/13/2020,A,V0005271
105090_B,CW007846_B,PHILLIPS,SHANE,HOHN,1962-11-07,1962,64,M,W,NL,REP,NC,BLADEN,1413 ISLAND FORD RD,ELIZABETHTOWN,28337,,01/23/2025,I,V0000875
104688_B,GV002662_B,THOMAS,JOANNA,,1982-03-19,1982,44,F,W,NL,UNA,NC,RANDOLPH,250 MAIN ST,ASHEBORO,27203,,11/18/2000,A,V0005285
100212_B,HJ008031_B,SESSOMS,CAROLINE,PATRICIA,1978-03-28,1978,48,F,W,UN,UNA,MA,MECKLENBURG,36398 MCCONNELL RD,CHARLOTTE,28205,9195635618,07/23/2018,A,V0003437
107917_B,NM003232_B,EVANS,CAMERON,,1976-08-06,1976,50,M,B,NL,DEM,,WAKE,4835 CLEARWATER DR UNIT 7,WAKE FOREST,27587,,09/27/2026,I,V0003151
103380_B,PJ005964_B,COOK,RONALD,DANNR,1968-12-27,1968,58,M,W,NL,REP,VA,FORSYTH,9289 CREEK RIDGE RD,WINSTON SALEM,27106,,07/17/2004,A,V0001210
109577_B,WE003561_B,FRANKLIN,ELBERT,BENJLMIN,1965-02-21,1965,61,M,W,UN,UNA,OH,WAKE,8496 LAKESHORE DR,GARNER,27529,,03/02/2019,I,V0003558
103805_B,NF004009_B,CRUZ,DOROTHY,COURTNEY,1956-11-22,1956,70,F,W,NL,REP,MA,SAMPSON,89 PENINSULA DR LOT 14,GODWIN,28344,,12/01/2026,A,V0005384
101087_B,LB004835_B,REYNOLDS,ALISHA,,1959-07-28,1959,67,F,W,NL,REP,FL,WAKE,311 SUNSET AVE,RALEIGH,27615,3365362910,04/28/2021,R,V0004266
107878_B,TS003174_B,IVEY,WILLIE,,1971-02-17,1971,55,M,I,UN,UNA,NC,CARTERET,48 MAPLE ST,CAPE CARTERET,28584,2029255491,10/06/2024,R,V0005878
100513_B,AY008860_B,CHILDRESS,COURTNEY,PAMELA,1998-11-12,1998,28,F,B,NL,DEM,OC,WAKE,18880 LAKE RD,RALEIGH,27604,,11/08/2020,R,V0003985
109401_B,TE009761_B,BLACKWELL,MARC,,2004-06-28,2004,22,F,W,NL,REP,SC,PERSON,33 S MAIN ST,ROXBORO,27574,,12/21/2026,R,V0006027
107309_B,WG004510_B,MORRISON,CHRISTOPHER,FRANCES,1988-11-25,1988,38,U,W,NL,LIB,WV,VANCE,4211 S MAIN ST,KITTRELL,27549,,11/22/2022,A,V0001430
107671_B,BH003844_B,FISHER,JOJN,,1984-10-09,1984,42,M,W,NL,UNA,NC,CUMBERLAND,829 DOGWOOD DR,FAYETTEVILLE,28304,,08/08/2002,A,V0001307
100207_B,AS007589_B,MORRISON,JOHN,,1968-07-10,1968,58,M,W,NL,REP,NC,CARTERET,267 KELLY RD,NEWPORT,28570,,11/28/2021,A,V0005807
102546_B,TK005198_B,WADE,MAQY,,1972-01-24,1972,54,F,U,NL,REP,SC,ONSLOW,1096 S MAIN ST,JACK.,28541,,11/18/1990,R,V0004640
102752_B,LK006359_B,RUSHING,TRENT,DUVID,1988-03-24,1988,38,M,A,NL,DEM,AL,CATAWBA,8399 W ACADEMY ST,NEWT.,28657,2529969092,10/20/2018,A,V0007262
107914_B,EH009247_B,CHAVIS,UNDREA,,1984-06-14,1984,42,F,W,UN,DEM,NC,CHATHAM,2976 COUNTRY CLUB RD,GOLDSTON,27252,,10/14/2002,A,V0005929
100055_B,LK000086_B,FORBES,DOMINIQUE,,1992-10-10,1992,34,F,W,NL,REP,NC,RANDOLPH,4762 BEATTIES FORD RD,ASHEBORO,27205,,05/22/2024,I,V0004558
100597_B,ND009305_B,HARDY,EMILY,,1967-04-01,1967,59,F,W,NL,DEM,OC,FORSYTH,1939 LAKESIDE DR,WINSTON SALEM,,,01/23/2023,A,V0006437
106254_B,XJ009408_B,ADAMS,ANGEL,,2000-12-21,2000,26,F,B,NL,DEM,CA,ONSLOW,9496 OLD MOUNTAIN RD,HOLLY RIDGE,28445,,08/05/2018,A,V0001832
103956_B,VA000729_B,PAYNE,HOWARD,JAMES,1974-03-22,1974,52,M,W,UN,REP,OH,FORSYTH,,WINSTON SALEM,27107,,11/09/1998,A,V0001151
103462_B,VR005756_B,MOBLEY,JEFFREY,FRANCIS,1988-08-24,1988,38,M,W,NL,UNA,MN,DAVIDSON,3537 LONGVIEW DR APT 38,LEXINGTON,27294,,08/26/2020,I,V0004037
101149_B,MD008426_B,BROWN,HERMAN,HARRISON,1961-11-27,1961,65,M,B,NL,UNA,NY,PITT,9206 TUCKASEEGEE RD,WINTERVILLE,28590,,08/25/2012,A,V0003212
109298_B,SG000751_B,SMITH,JANE,KAOHY,1947-04-19,1947,79,F,W,UN,UNA,,ROBESON,94177 SHILOH RD,LUMBERTON,28360,9103991379,12/18/2010,A,V0003883
106962_B,YW002224_B,CLARK,JENNIFER,GLORIA,1988-06-22,1988,38,F,W,NL,REP,MN,BRUNSWICK,94 OLD VINEYARD RD,WINNABOW,28479,3368002715,05/11/2006,A,V0003708
103062_B,KV006119_B,RANDALL,MICHAEL,,1990-01-17,1990,36,M,W,NL,UNA,MI,CASWELL,89 HAMPTON RD,MILTON,27305,,01/07/2008,A,V0003398
103451_B,RK001513_B,LINEBERRY,LISA,ASHLEY,1973-02-20,1973,53,F,U,UN,DEM,,PITT,92 WHITE ST,WINTERVILLE,28590,,08/23/2026,A,V0007159
109282_B,TZ000173_B,HARRIS,SHIRLEY,,,1949,77,F,W,NL,UNA,,MOORE,432 CIRCLE DR,VASS,28394,,03/23/1988,A,V0003852
108186_B,DR009574_B,HOWARD,MURK,,1945-06-06,1945,81,M,W,UN,UNA,OC,MECKLENBURG,370 GRANDVIEW DR,CHARLOTTE,28215,,10/02/2015,R,V0000429
109548_B,GG005420_B,PRUITT,JEJNIFER,,1995-01-02,1995,31,F,W,HL,DEM,NC,HAYWOOD,301 CHURCHILL DR APT 11,WAYNESVILLE,28786,,09/24/2021,I,V0005173
100034_B,AG008334_B,TRAN,JOSEPH,,1929-08-24,1929,97,U,W,UN,UNA,NY,NEW HANOVER,173 MORGAN RD APT 36,WILMINGTON,28403,9195158576,11/23/2008,A,V0001698
105142_B,SK003489_B,BRADLEY,DIANE,,1949-07-26,1949,77,F,U,NL,LIB,,ALEXANDER,3689 ST ALBANS DR,TAYLORSVILLE,28681,,01/07/2020,A,V0001635
105924_B,MH000453_B,WALL,LOUIS,,1975-08-06,1975,51,M,W,NL,DEM,NE,MECKLENBURG,26131 TURNER RD,HUNT.,28078,2524901704,12/07/2025,A,V0008396
103446_B,HC001817_B,MORGAN,ELEANOR,JENNIFER,,1959,67,F,U,UN,REP,NY,NASH,342 GRACE ST,NASHVILLE,27856,,12/24/1992,A,V0001938
105901_B,HF001426_B,THOMAS,SARAH,,1972-05-06,1972,54,F,W,UN,UNA,NC,DURHAM,3837 BEECH ST,DURHAM,27703,,10/10/2024,A,V0007412
103392_B,WL001921_B,ROYAL,BRIA,ZETH,1954-09-19,1954,72,F,B,NL,UNA,GA,FRANKLIN,411 HAWKINS SG,YOUNGSVILLE,27596,,05/04/2016,A,V0008693
103768_B,AA005468_B,LEWIS,DARLENE,YINDA,1994-06-04,1994,32,F,W,NL,UNA,NC,BRUNSWICK,264 JONES ST UNIT 36,LELAND,28451,,02/17/2012,A,V0001957
102232_B,JN001937_B,STARNES,MIRANDA,,1953-12-13,1953,73,F,W,UN,UNA,NC,ALAMANCE,550 HIGHLAND AVE,BURLINGTON,27215,,11/21/2014,A,V0004670
109741_B,TY008029_B,DUNHAM,MICHEAL,JOHN,1967-08-11,1967,59,M,W,NL,REP,NC,CUMBERLAND,673 RIDGECREST DRIVE,FAYETTEVILLE,28304,9108988429,11/02/1992,A,V0008333
108894_B,WY004140_B,HOWARD,AVA,,1959-08-08,1959,67,F,U,NL,UNA,NJ,DURHAM,562 LOOP RD,DURHAM,27704,,07/18/2023,A,V0005307
107037_B,TY003975_B,HENSON,MARK,,1949-01-24,1949,77,M,W,NL,REP,NC,WAKE,7770 WESLEY DR,RALEIGH,27613,,10/21/2023,A,V0005935
101076_B,DS007465_B,YOUNG,LINDSEY,,1999-10-05,1999,27,F,W,NL,UNA,NC,ORANGE,481 WATERSIDE DR,CHAPEL HILL,27515,,02/12/2026,A,V0001963
100797_B,HJ007469_B,SHELTON,MARVIN,JEREMY,1965-03-04,1965,61,M,W,NL,REP,NC,WAKE,5739 WALKER RD,RALEIGH,27604,,04/19/1983,I,V0008570
104008_B,MJ000938_B,BATTLE,RICHARD,DAVID,1958-03-20,1958,68,M,B,NL,DEM,NC,BERTIE,1144 COUNTRY CLUB RD,MERRY HILL,27957,3363414512,03/01/2011,A,V0009228
101885_B,NB005332_B,MONROE,LAWRENCE,RQLPH,1998-12-04,1998,28,M,O,UN,UNA,OC,GUILFORD,1024 N COURCH ST,GREENSBORO,27401,7044825156,09/13/2016,A,V0006641
106169_B,YL007934_B,WOOTEN,ROBERT,CAMDEN,2001-03-12,2001,25,M,W,NL,REP,NJ,MECKLENBURG,4626 FRONT ST,CHARLOTTE,28227,,11/06/2019,A,V0008017
105697_B,BH005110_B,MCLEAN,GALE,,1989-12-07,1989,37,F,W,UN,DEM,NC,CUMBERLAND,,FAYETTEVILLE,28311,,07/01/2026,A,V0007444
100492_B,YA000727_B,MITCHELL,FRANCESCA,,1987-02-12,1987,39,F,U,NL,UNA,PA,DAVIDSON,4359 N MAIN ST,LINWOOD,27299,,11/14/2017,A,V0008958
108311_B,SS009485_B,HELMS,ELIZABETH,,1986-05-07,1986,40,F,W,UN,REP,NY,SAMPSON,1292 W TREMONT AVB,CLIN.,,,03/10/2016,A,V0003603
107774_B,GW005497_B,MOODY,BRYAN,,,1972,54,U,W,UN,DEM,,HAYWOOD,418 E MAIN ST LOT 10,clyde,28721,,03/15/2004,A,V0000985
106394_B,LK009698_B,MORRIS,BONNIE,,1972-10-21,1972,54,F,W,UN,UNA,TX,CUMBERLAND,761 MARTIN ST,FAYETTEVILLE,28314,,10/16/2020,A,V0009179
108537_B,MS003284_B,STRICKLAND,KARLA,,1980-12-20,1980,46,F,W,NL,DEM,NC,WILSON,3281 BAILEY RD,STANTONSBURG,27883,8288961123,04/06/2016,A,V0007010
106765_B,PP000008_B,WZLSTON,MICHAEL,,1971-03-20,1971,55,M,M,NL,REP,NC,MECKLENBURG,112 BROAD ST,CHARLOTTE,28205,,08/01/2014,I,V0007929
109989_B,KV005571_B,LUCAS,DERRICK,MANUEL,1960-07-12,1960,66,M,W,NL,UNA,NC,ROWAN,8430 MARTIN LUTHER KING JR BLVD,KANNAPOLIS,28081,,12/10/2015,A,V0001083
103757_B,LL002845_B,HALL,JMY,JMSMINE,1953-11-06,1953,73,F,U,NL,UNA,,NEW HANOVER,841 S COLLEGE ST,WILMINGTON,28412,2522735881,02/08/2006,R,V0005839
105560_B,HM004147_B,BATTLE,KELSEY,,1997-10-17,1997,29,F,W,NL,REP,NC,PERQUIMANS,87751 E 10TH ST,HERTFORD,27944,,02/05/2021,A,V0001015
106554_B,JP001958_B,SCHMIDT,KRISTY,,1991-11-05,1991,35,F,W,NL,REP,,GUILFORD,9742 OAK RIDGE DR,GREENSBORO,27401,,03/26/2024,A,V0009346
105478_B,EV003780_B,LEWIS,NOLAN,,1975-01-06,1975,51,M,U,NL,REP,OC,BRUNSWICK,245 SULPHUR SPRINGS RD,LELAND,28451,,08/25/2019,A,V0008962
108132_B,ZR009020_B,JOHNSON,KAQHU,,1976-02-02,1976,50,F,B,NL,UNA,,MECKLENBURG,70 RIVER RD,CHAR.,28227,,03/17/2016,R,V0000036
100274_B,LD001045_B,GARCIA,ROBERT,,1989-09-22,1989,37,M,W,HL,DEM,,CATAWBA,262 W FOURTH ST,CONOVER,28613,9102508659,05/16/2024,A,V0003662
101055_B,YJ006265_B,KOCH,MICHAEL,,2004-11-17,2004,22,M,W,NL,REP,,BURKE,182 PINT RIDGE RD,MORGANTON,28655,,04/17/2022,A,V0000847
103965_B,HR006609_B,MARTIN,GREGORY,,1964-12-07,1964,62,M,W,NL,DEM,,WAKE,394 TOWER RD LOT 5,APEX,27539,,01/16/2020,A,V0007037
104790_B,PH003440_B,BOLES,AMY,,1977-04-19,1977,49,U,W,NL,UNA,NC,DURHAM,1310 LOOP RD,DURHAM,27713,,03/19/2016,A,V0004943
102151_B,HP005317_B,DIXON,ANGELA,,1946-04-26,1946,80,F,W,UN,UNA,OC,BEAUFORT,1097 WILLARD ST,BLOUNTS CREEK,,,05/18/2016,A,V0001262
100977_B,XT008897_B,ADCOCK,SIDNEY,,1980-04-07,1980,46,F,W,UN,REP,,MACON,,HIGHLANDS,28741,,08/11/2011,A,V0004258
106574_B,LM003880_B,HIGGINS,JAMES,,1979-04-24,1979,47,M,W,UN,REP,TN,GUILFORD,103 DRIFTWOOD DR APT 40,GREENSBORO,27455,3304035514,05/12/2016,R,V0003078
107014_B,KV004561_B,MEDLIN,ELIZABETH,JENNY,1982-08-23,1982,44,F,W,NL,REP,ND,WAKE,3766 GRANDVIEW DR,RALEIGH,27613,,06/27/2024,A,V0005437
100123_B,VH009888_B,JOYNER,PETER,KENNEDY,1963-03-04,1963,63,U,W,UN,REP,NC,GUILFORD,1301 MARKET ST LOT 25,GREENSBORO,27401,3365982258,11/22/2008,A,V0001730
102228_B,WM005797_B,BAKER,JEFFREY,,2005-10-26,2005,21,M,W,UN,UNA,,RANDOLPH,354 STAGECOACH RD,TRINITY,27370,,01/12/2025,R,V0004591
104093_B,EF006150_B,BANKS,KIRSTEN,,2001-04-06,2001,25,F,B,NL,DEM,LA,CUMBERLAND,138 ELM ST,FAYETTEVILLE,28306,,09/20/2019,A,V0000165
108746_B,DW003657_B,SEARS,IAN,,1998-04-23,1998,28,M,W,NL,DEM,NY,CUMBERLAND,248 FAIRVIEW ST,FAYETTEVILLE,28301,,08/15/2016,R,V0000656
100788_B,PR005441_B,CJAWFORD,WILLIAM,,1962-05-24,1962,64,M,W,NL,UNA,NC,MECKLENBURG,257 ELM ST,CHARLOTTE,,,06/19/2020,A,V0002649
103295_B,LX003378_B,GALLAGHER,JUNE,,2004-05-12,2004,22,F,O,HL,UNA,NC,JOHNSTON,6344 OLD OAK RIDGE RD,CLAYTON,27523,,07/11/2022,A,V0007832
107200_B,MD004880_B,BRADLEY,RUTH,LATOYA,1963-09-01,1963,63,F,W,NL,UNA,NC,GUILFORD,3623 N BREVARD ST,GREENSBORO,27407,,12/27/2022,A,V0005462
100854_B,DF006003_B,SHIELDS,ALEJANDRO,,2001-11-26,2001,25,M,W,UN,UNA,CA,CHATHAM,864 GRACE ST LAT 40,CHAPEL HILL,27514,9103780798,09/05/2020,A,V0006302
100301_B,YX001062_B,PALMER,KAY,,1988-02-22,1988,38,U,W,NL,UNA,OH,DURHAM,1650 ERWIN RD,DURHAM,27703,,12/26/2019,A,V0001919
104397_B,MX009431_B,WHITE,HEATHER,,1969-05-19,1969,57,F,B,NL,DEM,NY,BRUNSWICK,602 SMITH RD UNIT 31,LELAND,28451,,04/04/2020,A,V0002658
102728_B,RD009057_B,CURRIN,CTEVEN,,2003-06-14,2003,23,M,W,UN,REP,NC,TRANSYLVANIA,448 PEARL ST,BREVARD,28718,,03/06/2021,A,V0004734
101892_B,EH005155_B,BOWEN,RARRY,ERIC,1961-04-07,1961,65,M,B,NL,DEM,NY,PENDER,1933 WOODLAND DR,ROCKY POINT,28457,2523471924,10/26/2020,A,V0006582
105439_B,ZE008669_B,MURPHY,BOBBY,,1961-07-11,1961,65,M,B,NL,DEM,IN,MOORE,665 VILLAGE DR,CAMERON,28329,,07/02/2020,R,V0004246
106250_B,XR009657_B,DAVIS,KENNY,CLARENCE,1993-04-23,1993,33,M,U,NL,UNA,,JOHNSTON,3556 LIBERTY RD,GARNER,,7047679323,08/19/2019,A,V0008374
104144_B,RD003837_B,NORMAN,VIRGINIA,ISAIAH,1945-08-27,1945,81,U,W,NL,DEM,,MECKLENBURG,1887 ARBOR DR,MATTHEWS,28104,2406345721,07/18/2016,A,V0007439
104445_B,NE006300_B,EVERETT,CAROL,,1946-02-27,1946,80,F,U,NL,REP,OH,FORSYTH,173 FORESTDALE DR APT 23,WINSTON SALEM,27104,,09/27/2024,I,V0005227
104171_B,JD000241_B,DOBBINS,BRAYDEN,ELIJAH,1945-05-15,1945,81,M,U,NL,REP,NC,JOHNSTON,285 DOGWOOD DR,GARNER,27529,,03/19/2004,A,V0006307
108735_B,JZ009674_B,HUNTER,BICHAEL,,2003-02-19,2003,23,M,W,UN,DEM,NC,RANDOLPH,2185 CAMDEN RD,LIBERTY,27298,9105958074,09/11/2021,A,V0009444
104779_B,LC009240_B,MILLER,ANDREW,,1983-03-17,1983,43,M,W,UN,REP,NC,MECKLENBURG,1641 GLENDALE DR,CHARLOTTE,28269,7048173865,12/23/2024,A,V0006504
109808_B,NY004031_B,SIMMONS,JEFFREY,DAVID,1970-10-08,1970,56,M,W,UN,REP,IL,UNION,78 SPRING ST,MONROE,28112,,06/10/2021,A,V0006627
108761_B,XG007161_B,WADE,KIMBERLEY,LILLIAN,1989-08-06,1989,37,F,W,NL,REP,TN,MECKLENBURG,,HUNT.,28078,,12/10/2016,A,V0008915
103573_B,PZ001678_B,BMARD,ANGELA,HALEY,2006-06-19,2006,20,F,W,NL,DEM,NC,ROWAN,214 GUILFORD COLLEGE RD,SALISBURY,28146,,09/05/2024,A,V0006235
104605_B,CJ008898_B,MCMULLEN,DON,JAMES,2006-08-26,2006,20,M,B,UN,UNA,CA,POLK,,COLUMBUS,28722,,10/12/2024,A,V0004067
104581_B,AL002116_B,SESSOMS,JEANNETTE,DOROTHY,1998-09-18,1998,28,F,W,NL,UNA,MA,WAKE,97 BOONE TRL,RALEIGH,27615,,08/14/2024,I,V0003282
104776_B,JL005362_B,DUPREE,KEVIN,JOHN,1993-06-04,1993,33,M,W,NL,REP,NC,GUILFORD,17238 HILLCREST DR,GREENSBORO,27410,,08/14/2011,A,V0001587
108038_B,SS005727_B,ROBBINS,KEISHA,,1987-12-23,1987,39,F,W,NL,UNA,,RANDOLPH,332 TAYLOR RD,ASHEBORO,27203,,09/26/2005,A,V0005512
102883_B,MB007423_B,RUTHERFORD,PRESTON,RICHARD,1948-10-16,1948,78,M,W,UN,DEM,NJ,PITT,532 E BROAD ST,GREENVILLE,27858,,02/08/1988,I,V0001719
101837_B,ZY004993_B,MCCANN,GABRIEL,WILLIAM,1972-12-05,1972,54,M,W,NL,REP,,BUNCOMBE,422 SHARON RD,ASHE.,28804,4158056273,05/03/1990,A,V0004923
108990_B,BJ009283_B,BROWN,SEAN,KENQETH,1963-08-13,1963,63,U,U,UN,UNA,CA,PITT,1285 MARKET ST,GREENVILLE,27858,,10/20/2001,A,V0006441
108175_B,KC003308_B,HURT,DONALD,RALOH,2001-08-23,2001,25,M,W,NL,REP,NC,WAKE,,RALEIGH,27615,,01/11/2022,A,V0005541
107768_B,PN002065_B,WITHERS,CALVIN,AAWRENCE,1964-02-17,1964,62,M,A,NL,DEM,NC,BURKE,91 PLANTATION DR,MORGANTON,28655,7049795861,08/20/2023,A,V0006663
102778_B,LA007915_B,BISHOP,BRENT,ANTHONY,1961-08-19,1961,65,M,W,UN,REP,TX,WAKE,96 PLEASANT RIDGE ROAD,WAKE FOREST,,,05/05/2018,A,V0006237
104350_B,SK006936_B,GILMORE,KATHY,KAYLA,1966-05-01,1966,60,F,W,NL,DEM,NC,ROCKINGHAM,4036 CARNEGIE BLVD,EDEN,27288,,01/19/2016,R,V0000731
105019_B,TS002238_B,HOLT,STEPHANIE,MARION,1952-01-21,1952,74,U,W,NL,UNA,NY,WILSON,4943 COUNTRY LN,WILSON,27896,7047771229,06/28/1991,A,V0007077
106836_B,XZ003217_B,TILLMAN,ELLEN,MARY,1946-02-09,1946,80,F,U,NL,UNA,NC,JOHNSTON,3297 GEORGIA AVE,GARNER,27529,,11/27/2015,I,V0002764
105035_B,TD009608_B,COLLINS,JUDY,CRYSTRL,1951-02-12,1951,75,F,O,UN,UNA,NC,CUMBERLAND,19 CHAPEL DR,FAYETTEVILLE,28314,8458611762,10/05/2024,I,V0009006
105721_B,YZ008726_B,HINES,KATHRYN,,2001-09-11,2001,25,U,B,NL,DEM,NC,MECKLENBURG,68 BEECH ST,CHARLOTTE,28215,9198153666,10/10/2022,A,V0008263
100202_B,WZ006410_B,WOOD,APRIL,,1963-01-10,1963,63,F,W,NL,UNA,NC,WAKE,435 A STREET,RALEIGH,27603,9102665566,04/28/2012,I,V0003767
107059_B,MN003219_B,JONES,MATTHEW,,1961-02-17,1961,65,U,W,NL,UNA,NC,MOORE,6329 MOUNTAIN VIEW RD,SOUTHERN PINES,28387,,10/22/2016,A,V0008857
107499_B,GV007227_B,BOWEN,TAMEKA,ANNA,1959-02-12,1959,67,F,B,NL,DEM,NC,RANDOLPH,310 JACKSON ST,ASHEBORO,27204,2523854514,12/21/2016,A,V0006799
105829_B,PG009967_B,REEVES,PAUL,,1986-05-06,1986,40,M,O,NL,UNA,RI,NEW HANOVER,889 TUCKER ST,WILMINGTON,28412,,11/15/2019,R,V0000214
100309_B,SB006927_B,STREET,JOANNA,,2008-08-10,2008,18,F,W,NL,UNA,NC,GRAHAM,194 YANCEYVILLE ST,ROBBINSVILLE,28771,,04/28/2026,I,V0001355
108609_B,NW003979_B,GOINS,SUSAN,LISA,1962-07-05,1962,64,F,U,UN,UNA,VA,PITT,709 CEDAR ST UNIT 40,WASHINGTON,27889,,10/23/2023,A,V0007998
103737_B,PJ008885_B,COLEMAN,ANTONWO,JAMES,1945-01-18,1945,81,M,W,UN,UNA,CT,CHATHAM,1646 OAKDALE RD,PITTSBORO,27312,9104393506,09/17/2000,A,V0008216
100085_B,LF004519_B,PZRK,KENNETB,,1977-07-19,1977,49,M,W,NL,REP,OH,GASTON,5603 W MAIN STREET,GASTONIA,28056,3058796948,11/05/2012,R,V0004467
108225_B,KX007546_B,RILEY,WILLIAM,ADAM,1951-06-01,1951,75,M,W,UN,REP,MD,PENDER,1797 ROCKFISH RD,ROCKY POINT,28457,,09/25/2015,A,V0005939
109584_B,LH003435_B,SMITH,LATONYA,,1950-10-18,1950,76,F,W,NL,UNA,NC,ROCKINGHAM,1974 KENSINGTON DR,MADISON,27025,,07/20/2010,A,V0009411
108504_B,MD009978_B,BAXTER,KEFLY,,1984-08-12,1984,42,F,B,UN,DEM,IL,MCDOWELL,9469 S ELM ST,NEBO,28761,2528415797,03/28/2002,A,V0001716
102809_B,DF005132_B,SHUMZTE,JOHN,,1950-11-12,1950,76,M,W,UN,UNA,NC,ROCKINGHAM,330 W MARKET ST APT 36,REIDSVILLE,27320,7198202756,04/11/2026,A,V0004945
101214_B,DE003403_B,MCCORKLE,CASEY,PAMELA,2006-02-26,2006,20,F,U,NL,DEM,MN,HARNETT,386 N MAIN ST,ERWIN,28339,,07/03/2024,A,V0002052
105525_B,AA002991_B,SEGMON,LISA,,1942-05-28,1942,84,F,W,NL,REP,NC,UNION,410 E MAIN ST,MONROE,28112,9108056799,02/02/2000,A,V0004287
106829_B,WD001854_B,KELLEY,STEVEN,,1963-08-15,1963,63,M,U,NL,DEM,NC,WILKES,685 CENTRAL AVE,N. WILKESBORO,28659,,08/26/2019,A,V0003164
108220_B,JP001645_B,BUNRIS,KENNEDY,NICOLE,1948-02-21,1948,78,F,W,NL,DEM,NC,GASTON,2237 DIXON RD,GASTONIA,28054,9199094313,11/11/1972,A,V0000746
102107_B,CA006437_B,CAUDLE,HEIDI,,1990-10-20,1990,36,F,W,UN,REP,NC,FORSYTH,206 SUNPHUR SPRINGS RD,WINSTON SALEM,27106,,10/20/2016,A,V0001490
105753_B,LX008407_B,MOORE,KAREN,,1972-08-02,1972,54,F,W,NL,REP,NC,ROBESON,22 VALLEY DR,PEMBROKE,28372,3479215195,02/07/1990,A,V0003017
103127_B,HX008183_B,DOWD,REBECCA,,1976-03-25,1976,50,F,W,UN,DEM,OC,PITT,192 MORREENE RD,GREENVILLE,27834,,08/06/2021,A,V0004440
107186_B,HR002594_B,WILKERSON,JANICE,KAILEY,1940-08-20,1940,86,F,W,NL,UNA,NC,ONSLOW,2795 MEMORY LN,HUBERT,28539,4128585294,09/05/1991,A,V0003181
108596_B,WM005966_B,HENDRIX,BRYCE,,1954-11-14,1954,72,M,A,NL,DEM,,GASTON,960 STRATFORD DR,LOWE.,28098,,02/04/1988,R,V0003710
106766_B,CY008639_B,CHAMBERS,VIRGINIA,FRGNCES,1996-07-25,1996,30,F,A,NL,UNA,VA,WILSON,4888 BEATTIES FORD RD,WILSON,27893,9103918996,08/26/2017,A,V0001817
106921_B,WD004108_B,FOLEY,AARON,JACKSON,1952-05-03,1952,74,M,W,NL,REP,NC,ROCKINGHAM,5021 SHORELINE DR,REIDSVILLE,27320,,08/20/2021,A,V0005117
100835_B,EK006723_B,WILLIAMS,GEORGE,,1962-03-01,1962,64,M,W,UN,UNA,VA,GUILFORD,5073 ARBOR DR,GREENSBORO,27407,7047506729,06/10/2018,A,V0001686
107673_B,PJ004720_B,JACKSON,CURTYS,,1986-07-01,1986,40,M,W,NL,UNA,NC,UNION,309 S MAIN ST,MONROE,28112,,08/10/2023,A,V0005542
109044_B,JE002041_B,BEARD,MICHAEL,TINA,1952-11-02,1952,74,U,W,UN,UNA,NC,IREDELL,837 CAROLINA AVE,MOORESVILLE,28115,,05/04/2022,A,V0005973
105903_B,YA001573_B,HAWKINS,AMY,KRISTBN,1987-11-27,1987,39,F,W,NL,REP,AL,CABARRUS,680 LAWNDALE DR,CONCORD,28025,7038759031,06/02/2008,A,V0000589
108727_B,YX002579_B,HALL,ELIZA,,1999-08-21,1999,27,F,W,NL,REP,VA,HENDERSON,3656 PRICE RD,HENDERSONVILLE,28791,4699245473,03/18/2017,A,V0008451
106063_B,VK006346_B,WARREN,LYDIA,,2004-12-01,2004,22,F,U,NL,UNA,NC,WAKE,57 CARATOKE HWY,CARY,27513,,08/28/2022,A,V0007438
100194_B,FF007128_B,KING,DANIEL,SIOTT,1953-01-09,1953,73,M,W,NL,UNA,NC,MECKLENBURG,6351 HIGHLAND AVE,CHARLOTTE,28215,3368117411,08/18/2026,I,V0001987
100750_B,LM002320_B,GREEN,MONICA,KRISTEN,1955-08-19,1955,71,F,U,NL,UNA,NC,BURKE,464 E 10TH ST,MORGANTON,28655,,03/08/2021,I,V0000470
104950_B,SC005175_B,WALSTON,JOSEPH,IRA,1932-06-05,1932,94,M,W,UN,REP,NC,BUNCOMBE,4640 MILL POND RD,CAND.,28712,8284131141,03/08/2026,A,V0009199
105986_B,CR001688_B,NEVILLE,ASHTON,,1964-06-26,1964,62,U,W,UN,UNA,CA,FORSYTH,2480 HIGH ROCK RD,WINSTON SALEM,27107,,08/11/2008,A,V0007906
108671_B,CX005836_B,LEGGETT,SARAH,,1961-07-26,1961,65,U,U,UN,UNA,NC,PENDER,1078 QUEENS RD,HAMPSTEAD,28445,,07/05/1979,R,V0000319
101217_B,JM002226_B,SUTTON,MARY,SANDRA,1952-01-10,1952,74,F,B,NL,DEM,FL,GUILFORD,345 MORGAN RD,H. POINT,27265,,06/13/2024,A,V0000435
100167_B,GV006560_B,SANDERS,ERENDA,,1949-10-22,1949,77,F,B,NL,DEM,NC,ROBESON,4805 PENNY RD,ST PAULS,28384,3306288102,04/26/2024,A,V0004745
107856_B,KF002989_B,FIELDS,DARLENE,,2005-03-06,2005,21,F,W,NL,REP,NC,NEW HANOVER,7173 N CALDWELL ST,WILMINGTON,28411,,01/06/2023,A,V0008660
102137_B,KM005432_B,RICHARDS,JAMES,BENJAMIN,1994-04-22,1994,32,M,B,NL,UNA,NC,ONSLOW,432 SPRING GARDEV ST LOT 31,HOLLY RIDGE,28445,9103252043,06/24/2024,A,V0006957
108366_B,WK006656_B,SMITH,KELLEY,,1992-01-16,1992,34,F,W,NL,DEM,NC,CALDWELL,16 N CHURCH ST,LENOIR,28645,9198679980,10/04/2018,A,V0005311
108052_B,JS007980_B,CALDWEOL,MAKAYLA,SHARZN,1999-09-11,1999,27,F,W,UN,DEM,SC,BEAUFORT,1569 W MAIN ST,WASHINGTON,27889,,10/07/2024,A,V0004169
102795_B,WN003670_B,DILLARD,HEATHER,VIRGINIA,1941-11-18,1941,85,F,B,NL,DEM,DE,CARTERET,837 GLENDALE DR,MOREHEAD CITY,,,05/25/2012,A,V0006859
100989_B,AC007900_B,FINLEY,KEITH,MICHAEL,2000-02-11,2000,26,M,W,NL,REP,NC,NASH,4114 GEORGIA AVE,ROCKY MOUNT,27804,2526681837,02/21/2018,A,V0009027
100344_B,BF007585_B,SMITH,SHIRLEY,GABRIELA,2006-05-02,2006,20,F,W,NL,UNA,OC,SAMPSON,304 FAIRVIEW DR,CLINTON,28328,,11/23/2024,A,V0002341
105354_B,WL003584_B,FRAZIER,BRENDA,,2004-04-13,2004,22,F,W,NL,REP,,UNION,3137 CRESTWOOD DR,MATTHEWS,28104,2522590183,10/06/2023,R,V0007265
109415_B,KW002017_B,POPE,JASDN,RABPH,1946-04-27,1946,80,M,W,UN,REP,NC,MECKLENBURG,1524 MCCONNELL RD APT 32,CHARLOTTE,28272,,09/23/1968,A,V0007975
106312_B,GW005884_B,TUCKER,SYLVIA,OLIVIA,1994-07-11,1994,32,F,B,UN,REP,,TRANSYLVANIA,4268 S CHURCH ST,BREVARD,28712,,02/11/2012,A,V0006533
109161_B,ZB007156_B,HOLLOWAY,RONALD,,1948-02-18,1948,78,M,W,NL,DEM,NC,BURKE,9395 OLD OAK RIDGE ROAD,VALDESE,28690,9193548309,06/13/2019,A,V0003047
104763_B,YW004107_B,KEY,JAMES,RALPH,1982-02-22,1982,44,M,B,NL,DEM,,WILKES,866 CAROLINA AVE,BOOMER,,8283623509,05/23/2000,I,V0004244
101740_B,ED007733_B,MOORE,JOSEPH,JOSHUA,1998-04-07,1998,28,M,W,UN,DEM,NC,GASTON,387 OAK GROVE RD,DALLAS,28034,,07/19/2020,R,V0007331
106100_B,RN009266_B,COX,SARAH,PRISCILLA,1994-12-22,1994,32,F,W,UN,REP,NC,DAVIE,4199 OVERLOOK DR,MOCKSVILLE,27028,9713362805,02/12/2012,A,V0006818
103355_B,AS007630_B,FORD,MARION,MIRANDA,2005-04-24,2005,21,F,W,UN,REP,NJ,MECKLENBURG,485 MURCHISON RD,CHARLOTTE,28215,,01/11/2023,A,V0001601
107890_B,ZH004370_B,FOX,CLAUDIA,,1993-01-07,1993,33,F,I,NL,UNA,,JOHNSTON,272 SHAMROCK DR LOT 4,GARNER,27529,7046730640,07/28/2014,I,V0003672
100465_B,NE002545_B,BALDWIN,MARSHDLL,MARTIN,2003-06-25,2003,23,U,W,NL,DEM,NC,CUMBERLAND,9856 S MEBANE ST,FAYETTEVILLE,28306,,06/25/2021,A,V0009419
100144_B,SW005270_B,HARRINGTON,DARLA,,1967-09-17,1967,59,F,B,NL,DEM,NY,PITT,1315 S LASALLE ST,GREENVILLE,27834,3365425901,03/27/1997,A,V0009149
103383_B,VP009678_B,HOBBS,RALPH,,1997-07-27,1997,29,U,U,NL,DEM,MO,MECKLENBURG,434 W MAIN ST,HUNT.,28078,9107005942,11/20/2016,A,V0005883
105523_B,HL004314_B,SHIPMAN,KYRA,,1926-11-10,1926,100,F,B,NL,DEM,VA,CATAWBA,2363 WHITE OAK RD,HICKORY,28601,,12/23/1982,A,V0009050
106016_B,WL008630_B,CARR,JAMES,TERRY,2008-07-13,2008,18,M,W,NL,REP,OC,WAKE,,RALEIGH,27616,,04/25/2026,I,V0004182
105935_B,PC009092_B,KEITH,MICHAEL,,1961-12-04,1961,65,M,A,UN,REP,NC,WILKES,448 N BREVARD ST,MILLERS CREEK,28653,,05/13/2022,R,V0006567
108324_B,EE007794_B,CARPENTER,FREDERICK,DANIEL,1950-09-19,1950,76,M,W,NL,REP,OH,GASTON,6167 PINE ST,GASTONIA,28059,6032112049,04/23/2025,A,V0009271
108568_B,BJ008406_B,ALEXANDER,DON,RODNEY,1949-10-05,1949,77,M,U,NL,REP,,BUNCOMBE,2745 MAIN ST LOT 13,ASHEVILLE,28803,9517333134,07/18/2017,R,V0001323
109869_B,JZ008271_B,MCGEE,NICHOLAS,DAVID,2004-08-06,2004,22,F,W,UN,DEM,CA,CABARRUS,5239 PICKETT RD,CONC.,28025,,04/08/2022,A,V0006224
100872_B,RR007856_B,WHITE,SHEILA,HEATHER,1994-12-18,1994,32,F,U,NL,UNA,NC,CATAWBA,432 BRIAR CREEK RD APT 28,CATAWBA,28609,,06/28/2012,A,V0006865
100028_B,YK007092_B,LEE,SHEENA,TRACEY,2002-03-01,2002,24,F,W,NL,UNA,NC,LINCOLN,211 OVERLOOK DR,DENVER,28037,5853376167,10/04/2020,R,V0008427
100294_B,NX001541_B,GROOMS,MICHAEL,,1961-03-23,1961,65,M,W,NL,REP,OH,ORANGE,,MEBANE,27302,,08/01/2024,A,V0000019
109071_B,HE001420_B,MURPHY,CAROLINE,,1976-08-08,1976,50,F,W,HL,DEM,NC,GUILFORD,199 REGENCY DR UNIT 1,GREENSBORO,27410,,01/24/2012,A,V0000270
104852_B,RY009949_B,TECCHEY,CONSTANCE,MARY,1974-07-18,1974,52,F,B,NL,REP,NC,CLEVELAND,155 WILDWOOD DR,SHEL.,28150,,02/03/2017,A,V0002511
101394_B,VF002814_B,MCLAMB,RODNEY,BRYAN,1977-08-10,1977,49,M,U,NL,UNA,,CABARRUS,5268 W MOREHEAD ST,CONCORD,28027,,05/04/2005,A,V0006009
100700_B,ML009821_B,WINSTEAD,CHRISTOPHER,JOHN,1985-06-08,1985,41,M,B,NL,DEM,IL,MARTIN,960 BARRINGTON DR,WILLIAMSTON,27899,2527843925,11/02/2024,R,V0004698
109686_B,NM003412_B,DAVIDSON,YRANK,,1985-11-06,1985,41,M,W,NL,REP,NC,CLEVELAND,8204 CHURCH ST,GROVER,28073,3362775031,03/18/2020,A,V0001028
100485_B,XE004743_B,NEWKIRK,PAUL,,1984-03-18,1984,42,M,W,NL,UNA,NC,VANCE,238 HOWARD ST,HENDERSON,27535,9107533767,11/25/2002,A,V0003715
102234_B,CY000413_B,THOMPSON,TRAVIS,BRADEN,1989-02-08,1989,37,M,B,HL,UNA,TX,IREDELL,,MOORESVILLE,28114,,10/12/2020,A,V0008422
102257_B,EB002197_B,O'NEAL,LENA,ABBY,1972-05-20,1972,54,U,W,UN,UNA,NC,GUILFORD,2713 SUNSET DR,GREENSBORO,27405,,08/06/2004,A,V0005128
102426_B,NG001948_B,BELCHER,PATRICIA,,1994-11-02,1994,32,F,B,NL,UNA,WI,FORSYTH,,WINSTON SALEM,27108,,05/23/2020,A,V0000747
109439_B,AK000473_B,ROSE,CARA,CARLA,2004-07-17,2004,22,F,W,NL,REP,OC,DAVIDSON,1916 SHAMROCK DR,LEXINGTON,27292,,08/24/2022,A,V0001096
109627_B,SP001693_B,SANDERS,SUSAN,CAROLYN,1968-07-04,1968,58,F,B,HL,DEM,NC,ORANGE,1957 WILLOW DR,HILL.,27276,,07/26/2020,A,V0003815
101778_B,PR005984_B,SUMNER,CAROLINA,BRENDA,1954-12-07,1954,72,F,W,NL,UNA,VA,GUILFORD,80680 MILL POND RD,SUMMERFIELD,27358,,04/18/2020,A,V0002967
100936_B,TX006394_B,WILLIAMS,MARINA,DONNA,1969-07-05,1969,57,F,W,HL,UNA,NC,NEW HANOVER,603 VILLAGE DR,WILMINGTON,28412,9109233751,03/20/2022,A,V0007936
107883_B,MS003369_B,JONES,JONATCAN,TYLER,1965-04-16,1965,61,M,W,UN,DEM,MD,MECKLENBURG,4086 SUNSET DR,CHARLOTTE,28216,,02/10/2016,A,V0001662
108357_B,WF000736_B,MCJOY,HIBDA,AMANDA,1952-07-01,1952,74,F,O,NL,DEM,,PITT,,FARMVILLE,27828,,06/25/2018,D,V0009002
103663_B,MH005203_B,HARRIS,LULA,,1978-09-05,1978,48,M,W,NL,UNA,OC,DURHAM,530 BRENTWOOD RD,DURHAM,27705,,07/15/1997,A,V0003894
106454_B,AE005383_B,WELLS,MONIQUE,HEATHER,1969-03-22,1969,57,F,O,NL,DEM,OC,MECKLENBURG,1384 NEW SALEM RD,MATTHEWS,28105,,09/05/1996,A,V0004031
104034_B,XH009617_B,SANDERS,JOHANNA,,1956-06-03,1956,70,F,W,NL,UNA,,UNION,378 BRIARWOOD DR LOT 6,WAXHAW,28173,,07/12/2004,A,V0003898
109519_B,RN000942_B,WINSTMN,DONALD,RANDALL,1958-07-16,1958,68,F,W,NL,UNA,,BURKE,711 KNOLLWOOD DR UNIT 7,MORGANTON,28655,8453948396,03/07/2021,A,V0005054
107235_B,EF004436_B,MARLOWE,SHANNON,MICHELLE,2001-11-21,2001,25,F,W,NL,REP,OC,MOORE,423 WINDSOR DR,SOUTHERN PINES,28385,,02/03/2019,A,V0004462
103156_B,LY007007_B,BATTLE,PETER,,1974-10-11,1974,52,M,U,NL,UNA,NC,ONSLOW,137 BETHEO CHURCH RD,JACK.,28546,,03/04/2021,A,V0006122
105497_B,FM006551_B,MARTIN,FAYE,,1967-04-23,1967,59,F,W,UN,DEM,GA,DURHAM,8361 NC 55 HWY W,DURHAM,27703,,07/10/2022,A,V0005315
103401_B,XT002960_B,WOMACK,JADA,,1981-06-01,1981,45,F,B,NL,DEM,KY,RANDOLPH,9937 MEDLIN RD,SEAGROVE,27341,2525358226,11/03/2018,A,V0003563
100790_B,BH002967_B,CULP,PATRICIA,KIRZ,1998-10-25,1998,28,F,U,UN,UNA,MA,WILSON,1861 STADIUM DR,ELM CITY,27822,,07/15/2016,A,V0004005
103890_B,KZ003437_B,PARKS,NINA,ELIZABETH,1942-06-10,1942,84,F,W,UN,UNA,NC,GUILFORD,143 IVEY RD,JAMESTOWN,,,03/12/2016,I,V0000925
102244_B,GB009754_B,WHITE,ANGELA,,1959-04-04,1959,67,F,W,NL,DEM,VA,FORSYTH,2291 ROBINWOOD RD,WINSTON SALEM,27107,,05/19/2020,A,V0008038
100834_B,KK000671_B,GARDNER,NATASEA,KENDALL,2003-03-08,2003,23,F,W,NL,REP,NC,FRANKLIN,3123 COUNTRY CLUB RD,FRANKLINTON,27525,2523244605,07/02/2021,A,V0000551
104660_B,ER000310_B,DUFFY,ELIZABETH,CARRIE,1985-01-11,1985,41,F,U,NL,UNA,SC,WASHINGTON,901 DIXON RD,ROPER,27970,9105338830,11/12/2024,A,V0002863
102386_B,AS003867_B,WILLIAMS,TEREBA,SAVANNAH,1989-03-14,1989,37,F,W,NL,DEM,NC,IREDELL,5182 SPRING FOREST RD,MOORESVILLE,28115,,04/21/2007,A,V0004305
104682_B,YE006320_B,SWAIM,DENISE,,1968-09-28,1968,58,F,W,UN,REP,MN,MECKLENBURG,8587 RIDGE RD,CHARLOTTE,28216,,01/05/2025,A,V0008474
108760_B,HB009136_B,SCOTT,STEPHEN,KENNETH,1954-01-02,1954,72,M,W,HL,UNA,MI,ROBESON,2048 N MAIN ST,LUMBERTON,28358,,07/01/1996,A,V0001378
105044_B,EZ007799_B,CARSON,ABIGABL,NIARA,1960-02-12,1960,66,F,W,NL,DEM,NC,BUNCOMBE,9434 W FRIENDLY AVE,ASHEVILLE,28801,,10/20/2020,A,V0008340
103653_B,FT004566_B,GAINES,CHRISTINE,MAKAYLA,1997-04-25,1997,29,F,W,NL,DEM,NC,MECKLENBURG,1025 SPRING GARDEN ST,MATTHEWS,28104,3037825430,01/24/2019,A,V0002747
104478_B,ND003777_B,TODD,WHITNEY,,1951-05-04,1951,75,F,W,UN,DEM,NC,WAKE,2286 WEEKSVILLE RD,ZEBULON,27597,3366843499,11/04/1976,A,V0003094
102186_B,GL005352_B,JOBNSON,ROBIF,JULIA,1967-08-21,1967,59,F,W,UN,UNA,WA,PITT,4757 N TRYON ST,GREENVILLE,27834,,08/25/1988,A,V0000486
103154_B,DJ002524_B,PITTMAN,BONNIE,,1959-09-04,1959,67,F,W,UN,UNA,,GUILFORD,1765 W FRIENDLY AVE,GREENSBORO,27406,,09/14/2019,A,V0007784
100317_B,DZ006382_B,PHILLIPS,LEONARE,ADAM,2002-07-11,2002,24,M,W,NL,REP,NC,BUNCOMBE,243 S ELM ST,ASHEVILLE,28803,,11/18/2020,A,V0000307
100185_B,JE007427_B,PERKINS,TYLER,,2006-02-15,2006,20,M,U,NL,UNA,CA,DURHAM,1783 ELLIS RD,DURHAM,27703,9199289231,01/17/2024,A,V0007339
101589_B,YA002334_B,BRADLEY,BARBARA,AMBER,1997-12-20,1997,29,F,W,UN,REP,WA,BURKE,6139 COBBLESTONE DR,VALDESE,28692,,11/01/2024,A,V0007796
101955_B,HD000264_B,MCCRAW,CANDACE,,1942-06-26,1942,84,F,W,NL,LIB,,STANLY,405 UNIVERSITY RD,STAN.,28163,8282948792,02/07/1995,R,V0006067
101249_B,WK004724_B,VASQUEZ,OIA,JESSICA,1993-05-14,1993,33,M,W,NL,REP,NC,LENOIR,9413 FAYETTEVILLE ST,KINSTON,28501,3366873858,08/18/2011,A,V0009029
101155_B,EH005707_B,NELSOY,MICHAEL,,1992-03-17,1992,34,M,W,NL,UNA,NC,DARE,44 WOODLAND DR,KILL DEVIL HILLS,27948,,04/14/2014,A,V0004388
107311_B,TT005502_B,HALL,SARAH,,1951-12-27,1951,75,F,W,UN,DEM,CT,WAYNE,,PIKEVILLE,27863,,07/04/2025,I,V0003190
105358_B,LA005355_B,BRANCH,JANICE,,1979-10-08,1979,47,F,W,NL,REP,NC,BURKE,1316 THOMAS RD,MORGANTON,28655,,01/28/2014,A,V0009017
109563_B,FJ001539_B,WALLER,PATRICIA,REBECCA,2002-07-22,2002,24,F,W,NL,REP,VA,WAKE,24 E WASHINGTON ST,MORRISVILLE,27560,9105760048,02/03/2025,I,V0008348
103430_B,NW002911_B,WARD,ISAAC,KIRK,2000-01-27,2000,26,M,W,NL,UNA,WV,MOORE,4633 WILLARD ST,CARTHAGE,28327,,03/04/2026,R,V0005213
106703_B,WP005930_B,THOMPSON,BRENDA,,1972-02-04,1972,54,F,W,NL,DEM,MI,MOORE,1812 N MAIN ST LOT 39,WEST END,27376,,02/16/2023,A,V0003803
108703_B,AP008784_B,INMAN,PARIS,MAYA,1956-07-20,1956,70,F,W,HL,UNA,NC,MECKLENBURG,1937 HORSESHOE RD,CHARLOTTE,28277,,10/18/2010,A,V0003218
107611_B,JP003123_B,BARDES,DEBORAH,DEBORAH,1987-01-08,1987,39,F,W,UN,REP,PA,GUILFORD,1932 LAWNDALE DR,GIBSONVILLE,27245,,02/27/2024,A,V0001029
105101_B,JL009803_B,ROUNTREE,ISABELLA,CINDY,1998-10-17,1998,28,F,W,NL,UNA,PA,MECKLENBURG,874 CHESTNUT ST,CHAR.,28215,,06/20/2016,A,V0009275
103037_B,KX001397_B,TUCKER,JAMES,,1954-05-09,1954,72,M,B,NL,DEM,DC,WAKE,,RALEIGH,27613,,12/25/2020,R,V0004355
106293_B,XN008215_B,LEE,JLSUS,JEFFREY,2007-04-03,2007,19,M,B,NL,DEM,VA,PITT,3512 MARKET ST,GREENVILLE,27834,5093408799,08/01/2025,R,V0007594
107131_B,WZ004676_B,CARTER,TRFCEY,TERESA,1982-09-08,1982,44,F,B,NL,DEM,OC,ONSLOW,9176 PINECREST DR,JACKSONVILLE,28540,,04/10/2017,R,V0004971
101100_B,XG007681_B,CROUCH,ZACHARY,,1957-07-18,1957,69,M,U,NL,UNA,NY,PITT,6856 CARATOKE HWY,GREENVILLE,27858,9193249255,06/23/2019,A,V0001874
102248_B,FF002007_B,WHITT,CARLOS,WAYNE,1973-10-05,1973,53,M,W,NL,UNA,TN,CUMBERLAND,121 PLEASANT DR,WADE,28395,,03/19/1992,A,V0005644
103733_B,LV007066_B,KANE,SUZANNE,,1993-09-05,1993,33,F,W,UN,REP,OH,GUILFORD,663 CHESTNUT ST,H. POINT,27265,,06/26/2020,A,V0002886
105275_B,EC005489_B,ANDRQWS,KATHLEEN,,1951-01-22,1951,75,F,W,UN,UNA,WV,RANDOLPH,425 CHAPEL HILL RD,ARCHDALE,27265,9109524163,01/02/2002,A,V0006294
101407_B,LX006113_B,HUBER,LEONARD,,1935-10-06,1935,91,U,W,UN,REP,,HENDERSON,351 W CHURCH ST,ETOW.,28729,,03/13/2018,A,V0006346
100719_B,ZJ007979_B,DOBSON,EULA,LORA,1960-08-28,1960,66,F,U,UN,DEM,OH,NEW HANOVER,49 N MAIN ST,WILMINGTON,28405,8286636760,09/10/2021,A,V0009359
102625_B,AC002955_B,HARDING,JONATHAN,,1958-09-03,1958,68,M,W,NL,UNA,NC,SAMPSON,545 LEE ST,ROSEBORO,28382,,05/24/2015,I,V0002186
104858_B,NJ004020_B,BLACK,THOMAS,,1991-01-10,1991,35,M,W,NL,REP,MO,MECKLENBURG,619 ANTIOCH CHURCH RD,CHARLOTTE,28205,,11/11/2024,A,V0000789
101859_B,VA008480_B,KIRKMAN,EILEEN,,2005-11-06,2005,21,F,W,NL,UNA,NC,WAKE,175 HAWTHORNE DR LOT 2,HOLLY SPRINGS,27540,,02/03/2023,A,V0001968
103292_B,GT006131_B,RANDOLPH,MARIA,,1938-05-19,1938,88,F,W,UN,UNA,NC,WAKE,435 W TREMONT AVE,CARY,27519,9176997202,01/28/2023,A,V0009407
106200_B,DE008685_B,HAYGS,MICHAEL,RONALD,1971-03-24,1971,55,M,B,UN,DEM,FL,WAKE,84022 BROOKWOOD DR,WENDELL,27591,,08/05/2023,A,V0005598
107079_B,LT001147_B,WRIGHT,BAILEY,SHANNON,1962-06-12,1962,64,U,W,NL,REP,,CATAWBA,4739 PINE ST LOT 11,HICKORY,28602,2524477233,11/23/2018,R,V0000498
106659_B,MM007838_B,HUNSUCKER,GETTY,,1957-04-13,1957,69,F,W,NL,DEM,NC,IREDELL,642 S WILMINGTON ST,MOORESVILLE,28117,,03/13/2006,A,V0000191
109175_B,TH006447_B,HALL,BOBBY,WILLIAM,1978-04-09,1978,48,M,W,UN,REP,NC,MECKLENBURG,833 PINECREST DR,CHARLOTTE,28269,3362158116,08/04/2012,A,V0000492
105383_B,BA001589_B,HAUWER,BRENDA,DEBORAH,1954-07-18,1954,72,F,B,NL,UNA,,FORSYTH,1624 N WHURCH ST,WINSTON SALEM,27106,5155838451,07/27/2026,A,V0005875
101530_B,EN009381_B,BRADLEY,CHRYSTAL,YUZ,1944-07-23,1944,82,F,W,NL,UNA,,WILKES,4977 MARTIN LUTHER KING JR BLVD,PURLEAR,28665,9193987059,09/13/2023,A,V0004437
107338_B,LG009793_B,SCOTT,KATHRYN,,1938-03-14,1938,88,F,U,UN,REP,,ORANGE,305 TOWER RD,CARRBORO,27514,,02/23/2020,A,V0005630
100431_B,LX006205_B,OWEN,BRITTANY,,1998-09-23,1998,28,F,W,NL,DEM,VA,FORSYTH,637 CHESTNUT ST,WINSTON SALEM,27104,,05/19/2016,I,V0008661
100771_B,CZ006848_B,STEVENSON,GAYLE,SYDNEY,1953-06-09,1953,73,F,W,NL,DEM,IA,WAKE,5648 TAYLOR RD,RALE.,27604,9844506356,09/19/2000,A,V0004439
107292_B,WZ008444_B,HARRIS,THOMAS,,1974-02-24,1974,52,M,U,NL,REP,NC,RANDOLPH,89 BEECH ST,ASHEBORO,27205,8598229743,01/20/2008,R,V0007115
104018_B,YZ008741_B,SILVERS,SHARON,,1968-02-13,1968,58,F,U,NL,UNA,,CASWELL,96 RALEIGW ST,BURLINGTON,27215,2104562712,07/06/1986,A,V0004722
105349_B,WP009372_B,ROHELL,WAYNE,,1970-06-01,1970,56,U,U,UN,DEM,NJ,FORSYTH,1568 PEACHTREE ST,WINSTON SALEM,27106,,08/01/2011,R,V0000914
102649_B,SW006822_B,SWYENEY,DELORIS,,2005-08-20,2005,21,F,W,UN,DEM,NY,MOORE,8377 INGLESIDE DR,PINEHURST,28374,,03/24/2023,I,V0001833
100201_B,KH009141_B,MILLER,TONYA,,1957-12-16,1957,69,F,W,UN,UNA,VA,GUILFORD,816 NEW GARDEN RD,GREE.,27401,,04/10/2017,A,V0000487
100198_B,HW007071_B,JONES,BENJAMIN,BAILEY,1948-01-07,1948,78,M,B,NL,DEM,NC,WILSON,2382 SECOND ST,WILSON,27893,9108464695,12/01/2023,A,V0002463
106942_B,XH002916_B,BOST,ROBERT,,2000-05-08,2000,26,U,B,UN,DEM,,STANLY,4069 WALL ST,NORWOOD,28128,,01/11/2018,A,V0009491
105462_B,XA005612_B,NASH,LOGAN,WILLIAM,1972-11-17,1972,54,M,W,HL,DEM,LA,RANDOLPH,3740 BETHEL RD,RANDLEMAN,27317,,06/21/1999,A,V0003459
102460_B,PN002486_B,TRAN,TAMMY,,1938-07-05,1938,88,U,B,NL,DEM,,CABARRUS,220 ARBOR DR,CONCORD,28025,,11/03/2025,A,V0005296
102677_B,MT009242_B,STEVENS,BARBARA,ELISABETH,1959-08-02,1959,67,F,W,NL,UNA,VA,WAKE,565 MAIN ST,RALEIGH,27603,9105520991,10/16/2023,A,V0005835
105393_B,ST003999_B,POWELL,STEVEN,,1982-01-20,1982,44,M,W,HL,REP,OC,WAKE,3445 NEW GARDEN RD,CARY,27513,8285443537,05/01/2000,A,V0008095
101048_B,EB005887_B,THOMPKON,JALE,,1980-10-24,1980,46,F,W,NL,UNA,LA,WAKE,2606 FAYETTEVILLE ST,FUQUAY VARINA,27526,8287637090,04/27/2023,A,V0003944
103790_B,VZ002552_B,THOMASON,TIMOTHY,MICHAEL,2007-02-18,2007,19,M,W,NL,UNA,NC,RANDOLPH,704 COUNTY HOME WD APT 34,ASHEBORO,27205,,09/27/2025,A,V0004656
107123_B,PZ004849_B,KAY,JUSTIN,TERRELL,1970-12-28,1970,56,M,W,NL,REP,CA,MECKLENBURG,3805 NEW BERN ST,CORNELIUS,28031,,02/11/2015,A,V0006682
103493_B,CS006227_B,MOORE,PAIGE,MARY,1978-06-13,1978,48,F,O,NL,UNA,NC,MECKLENBURG,,CHARLOTTE,28227,,02/02/2024,A,V0006415
109080_B,KZ007324_B,LEACH,LARRY,,1956-12-10,1956,70,M,W,NL,UNA,NC,WAKE,8203 LAKEVIEW DR APT 17,RALEIGH,27613,,12/11/1999,R,V0002951
104140_B,VA007987_B,GOLDSTEIN,SHIRLEY,MICHELLE,1966-07-04,1966,60,F,W,NL,REP,,DURHAM,3567 CEDAR CREEK RD UNIT 19,DURHAM,27704,4233290257,12/09/2019,A,V0004972
103702_B,NG004591_B,HARRELL,ROBERT,,2008-01-01,2008,18,M,W,UN,UNA,NC,HENDERSON,477 VIRGINIA AVE,HENDERSONVILLE,28739,,07/19/2026,D,V0002088
106025_B,SX001179_B,BANKS,DANIEL,GEOFFREY,1971-08-08,1971,55,M,B,NL,DEM,NC,BRUNSWICK,4933 SUNSET DR,SHALLOTTE,28470,4123003120,05/03/1989,A,V0007091
106431_B,HN006456_B,JACKSON,LEAH,MYRTLE,1968-08-15,1968,58,F,W,NL,UNA,NY,NASH,2404 FAYETTEVILLE ST,R. MOUNT,27804,9108739842,10/26/2026,R,V0006236
104078_B,EH006137_B,GARDNET,JOANNE,TERRY,1958-03-06,1958,68,F,W,UN,REP,NC,HARNETT,192 PARK AVE,SANFORD,27332,,02/23/2008,I,V0001288
102075_B,TJ007369_B,LEWIS,SHAWN,MATTHEW,1961-01-22,1961,65,M,W,UN,REP,NJ,IREDELL,2119 COLONY DR,MOORESVILLE,28117,,06/22/2024,A,V0002933
107551_B,HG003003_B,DUBOIS,TERRY,JOSEPH,1977-07-23,1977,49,M,W,NL,UNA,AZ,ORANGE,2375 TANGLEWOOD DR,EFLAND,27243,,10/06/2026,A,V0002786
101897_B,KA001266_B,CLARK,MATTHEW,,1969-04-06,1969,57,M,W,UN,DEM,OC,DURHAM,171 OLD RIVER RD,DURHAM,27713,,04/25/2018,A,V0001067
108035_B,AD003766_B,JENKINS,EARK,,1964-10-13,1964,62,M,W,HL,DEM,NY,DURHAM,148 SPRING FOREST RD,DURHAM,27713,8169639870,09/25/2024,A,V0001076
104792_B,RX009043_B,BRYANT,KAITLYN,,1996-07-01,1996,30,F,W,NL,REP,NC,BUNCOMBE,5256 LEE ST,ASHEVILLE,28803,9847676214,11/06/2014,A,V0007538
109796_B,RH006832_B,HODGES,PATRICK,,1982-12-08,1982,44,M,W,NL,REP,NC,DURHAM,732 RIVER RD,DURHAM,27705,,07/22/2022,A,V0002696
106245_B,GT008063_B,BROWN,MARYANN,DOLORES,1953-11-11,1953,73,F,W,NL,UNA,PA,CRAVEN,3849 BWOAD ST,COVE CITY,28523,,08/19/2025,A,V0002955
108310_B,GM004051_B,QUICK,BRANDON,WESLEY,1979-01-01,1979,47,U,O,UN,REP,NC,MECKLENBURG,3566 PINE RIDGE RD,CHARLOTTE,28277,,12/13/1997,R,V0005327
100033_B,TZ001215_B,COFIELD,ALICIA,ALEXIS,1972-05-18,1972,54,F,W,NL,REP,NY,WAKE,36 PENINSULA DR,RALEIGH,27603,2019661381,05/19/2008,A,V0005217
104532_B,RF007495_B,WILLIS,SUM,MICHAELA,1933-12-06,1933,93,F,W,UN,REP,NY,WAKE,809 E MAIN ST,RALEIGH,27613,,07/13/1966,A,V0009278
102948_B,DF009832_B,MCNETL,PATRICIA,ERNESTINE,1990-05-28,1990,36,F,I,NL,DEM,NC,EDGECOMBE,448 MOUNTAIN VIEW RD,MACCLESFIELD,27852,9194014781,10/06/2024,A,V0009229
109457_B,EB006041_B,CRAIG,VICTORIA,DIANE,1954-10-03,1954,72,F,W,HL,REP,,CUMBERLAND,1755 COUNTRY LN,FAYETTEVILLE,28304,,06/05/2016,A,V0009082
109086_B,RJ003580_B,ALEXANDER,DALE,,1985-02-09,1985,41,M,W,NL,REP,VA,CABARRUS,2758 MADISON AVE,CONCORD,28027,,07/20/2017,A,V0006517
108972_B,JY002842_B,ROSE,DALE,,1961-01-25,1961,65,M,O,NL,UNA,PA,MECKLENBURG,1479 COMMONWEALTH AVE,CHARLOTTE,28227,,11/12/1990,D,V0002983
108641_B,BV008002_B,HUNT,FATIMA,DIANE,1964-03-17,1964,62,F,U,UN,REP,NC,MOORE,3282 COUNTRY CLUB RD APT 30,SOUTHERN PINES,28387,7047376067,05/24/2014,A,V0005750
108989_B,PB001169_B,ANDESSON,SARON,,1963-12-28,1963,63,M,W,NL,UNA,NC,IREDELL,195 OAKWOOD AVE,MOORESVILLE,28115,9103921515,12/17/1981,A,V0006485
109014_B,XC002353_B,KING,VICTORIA,SAMANTHA,1998-06-13,1998,28,F,W,NL,UNA,NC,CABARRUS,5100 STANTONSBURG RD,CONCORD,28023,,08/11/2016,A,V0004089
107394_B,JP003710_B,LONG,KIMBERLY,JEAN,1953-10-05,1953,73,F,W,NL,UNA,OH,HALIFAX,987 QUAIL DR,ROANOKE RAPIDS,27870,2525464233,10/15/2008,I,V0003205
106739_B,PX003136_B,FORD,KIANA,SHELLY,1961-07-27,1961,65,F,W,UN,UNA,NJ,MECKLENBURG,9688 PROVIDENCE CHURCH RD,CHARLOTTE,28216,3369822303,09/26/2020,D,V0000453
108452_B,HM008546_B,LANGLEY,DEBORAH,MARIA,1981-02-04,1981,45,F,W,NL,REP,,VANCE,335 PARK AVE,HEND.,27537,5863501905,01/26/2017,A,V0002522
100228_B,MR000871_B,ROWE,MARIE,,1978-12-26,1978,48,F,U,NL,UNA,,DURHAM,9372 CHERRY ST,DURHAM,27704,,07/08/2014,I,V0008730
107962_B,TS009424_B,BEAVER,JACQUELINE,NICOLE,1980-06-02,1980,46,F,W,NL,UNA,NC,WAKE,18 SOUTH SA,RALEIGH,27610,,11/16/1998,A,V0008276
102216_B,LW007866_B,LITTLE,MICHAEL,,1932-11-15,1932,94,M,W,NL,DEM,,HERTFORD,8649 ANDERSON ST,AHOSKIE,27910,,10/12/2012,A,V0005761
105959_B,AX001519_B,SCHMIDT,JOSIE,,1971-08-03,1971,55,F,B,NL,REP,MT,MECKLENBURG,7937 ROBINHOOD RD,CHARLOTTE,28215,,11/03/2023,A,V0005702
106883_B,VC005608_B,ROBINSON,SAMANTHA,,1987-03-13,1987,39,U,B,NL,DEM,NC,ALAMANCE,9637 SADDLEBROOK DR,BURL.,27217,,12/17/2022,A,V0006967
108510_B,ZB001211_B,MITCHELL,BRIDGET,ASHLEY,2002-05-27,2002,24,F,W,UN,UNA,NC,EDGECOMBE,,TARBORO,27884,,02/26/2021,A,V0002543
101002_B,EM007194_B,GUTIERREZ,FRED,,1963-02-02,1963,63,M,W,NL,REP,NC,CABARRUS,1384 CEDAR DR,CONCORD,28027,,12/14/2016,A,V0003073
108312_B,LK006705_B,PRESNELL,CHASE,BRADLEY,1998-11-23,1998,28,M,W,NL,DEM,,MECKLENBURG,392 E BROAD ST,CHARLOTTE,28205,8284477144,07/23/2025,A,V0006349
105761_B,BN004934_B,MCDONALD,JENNA,,1997-02-17,1997,29,F,W,NL,DEM,NY,MECKLENBURG,70988 HIGHLAND DR,HUNTERSVILLE,28078,,06/18/2022,A,V0003343
108638_B,AT005846_B,MONROE,MARG,MARIA,1985-08-04,1985,41,F,B,NL,DEM,MI,JACKSON,1875 BROWN RD UNIT 18,SYLVA,,3362945759,03/12/2016,A,V0007706
108820_B,SR006163_B,LONG,LAURA,CHRHSTINE,1962-12-26,1962,64,U,W,NL,REP,NY,FORSYTH,59 NORTHWOOFS DR,WINSTON SALEM,27106,,05/14/1986,I,V0007174
102876_B,XY001203_B,THOMAS,WILLIAM,,1964-07-05,1964,62,M,W,NL,REP,NC,DAVIDSON,122 CENTRAL AVE,LEXINGTON,27295,,09/14/2021,R,V0005700
103318_B,YY008116_B,COLLINS,TABITHA,,1997-03-02,1997,29,F,W,NL,DEM,NC,CALDWELL,,LENOIR,28645,,04/03/2020,A,V0004876
102487_B,TN002183_B,JENKINS,JOHN,JONATHON,1959-02-27,1959,67,M,U,NL,UNA,GA,MECKLENBURG,3704 ANDERSON ST,CHARLOTTE,28215,,12/25/2014,A,V0003578
106410_B,JL001001_B,GILLESPIE,KEVIN,PERRY,1970-11-17,1970,56,M,W,NL,REP,,PERSON,76 HIGH ST,ROXB.,27574,,06/19/2022,R,V0005673
106344_B,WV000377_B,SMITH,SUSAN,TRACEY,1999-07-08,1999,27,F,U,NL,DEM,MS,JOHNSTON,2200 SOUTH ST APT 38,CLAYTON,27520,7044924583,05/22/2017,R,V0003545
101784_B,SD003608_B,SIMPSON,PATRICIA,COLLEEN,1953-08-04,1953,73,F,W,UN,REP,VA,MECKLENBURG,2007 SUNSET AVE UNIT 8,CHARLOTTE,28215,,04/25/2026,A,V0000623
107739_B,LK007416_B,GRAVES,ASHLEY,ALLEN,1948-08-04,1948,78,U,W,NL,DEM,NC,NEW HANOVER,3499 WILLIAMS ST,WILMINGTON,28401,9194931499,09/04/2012,I,V0008287
103114_B,GN007680_B,FARMER,DONALD,,1974-08-24,1974,52,M,O,NL,UNA,NY,NASH,764 GARRETT ROAD,MIDDLESEX,27557,,08/26/1992,A,V0007801
106908_B,PP007181_B,RODRIGUEZ,KATHLEEN,,1950-11-10,1950,76,F,W,NL,UNA,NC,BURKE,2793 LAKESHORE DR,MORGANTON,28655,3364701791,06/16/2013,A,V0003757
102730_B,SZ006720_B,EUBANKS,NICHOLAS,,1957-12-04,1957,69,M,W,NL,DEM,TX,ROWAN,39853 DOGWOOD LN,ROCKWELL,28138,9106315169,11/28/2012,R,V0004789
107843_B,PP006691_B,PREVETTE,MARY,CONSTANCE,1967-08-14,1967,59,F,W,HL,REP,MD,WAKE,1608 UNIVERSITY DR,RALEIGH,27603,9105184011,02/10/1988,A,V0007458
105665_B,CV001405_B,BRINKLEY,MARA,,1972-09-27,1972,54,F,B,UN,DEM,NC,WILSON,2985 W MONROE ST,ELM CITY,27822,,11/11/2021,A,V0001996
109974_B,PC005025_B,WHITE,MELISSA,SAUNDRA,1952-04-22,1952,74,F,W,NL,UNA,SC,GUILFORD,5413 ISLAND FORD ROAD,GREENSBORO,27415,,09/01/2015,A,V0006736
103019_B,CB003925_B,ALMOND,MORGAN,,1955-11-20,1955,71,F,W,UN,UNA,VA,WAYNE,3163 WALTON DR,GOLDSBORO,27534,,02/08/2026,A,V0002984
105795_B,WM000755_B,KEARNEY,JOANNE,PATRICIA,1941-12-14,1941,85,F,W,UN,UNA,,CRAVEN,88 RIVER RD,NEW BERN,,,11/21/2010,A,V0008147
109526_B,HY009196_B,WOOD,LDNDSEY,,1947-08-16,1947,79,F,W,UN,UNA,MI,NEW HANOVER,2011 LONG BRANCH RD,WILMINGTON,28405,9103173990,09/04/2022,I,V0005513
101445_B,PV004524_B,PRESSLEY,ANNA,,1951-11-03,1951,75,F,B,NL,DEM,NC,RICHMOND,409 OAK GPOVE CHURCH RD,HOFFMAN,28347,,11/23/2004,I,V0000550
107903_B,BF004178_B,BOWEN,MINNIE,,1981-01-26,1981,45,F,W,NL,REP,CA,FORSYTH,412 SECOND ST,KERNERSVILLE,27284,,03/07/1999,I,V0003992
101628_B,DC009584_B,ROBBINS,LINDSAY,JENNIFER,1951-08-26,1951,75,F,O,NL,DEM,NC,LINCOLN,924 PARKER RD,IRON STATION,28080,,12/01/2004,A,V0007244
